row_idx,participantId,ic_r1_logit,ic_r2_logit,ic_r3_logit,ic_concat_logit
0,B5EEA43994834610923448E638FDDCBD,5.274718761444092,5.525617599487305,5.780570030212402,4.539519309997559
1,AA175CE8F0784E7C93E27E10F6467F98,5.459953308105469,5.174160003662109,5.504249095916748,4.295795440673828
2,,5.701980113983154,5.535655498504639,5.818575859069824,5.6803059577941895
3,,5.719662189483643,5.845058917999268,5.745022773742676,5.761961936950684
4,0B88803070B24C55BACFF1F753044E2F,5.632856369018555,5.73666524887085,5.702554702758789,4.808418273925781
5,,5.6349287033081055,5.390807628631592,5.365030288696289,5.19061803817749
6,B894168E847E427A8C94523F7C3FD43B,4.921270847320557,5.244570255279541,5.138442516326904,4.759663105010986
7,286F7353F1AE4795AE41962A57CF2D98,5.51435661315918,5.812980175018311,4.771074295043945,4.949409008026123
8,,5.616870880126953,5.7955193519592285,5.65264892578125,5.059742450714111
9,,5.788572788238525,5.749829292297363,5.825053691864014,5.158947467803955
10,,5.700791358947754,5.476779937744141,5.677809238433838,4.474740505218506
11,,5.671219348907471,4.546833038330078,5.140292167663574,5.013370513916016
12,,5.659016609191895,5.76423978805542,5.527379035949707,5.322805881500244
13,,5.370469570159912,4.991279125213623,5.491738796234131,5.05101203918457
14,868FBA41BEAB45E39746C28BA1CCD974,5.774821758270264,5.28529691696167,5.435787677764893,5.176103115081787
15,,5.847304821014404,5.6905293464660645,5.288939476013184,5.3898749351501465
16,,5.748963832855225,5.948111534118652,5.894319534301758,5.4500885009765625
17,,5.941064834594727,5.78066349029541,5.487823486328125,4.97922945022583
18,FA5AE8A8FF3B4494B3E47C5CFBE56EE3,5.690106391906738,5.492977142333984,4.695520401000977,4.907229423522949
19,,5.681135654449463,5.814232349395752,4.925713062286377,5.297703742980957
20,,5.709940433502197,5.797593593597412,5.904548645019531,5.421822547912598
21,6E11F1F8B0494CC78EDD4CE23EBB73DA,5.872213363647461,5.9176459312438965,1.942119836807251,5.693135738372803
22,,5.69966983795166,5.212617874145508,5.614673614501953,4.811441421508789
23,96824F311E8C41308F5FFAFE389931D1,5.842286109924316,5.819659233093262,5.666828632354736,5.051880359649658
24,,5.528548240661621,5.521811008453369,5.321206092834473,5.1329193115234375
25,,5.115449905395508,4.741031646728516,4.900823593139648,4.643061637878418
26,,5.859035968780518,3.473850727081299,4.010177612304688,4.730865955352783
27,,5.327453136444092,5.678275108337402,1.9722803831100464,4.839666843414307
28,,5.735501766204834,5.54266881942749,5.80480432510376,5.393618583679199
29,,5.728549957275391,5.348295211791992,5.3139262199401855,5.139642238616943
30,,5.717599391937256,5.751620292663574,5.556411266326904,5.363224506378174
31,,5.39081335067749,5.7433295249938965,5.71755838394165,5.213315010070801
32,,5.158808708190918,4.625222682952881,4.36932897567749,4.492403030395508
33,64F6E2F3CD7A439380E288DA3E2F5E91,5.898932456970215,5.678805828094482,5.824526786804199,5.61860990524292
34,,5.327476978302002,4.682233333587647,3.791376829147339,4.390822410583496
35,,5.584108352661133,5.582663059234619,1.7649948596954346,4.768267631530762
36,,5.532952308654785,5.808992385864258,4.129356384277344,4.631618022918701
37,,5.269409656524658,5.69171142578125,5.689674377441406,5.187209606170654
38,,5.610018253326416,3.0552031993865967,1.8453149795532229,5.02245044708252
39,4EC885F838D2405E94596A6944A5C704,5.663267135620117,5.885621547698975,4.410019874572754,5.260289192199707
40,29A31BF2B9C34743BA1034C4780FE27B,5.4599456787109375,5.700535774230957,5.860201835632324,5.118281364440918
41,,5.493953227996826,5.678866386413574,5.791172027587891,4.999389171600342
42,,5.834068775177002,5.694814682006836,5.255629062652588,5.289241313934326
43,FC0A2CD7495F49A68934E3AF7939572F,5.549197673797607,5.514157295227051,5.1707682609558105,5.012596130371094
44,,5.651523113250732,4.934288501739502,5.262149333953857,5.221261501312256
45,98CEBB245CC64B34B95712FED358D4C0,5.549695014953613,5.827537536621094,4.964857578277588,4.913154602050781
46,,5.745153903961182,6.104995727539063,5.71371603012085,5.6043853759765625
47,,5.522008895874023,5.699157238006592,5.719495296478272,4.9080071449279785
48,,1.123117208480835,1.123117208480835,1.123117208480835,1.1993095874786377
49,,5.735692977905273,5.54235315322876,5.5908637046813965,5.186202049255371
50,DA8263D613664C1BA4E032C55A886351,5.838406562805176,3.9091155529022217,4.001509189605713,5.507808208465576
51,CA98DF2B2520492582DF61C632CEE275,5.744908332824707,5.895066738128662,2.599616527557373,5.72910213470459
52,BE2747F319524D8EBA46EBA1941F9DF3,5.531551361083984,5.83676815032959,4.002864360809326,5.363536834716797
53,,5.8162713050842285,5.553497791290283,4.060817241668701,5.262288570404053
54,,5.830657005310059,5.768792629241943,4.833458423614502,5.277660846710205
55,,5.339014053344727,3.235737562179565,5.503508567810059,4.625855445861816
56,,5.701627731323242,5.634407997131348,1.3578064441680908,5.369437217712402
57,,5.884666919708252,5.808329582214356,5.863134860992432,5.536595344543457
58,,5.776069164276123,5.758054256439209,5.651556491851807,5.150635242462158
59,,5.821615219116211,5.881715774536133,5.946187496185303,5.420794486999512
60,5A606E625C384C9AB48B2DE67C6DEED5,5.690196990966797,4.949375152587891,5.766321182250977,5.312932014465332
61,,5.648751258850098,5.839972019195557,5.816365718841553,5.409213542938232
62,,1.123117208480835,1.123117208480835,1.123117208480835,1.1993095874786377
63,0C8DAAF0BDE74D6482EC557F33586F18,5.857794761657715,5.835677146911621,5.216116905212402,5.162656784057617
64,55AD4C5714D94B54863A6AB83BA23894,5.680666923522949,5.623734474182129,5.4566144943237305,4.93174934387207
65,,5.85760498046875,2.804837703704834,1.8033924102783203,5.597114562988281
66,A5DD87C51D044489A83F3E76946D583E,5.633469581604004,5.950347423553467,5.863989353179932,5.1829986572265625
67,,5.308481693267822,5.426451683044434,5.7494096755981445,4.695714950561523
68,,5.764229774475098,5.942946910858154,5.7315354347229,5.062251567840576
69,,5.759875774383545,5.46346378326416,5.693135738372803,5.661844730377197
70,,5.781527042388916,5.764849662780762,4.1497883796691895,5.479703426361084
71,B98C5880B2F24E41839CAABAD7DDA18E,5.677828311920166,5.758737087249756,5.561202526092529,5.545615196228027
72,,5.742965221405029,5.165035247802734,5.881285190582275,5.436073780059815
73,,5.64545488357544,4.991552829742432,5.789945602416992,4.371811866760254
74,,5.314519882202148,3.106942176818848,3.245466709136963,4.683620929718018
75,,5.563109874725342,5.763976573944092,5.8774518966674805,5.023877143859863
76,,1.123117208480835,1.123117208480835,1.123117208480835,1.1993095874786377
77,,5.678147792816162,5.523810863494873,5.801854133605957,4.99430513381958
78,,5.628408432006836,5.596190452575684,5.709147930145264,5.093526840209961
79,E70C8ED79B9A4F7D878728C2D2B927F1,5.669205665588379,5.546834945678711,5.46619176864624,4.88051700592041
80,,5.716550350189209,5.699545383453369,5.688506603240967,4.930067539215088
81,,5.736494541168213,5.782273769378662,5.770227909088135,5.2046217918396
82,,5.67968225479126,3.670812129974365,1.761987328529358,5.062134742736816
83,,5.756256103515625,2.84790587425232,3.117433547973633,4.992324352264404
84,,5.157229900360107,5.82240104675293,5.436583518981934,5.292544364929199
85,,5.42837381362915,5.582049369812012,5.6478681564331055,5.117297172546387
86,AF3ADF2DA568403FA08AC9F65ECE5AD3,5.600979804992676,5.700865268707275,5.803585529327393,5.125760078430176
87,,1.123117208480835,1.123117208480835,1.123117208480835,1.1993095874786377
88,FF2C447A83B0498EAAEA8C001D2A1086,5.567589282989502,5.573516845703125,5.695791721343994,5.041512489318848
89,69EF627706AB4EDD8A60298BB67C21DD,5.742959499359131,5.705292701721191,4.342980861663818,5.470813751220703
90,71DE16EDC599481F8D8E6B3505295D13,5.651692867279053,5.797479629516602,5.545190811157227,5.086586952209473
91,53E6FFB88A9D490DA1D270360AE0D622,5.835376262664795,5.87673807144165,4.6996588706970215,5.5284037590026855
92,,5.398670673370361,5.284316539764404,4.957392692565918,4.21618127822876
93,2270DFB8BCD94043BFF87245AAE79F3D,5.438715934753418,5.753814220428467,5.783746719360352,4.960927963256836
94,,5.79137659072876,5.922291278839111,5.5953545570373535,5.374204635620117
95,,5.439958572387695,5.549326419830322,5.646456241607666,4.95856523513794
96,,5.885898590087891,5.679535865783691,5.843038082122803,5.35312557220459
97,,5.446297645568848,5.507471561431885,5.567362308502197,4.976644992828369
98,,5.659049034118652,5.78960657119751,5.126549243927002,5.0139336585998535
99,,5.917829036712647,5.847689151763916,5.780970573425293,5.690838813781738
100,4C4C4D76144D46538803AC9A0F3E382B,5.617445945739746,4.6336822509765625,5.129099845886231,4.84965705871582
101,6E33511650414D8D89EB66E55518885F,5.888216972351074,3.3590564727783203,5.514986991882324,4.923718452453613
102,,5.838902950286865,5.601158142089844,5.764183044433594,5.418562889099121
103,,5.719884395599365,4.969099521636963,4.226249694824219,4.995848655700684
104,D458E31B550C4D3CAE8C537D4BF86527,5.76219367980957,5.809974193572998,1.5539029836654663,5.220649719238281
105,DC6FB5B2469C435F99E7F2A624863D4B,5.699039936065674,1.358059644699097,5.470471858978272,4.825211524963379
106,,1.123117208480835,1.123117208480835,1.123117208480835,1.1993095874786377
107,,5.616020679473877,4.652571201324463,5.292305946350098,4.628108978271484
108,534B5AB2A3B94C5D9C1BF817BB7E602B,5.485765933990479,5.755972862243652,5.419336795806885,5.0855631828308105
109,,5.567965030670166,5.705539226531982,4.949297428131104,5.37277364730835
110,,5.351141929626465,5.818343639373779,4.82970142364502,5.203185558319092
111,,5.04072904586792,5.811895370483398,5.689846038818359,5.190933227539063
112,,5.287062644958496,5.53057336807251,5.741568088531494,4.58998966217041
113,,5.359191417694092,5.456862926483154,4.422045707702637,4.794844150543213
114,,5.63372278213501,4.920033931732178,4.52495813369751,5.064565181732178
115,,5.847660064697266,5.772127151489258,5.64801025390625,5.381222248077393
116,,5.735839366912842,5.491855621337891,5.566889762878418,5.223599433898926
117,,5.84050178527832,5.847268104553223,5.170924186706543,5.420912265777588
118,,5.718100547790527,5.87553596496582,4.616756916046143,5.1521735191345215
119,,5.407486915588379,5.235378265380859,5.197644233703613,4.671066284179688
120,,5.428202152252197,5.869882583618164,5.434780597686768,4.947846412658691
121,3A16B33FCC354D1EB138BAB806DF944A,5.476030826568604,5.7982378005981445,5.736740112304688,4.883894443511963
122,,5.327489852905273,5.126097679138184,2.599731922149658,5.152165412902832
123,,5.575632095336914,5.681418895721436,4.5662760734558105,5.292469501495361
124,,5.691124439239502,5.900105953216553,5.936383724212647,5.410782814025879
125,4A30F0CF881740AF919E69A84A1510C6,5.582342624664307,5.924639225006104,5.311304092407227,5.414495944976807
126,,5.755594730377197,4.091121196746826,5.490780353546143,5.242363452911377
127,92BED895C8B04F5097FDA0CB3473532C,5.2024407386779785,2.605004072189331,5.724642276763916,4.931566715240479
128,,5.36116886138916,5.789666652679443,3.894034385681152,5.10429048538208
129,,5.593311786651611,5.699573040008545,5.874875545501709,5.018351078033447
130,54E698132D0F45B992E0BBAABE0228BE,5.521610260009766,5.733651161193848,5.647289752960205,5.379885196685791
131,,5.635437965393066,5.789472579956055,5.699795246124268,5.537604808807373
132,,5.615535259246826,4.449807643890381,5.184697151184082,4.750218868255615
133,,1.123117208480835,1.123117208480835,1.123117208480835,1.1993095874786377
134,,5.393261909484863,5.84348201751709,5.664236545562744,5.237735271453857
135,,5.635242938995361,5.80051851272583,5.952881813049316,4.973039627075195
136,7890C21B9F2E4EC092E4CDD3E19DBA78,5.630082607269287,5.860132217407227,3.83164644241333,5.343642234802246
137,,5.616455078125,5.044212341308594,5.822275638580322,4.725626468658447
138,7D2AA6C9DCAB4434A73654D7866D56DA,5.598823070526123,3.4192898273468018,4.054576396942139,4.871201515197754
139,,5.319698810577393,5.525697708129883,1.932050347328186,4.99480676651001
140,,5.641516208648682,5.650684356689453,4.976408004760742,4.932332515716553
141,,5.631078720092773,5.287043571472168,5.780595302581787,4.864461898803711
142,,5.795248508453369,5.01226806640625,5.472864627838135,5.3512043952941895
143,,5.756667613983154,5.801679611206055,6.005213737487793,5.055992603302002
144,,5.466339588165283,5.824868202209473,5.717610836029053,5.356437206268311
145,F251F7AE9AAD4E479822EC46264A15E7,5.646279811859131,5.61427116394043,5.599026203155518,5.298252105712891
146,,5.717293739318848,4.759614944458008,5.6767401695251465,5.239876747131348
147,,5.733603477478027,5.48558235168457,3.0646893978118896,5.339482307434082
148,918C01F6D24B4251AC12A585D5D8A19C,5.4889960289001465,5.661287784576416,5.678823471069336,4.88606595993042
149,8E2474F56D8F426F800DAEB5F192BD1E,5.502296447753906,5.887131690979004,5.767253875732422,5.198909282684326
150,0ED83422D6474D4FB61C995A7C79559B,5.661513805389404,5.761191368103027,4.20227575302124,5.332961082458496
151,,5.660059452056885,5.808334827423096,5.703925132751465,4.74702787399292
152,,5.347551345825195,5.680632591247559,5.602309226989746,5.3834381103515625
153,,5.699965476989746,5.777229309082031,5.475048065185547,5.444710731506348
154,,5.8730058670043945,5.809037685394287,5.35408353805542,5.610931396484375
155,,5.703688144683838,5.754819393157959,5.882762908935547,5.407960414886475
156,,5.770687103271484,5.867784023284912,4.278639316558838,5.67056131362915
157,10DE7B83D33E4443B107AF1F33F735E3,5.7044291496276855,5.737444877624512,1.9435737133026123,4.998929023742676
158,,5.701205253601074,5.75023365020752,2.899587869644165,5.044373512268066
159,,5.588562965393066,5.797625541687012,5.2322306632995605,4.995017528533936
160,,5.813110828399658,5.857926845550537,5.688936233520508,5.408594131469727
161,,5.750851154327393,5.58185338973999,3.8610782623291016,5.152111530303955
162,,5.548664093017578,5.736923694610596,5.927823066711426,4.96199893951416
163,,5.562264442443848,5.651297092437744,5.201736927032471,5.220067977905273
164,,5.806924819946289,4.258052825927734,4.990994930267334,5.203789234161377
165,,5.680729389190674,5.512885093688965,5.719921112060547,5.265306949615479
166,,5.792132377624512,4.806207656860352,5.635257720947266,4.978723049163818
167,30767FCAC4F7400AA58A0BB13DD59708,5.562763690948486,5.680315971374512,4.930995464324951,5.246057987213135
168,,5.659018039703369,5.875199794769287,3.398734331130981,5.50789737701416
169,,5.478891372680664,5.705363750457764,5.82084321975708,5.256796836853027
170,,5.692062377929688,5.874626636505127,5.748359680175781,5.323598861694336
171,,5.7005934715271,5.676285743713379,5.376776218414307,4.947177410125732
172,,5.596169471740723,5.563515186309815,5.736920356750488,5.004849910736084
173,,5.717471122741699,5.651690006256104,5.402863502502441,4.9033684730529785
174,,5.716940879821777,5.903392314910889,5.807656288146973,5.621506214141846
175,,5.723813056945801,5.784596920013428,5.244757652282715,5.490858554840088
176,,5.614829063415527,5.566643714904785,5.7955241203308105,5.245357513427734
177,,5.454168796539307,5.549549579620361,5.504091262817383,5.031270503997803
178,,5.640819072723389,5.870642185211182,3.1815264225006104,5.447261333465576
179,,5.7920427322387695,5.883546352386475,5.718961238861084,5.507551670074463
180,,5.557827472686768,5.319737911224365,5.722002506256104,5.18787145614624
181,,5.6906938552856445,5.583023548126221,5.632658004760742,4.903472900390625
182,,5.548741340637207,4.947334289550781,5.640676975250244,4.580223560333252
183,,5.200570583343506,3.3278253078460693,1.5988925695419312,4.129557132720947
184,,5.696861743927002,4.469296932220459,4.888294219970703,5.042054176330566
185,,5.494696617126465,5.776173114776611,5.79496431350708,5.086383819580078
186,BB5CA56ED90246A8B95B68F16B61934F,5.888068675994873,5.638772010803223,5.616358280181885,5.459764003753662
187,,5.647905826568604,5.754326820373535,5.7480878829956055,5.349483013153076
188,73ED6B66D52647F680D4AE090CABE3C3,5.647706985473633,5.775923252105713,5.877449035644531,5.327988624572754
189,,5.628151893615723,5.724265098571777,5.699834823608398,4.941030979156494
190,,5.1862897872924805,5.941390037536621,5.927665710449219,5.4800543785095215
191,6C9688FB50C64547B0B7FDA17D76C4DB,5.403314590454102,5.689104080200195,3.498044490814209,5.332574367523193
192,B0AB5FCE66DD464DADDF35067B4C1744,5.3138427734375,5.827171325683594,3.5415828227996826,4.691944599151611
193,1FA849B64DB44D6AB82823C005B0AA50,5.699951171875,5.844206809997559,5.764961242675781,5.148130893707275
194,DEEEF33BE66540B386ECE6C0438719EC,5.703977108001709,5.528477668762207,1.4648133516311646,5.633675575256348
195,,5.663782119750977,4.641547203063965,5.597099304199219,5.084849834442139
196,,5.677657604217529,5.63191556930542,5.3722357749938965,5.236763954162598
197,,5.578805923461914,3.5231173038482666,3.2515714168548584,4.90106201171875
198,,5.680099964141846,3.1438729763031006,1.670995593070984,5.179464340209961
199,,5.742965221405029,5.48298454284668,5.8358473777771,5.554558277130127
200,,5.508423805236816,5.3417510986328125,5.076298236846924,5.186113834381104
201,,5.536198616027832,5.780439376831055,5.780366897583008,4.972131252288818
202,,5.809409141540527,4.9576616287231445,5.498965740203857,5.593459606170654
203,,5.324900150299072,5.539420127868652,5.502182483673096,5.005217552185059
204,BC83CAE885124BE085D4ABD92EC5A57E,5.779629707336426,5.706887722015381,5.800870418548584,5.549863815307617
205,,5.700564384460449,5.649105548858643,3.6493194103240967,4.989047527313232
206,,5.69119119644165,5.64769983291626,5.828190803527832,5.360423564910889
207,,5.800238609313965,5.632840633392334,4.684613227844238,5.204247951507568
208,,5.795947074890137,5.730525493621826,4.443207740783691,5.23594856262207
209,,5.693856716156006,5.395565509796143,5.506415843963623,4.610002040863037
210,,5.812709808349609,5.845159530639648,5.891633987426758,5.547371864318848
211,,5.547734260559082,5.735774040222168,5.769236087799072,5.051029205322266
212,,5.398693561553955,5.853135108947754,5.861766815185547,4.787405967712402
213,,5.724695205688477,5.593166351318359,5.293620586395264,5.031822681427002
214,,5.853137016296387,5.697611808776856,5.859062671661377,5.2595696449279785
215,4C3D31F7D4E84BDBB9BC4B1657CE24ED,5.676996231079102,4.873538017272949,5.735916614532471,5.216704368591309
216,,5.895020484924316,5.756251811981201,5.612493991851807,5.393566608428955
217,,5.546353340148926,5.718281269073486,5.767894268035889,4.864330768585205
218,,5.185941696166992,2.028400182723999,2.305260181427002,4.512111663818359
219,,5.794613361358643,5.940333843231201,3.275351047515869,5.30236291885376
220,,5.74354362487793,5.731054782867432,5.842588901519775,5.003571510314941
221,,5.716925621032715,5.428073406219482,2.1909525394439697,4.912132740020752
222,,5.694569110870361,5.805505275726318,5.679834842681885,5.225035190582275
223,42E11D90D1474FD69C5FC6536F3C23C7,5.857945919036865,5.284238338470459,5.704850196838379,5.2220330238342285
224,,5.744700908660889,5.667026042938232,5.022297382354736,5.180440902709961
225,,5.745285987854004,5.819271087646484,5.650886058807373,5.476190567016602
226,,5.752583026885986,5.878813743591309,5.811935424804688,5.285358428955078
227,,5.708989143371582,5.769636154174805,5.832848072052002,5.350241184234619
228,,5.356621742248535,2.1300055980682373,3.8873462677001953,4.68666934967041
229,,5.740724563598633,5.596911430358887,5.76119327545166,5.188565731048584
230,,5.6345415115356445,5.804200649261475,5.792177200317383,4.864553928375244
231,,5.709423542022705,5.709933757781982,5.917493343353272,5.139508247375488
232,,5.630284786224365,5.084405422210693,5.378659725189209,4.621119022369385
233,,5.694063663482666,5.717113971710205,5.689827919006348,5.348447799682617
234,,5.724937438964844,5.032397747039795,5.634912014007568,4.9379096031188965
235,,5.67156457901001,5.565112113952637,5.629589557647705,4.887545108795166
236,3EEEDDC21A094D1D8909C04A8C409F40,5.736644268035889,5.4807868003845215,4.418239593505859,5.174568176269531
237,2BF41C8CCF654B6EBFB591A75F389F0E,5.616898059844971,5.809094429016113,5.5013813972473145,5.224344730377197
238,,5.826316833496094,5.888157844543457,5.8771138191223145,5.634037494659424
239,,5.403590679168701,5.682032585144043,5.694180011749268,4.941091060638428
240,,5.769205093383789,5.798251628875732,5.300021171569824,4.912946701049805
241,,5.487886428833008,5.718096733093262,5.722578048706055,5.169802188873291
242,,5.461461067199707,5.848092555999756,5.667632102966309,5.373777866363525
243,,5.763044357299805,5.272374153137207,3.3946828842163086,4.856215953826904
244,,5.428642749786377,5.528954029083252,5.736186027526856,4.326491355895996
245,81F5E0F9AFFD459E822FB7EBA7FF02BA,5.763214588165283,5.855161190032959,5.592857837677002,5.502086639404297
246,,5.88368034362793,5.8675537109375,5.881191253662109,5.003164291381836
247,EEC1980B00784170AA6D86B1CA8A0D46,5.699915885925293,5.501281261444092,4.574958801269531,5.045984745025635
248,D3834907264F4C91B44D67DC2DB165CF,5.614494323730469,5.779563903808594,3.7752370834350586,5.053688049316406
249,,5.473150253295898,4.202462673187256,5.619114875793457,4.022706031799316
250,,5.716318130493164,5.358707904815674,2.038300037384033,4.814393520355225
251,CCA30462FB85404B8B407791D9E84062,5.7454447746276855,3.8111205101013184,1.7279796600341797,5.158107280731201
252,,5.659029483795166,5.115231990814209,5.4178900718688965,5.084593296051025
253,,5.554468631744385,5.840946197509766,5.898083209991455,5.124644756317139
254,18EBEB4C60934800974837D95731BA1F,5.750179767608643,4.377249240875244,1.374995231628418,5.704980373382568
255,9F739CC6515B4361809595367FBBF73D,5.67903470993042,5.833536148071289,5.268092155456543,5.492292404174805
256,,5.765372276306152,5.914062976837158,5.200287342071533,5.486576080322266
257,,5.733151435852051,5.7082109451293945,5.775561809539795,5.677667140960693
258,CD512E048CD94004891D26B69E2F6668,5.7181830406188965,5.933356761932373,5.556060314178467,5.221850395202637
259,,5.616097450256348,5.8015456199646,2.9247426986694336,5.352921009063721
260,,5.5827226638793945,5.551921367645264,5.485669136047363,5.235928535461426
261,2E5D21D7783C4AF0966C6576042B4692,5.760605812072754,5.699655532836914,5.84480619430542,5.417498588562012
262,,5.547553539276123,5.671322822570801,5.5781989097595215,5.234489917755127
263,,5.8482666015625,5.842702388763428,5.749653339385986,5.506026268005371
264,2BC90C9DF3DD418AB717355BC9C8E792,5.062250137329102,5.64888334274292,5.509744167327881,4.463057994842529
265,E5E9AA5C1D2D45BA9FA1099F5C38162D,5.57528829574585,4.74335527420044,2.8121588230133057,4.566226959228516
266,,5.629956245422363,5.864447116851807,4.97271203994751,4.987531661987305
267,,5.709011554718018,3.225015163421631,2.766467809677124,4.953455448150635
268,6F5EF30ABB79457B904A327D5B67F478,5.848842144012451,5.650778770446777,5.629457473754883,4.981217384338379
269,,5.32473087310791,5.750242233276367,4.772400379180908,4.806565761566162
270,,5.822309494018555,5.393167495727539,5.395782947540283,5.281076908111572
271,,5.7277421951293945,5.634129047393799,5.458095550537109,5.190440654754639
272,,5.419261932373047,5.0919294357299805,5.055278301239014,4.858126163482666
273,C87FD362ACCB492D98E012D1C31B7F73,5.597280025482178,5.781574249267578,5.9014739990234375,4.994225025177002
274,32DEA1F517454177B39C5C885826D967,5.597818851470947,5.7995805740356445,5.666077613830566,5.3814215660095215
275,,5.609717845916748,5.544888019561768,5.772786617279053,5.507647514343262
276,,5.794313430786133,5.738883018493652,5.808172702789307,5.239228248596191
277,,5.609546184539795,5.724265575408936,5.510721206665039,5.186961650848389
278,,5.749517917633057,5.784900188446045,5.9305267333984375,5.09007740020752
279,0F8F309B96464B85B860E8D4F8F32BF8,5.563553333282471,5.45591926574707,4.900112152099609,5.053926944732666
280,,5.862104892730713,5.838258266448975,5.426749229431152,5.556028842926025
281,,5.829578876495361,5.920828342437744,5.925122261047363,5.712741851806641
282,,5.813355922698975,5.95967435836792,5.963950157165527,5.42842435836792
283,,5.841490745544434,5.7010111808776855,3.203684091567993,5.567068099975586
284,,5.583780288696289,5.474804878234863,5.023239135742188,5.287510871887207
285,05A817D5DA014DC4AA233348D99967EA,5.779973983764648,5.863574028015137,5.671194553375244,5.163559913635254
286,2A106A4184A241D79ABFAE1E113AD4FA,5.600633144378662,5.763293743133545,5.710363864898682,4.752821445465088
287,,5.833574771881104,5.693718910217285,4.634531497955322,5.487006187438965
288,,5.89574670791626,5.750537395477295,5.538299560546875,5.603358745574951
289,,5.72665548324585,5.398821830749512,5.881454944610596,5.540177345275879
290,,5.736085891723633,5.897208690643311,5.816648960113525,5.278016567230225
291,,5.798604488372803,5.893227577209473,5.644258499145508,5.382711887359619
292,,5.649215221405029,4.326948642730713,4.934577465057373,4.790870666503906
293,4AB0A44753C54C48B0C3F735CD088259,4.93557596206665,5.55292558670044,5.357244491577148,4.730106830596924
294,,5.704020023345947,5.820578098297119,5.877239227294922,5.616147518157959
295,,5.111082553863525,5.495284080505371,4.60628604888916,4.742969989776611
296,,5.433943748474121,5.878015518188477,5.882160663604736,5.062376976013184
297,673A14EAE89F49948353E7F92E4BDDB2,5.562604427337647,5.905213832855225,5.536893367767334,4.815763473510742
298,,5.651490688323975,5.835011959075928,5.882663726806641,5.464208602905273
299,,1.123117208480835,1.123117208480835,1.123117208480835,1.1993095874786377
300,,5.597573280334473,5.620332717895508,4.767350673675537,5.0523457527160645
301,,5.760433197021484,5.277679920196533,1.8066054582595823,5.462839603424072
302,,5.699606418609619,5.724822998046875,5.609275817871094,5.023797035217285
303,,5.680739402770996,5.890181064605713,5.780359745025635,5.645307540893555
304,,5.822843074798584,5.841674327850342,5.128300666809082,5.357375144958496
305,,5.703887462615967,5.648730278015137,5.903112411499023,4.925299167633057
306,,5.833998203277588,5.440045833587647,1.1814260482788086,5.26462459564209
307,,5.660463333129883,5.672163486480713,5.875215530395508,5.163719177246094
308,CEC894EA06E441F6ABC3DD5A80D6FC4B,5.74481725692749,5.811557769775391,5.897706508636475,5.369160175323486
309,,1.123117208480835,1.123117208480835,1.123117208480835,1.1993095874786377
310,,1.123117208480835,1.123117208480835,1.123117208480835,1.1993095874786377
311,98D94B38C6634E36BFF9FD4BCD40BB0B,5.825173854827881,5.132787227630615,5.663736820220947,5.214451789855957
312,,5.540560722351074,5.436945915222168,5.728488922119141,4.942605972290039
313,,5.725244045257568,5.806124210357666,5.524094104766846,5.170736789703369
314,B424F30D3DF94AC6A8318D6C7019D283,5.457005023956299,5.078631401062012,5.539015293121338,4.847604274749756
315,8E1435916D7244DF8553E028E58C1F9B,5.571372032165527,5.476252555847168,5.470710277557373,5.308670997619629
316,,5.570464134216309,3.5763676166534424,2.394447565078736,4.495989799499512
317,B32D065D50FB4A41BEFB66CEFB5EF832,5.615766525268555,5.911443710327148,3.8667616844177246,5.575984954833984
318,,5.629497051239014,5.740307331085205,4.816149711608887,5.336091041564941
319,,5.359121799468994,5.58632755279541,5.577152252197266,4.26918363571167
320,,5.317347526550293,5.724881649017334,5.487278938293457,4.999723434448242
321,4FFEF32FA4B54BC992D33735D42C148B,5.566412925720215,5.6908063888549805,5.855762958526611,5.272270202636719
322,,5.898688316345215,5.5024895668029785,5.45761251449585,5.182368278503418
323,,5.804006576538086,5.748830318450928,4.194723129272461,5.677737712860107
324,,5.469631195068359,5.504317283630371,1.778201460838318,4.449278831481934
325,,1.123117208480835,1.123117208480835,1.123117208480835,1.1993095874786377
326,,5.478623867034912,5.666761875152588,5.545388221740723,5.293702125549316
327,8ABA35BE4FF24A6DAE895F3CDFE22BDA,5.841360569000244,5.724495887756348,5.680119037628174,5.745873928070068
328,,5.601287364959717,3.134739875793457,5.229696750640869,5.20033073425293
329,,5.749407768249512,5.710462093353272,5.549784660339356,5.418733596801758
330,,5.748945236206055,5.609109878540039,5.597434043884277,4.789345264434815
331,3E989D35F5554D25BB0DC7E166E453BA,5.741239547729492,5.347395896911621,5.835888385772705,4.768350601196289
332,,5.668874740600586,5.841670036315918,5.885335922241211,5.253844738006592
333,,5.5075273513793945,5.660880565643311,5.915347576141357,4.949547290802002
334,,5.6133527755737305,5.6598310470581055,5.9105377197265625,4.977532863616943
335,,5.122178554534912,4.356363773345947,5.859494209289551,4.410635471343994
336,B42FB369B5104E7EAB4BB0866A6F8EBE,5.32453203201294,5.644705295562744,5.61205005645752,5.018800735473633
337,,5.17655611038208,5.565882682800293,2.032646894454956,5.154372692108154
338,,5.744080543518066,5.937511444091797,5.944962024688721,5.27648401260376
339,C15FD043802C4D9DA0F26508D89A60F1,5.534769535064697,5.614733695983887,5.704819679260254,5.187161445617676
340,,5.565828800201416,5.660884857177734,4.844884395599365,5.445656776428223
341,,5.671717643737793,4.706747055053711,4.935287952423096,4.702933311462402
342,,1.123117208480835,1.123117208480835,1.123117208480835,1.1993095874786377
343,,5.647581577301025,5.733229160308838,5.728042125701904,5.11719274520874
344,,5.844264030456543,5.848089694976807,5.724222660064697,5.556746006011963
345,,1.123117208480835,1.123117208480835,1.123117208480835,1.1993095874786377
346,,5.850127220153809,5.497920513153076,5.791494846343994,5.107231616973877
347,,5.791598320007324,5.6321563720703125,5.788496494293213,5.316310882568359
348,40EFF561537C4854A700C7E6ADA79422,5.563122272491455,4.327141284942627,2.5181210041046143,5.188472747802734
349,,5.562707424163818,5.7305426597595215,5.754189014434815,4.891871929168701
350,,5.648581504821777,5.727941989898682,5.883381843566895,5.418817043304443
351,,5.944204807281494,5.793396949768066,5.489165306091309,5.294271469116211
352,,5.584171295166016,5.822150230407715,5.862186431884766,4.945348739624023
353,,5.504329204559326,5.837484359741211,5.838961601257324,5.078786849975586
354,,5.4929633140563965,5.634481906890869,3.91823935508728,4.921537399291992
355,,5.66010332107544,5.793776512145996,5.689968585968018,5.256566047668457
356,,5.74444580078125,5.730975151062012,5.842289924621582,4.968187808990479
357,,5.724273204803467,5.652228355407715,2.6600146293640137,5.003468036651611
358,,1.123117208480835,1.123117208480835,1.123117208480835,1.1993095874786377
359,,4.96992826461792,5.410396575927734,5.329246044158936,4.560433387756348
360,,5.500117301940918,5.865955352783203,5.795065879821777,5.088334560394287
361,312642AC1BAC48A98BCA5FF4078B3859,5.5356855392456055,4.679401874542236,2.728167772293091,4.801487445831299
362,,5.499876499176025,5.4131855964660645,5.280319690704346,5.129770755767822
363,B7F7832409EE4FE1B88415AF2DB17D9E,5.56702184677124,5.717951774597168,4.50468635559082,5.192650318145752
364,,5.798498153686523,5.513798236846924,5.660586833953857,4.9797186851501465
365,,5.616628646850586,5.563398838043213,5.7731804847717285,5.414770603179932
366,,5.736149311065674,4.420283794403076,1.2697932720184326,4.410814762115479
367,,5.3076910972595215,3.201976776123047,2.4195127487182617,4.982158184051514
368,EF4E4EB37BC44094B55916C73E0085E2,5.568071842193604,5.716077327728272,5.663919448852539,4.67774772644043
369,FB184C52573B459A9A0EF62EBB06A22B,5.048499584197998,5.510469436645508,5.796647548675537,5.261965274810791
370,,5.648190021514893,5.485142707824707,3.909571409225464,4.928752422332764
371,87119B5094154CF091E8ADA1911D02A5,5.4395670890808105,4.713052749633789,4.393273830413818,4.389612197875977
372,E00FE3F926504F12A763173EBB54E91D,5.459829330444336,4.602023601531982,3.254645347595215,5.096719264984131
373,,1.123117208480835,1.123117208480835,1.123117208480835,1.1993095874786377
374,,5.7371110916137695,5.95854377746582,5.756370067596436,5.385177612304688
375,,5.562503814697266,5.778202533721924,5.735747814178467,5.395780086517334
376,,5.575165748596191,5.709732055664063,5.701014995574951,4.84345006942749
377,,5.354092597961426,1.1784648895263672,1.4124311208724976,4.541706085205078
378,,5.886673927307129,5.1284260749816895,4.567279815673828,5.399275302886963
379,,5.694800853729248,5.685270309448242,5.7381911277771,5.575162887573242
380,,5.640773773193359,5.636312007904053,5.174361228942871,4.685788631439209
381,,5.6274943351745605,4.93021821975708,5.404753684997559,4.701198577880859
382,,5.596674919128418,3.757871866226196,5.945551872253418,4.809453964233398
383,DB80F7959180417D89138C7D6501D9EB,5.683943748474121,5.891791343688965,5.6288743019104,5.481226444244385
384,,5.609543323516846,5.35288667678833,5.396119117736816,4.860081195831299
385,30D25D3294DD4335BA4792828C71B7C7,5.6494221687316895,5.83548641204834,5.367621421813965,4.800607681274414
386,,5.691142082214356,5.812906742095947,5.359757423400879,5.307171821594238
387,,5.352777004241943,5.821407794952393,5.186448574066162,5.33117151260376
388,,5.757343292236328,5.852442264556885,5.83683967590332,5.187201023101807
389,,5.761358737945557,3.6071019172668457,3.048086166381836,5.121878147125244
390,,5.845019340515137,3.928938150405884,5.157207489013672,5.253503799438477
391,,5.664698123931885,5.819188594818115,2.2109060287475586,5.421657562255859
392,,5.771995544433594,5.883498191833496,5.838669300079346,4.954040050506592
393,918F9C7994294FE7AAEB36C61FD3F716,5.648877143859863,5.8006696701049805,5.633437156677246,5.320990085601807
394,,5.756343841552734,5.561051845550537,5.7974534034729,5.024787902832031
395,,5.661032199859619,5.760620594024658,6.004292011260986,5.3841233253479
396,,5.138030052185059,5.582511425018311,5.792969703674316,5.009112358093262
397,C5D221F3F24D4FC69E19B762A31A72F7,5.513452529907227,5.800177574157715,5.867633819580078,5.529935836791992
398,,5.617093563079834,5.727479934692383,5.547712326049805,5.348517417907715
399,0CA6D66EEB91468B8A04190507F75569,5.396240234375,5.86540412902832,5.908512592315674,4.577046871185303
400,,5.504200458526611,5.263064384460449,4.379021644592285,4.803484916687012
401,,4.958444118499756,5.274935722351074,3.789572238922119,4.591641902923584
402,1BB3488924EC4783A23C5E23FA6F1CFF,5.783018112182617,5.758213043212891,5.645258903503418,5.252286434173584
403,,5.309994220733643,5.630646228790283,5.680346012115479,4.791852474212647
404,,5.792988300323486,5.69761323928833,5.743791580200195,5.273070335388184
405,,5.628550052642822,5.700033664703369,5.666625499725342,4.64673376083374
406,1A7A973EBA6B46E3BB0840196EFFCB85,5.581985950469971,5.564907073974609,5.93013334274292,4.690349578857422
407,,5.783734321594238,2.9796454906463623,1.2436407804489136,5.360960960388184
408,C90FD096652D4575A305D36FB8784DC2,5.647031307220459,5.919010639190674,5.889898777008057,5.174258232116699
409,0F54E65898B74092AE787C7ACE5BCE16,5.797096252441406,5.882261753082275,5.761780738830566,5.051536560058594
410,,5.46484375,4.015298843383789,2.6704370975494385,4.879153251647949
411,176B40DB9C0E4C7A9EC1E3EC0095D980,5.768655300140381,2.7423057556152344,3.659146785736084,4.759682655334473
412,B79F050C4982475DAA8E0C3795F852CE,5.8661956787109375,5.860185623168945,5.22296142578125,5.486409187316895
413,,5.799863815307617,5.663732051849365,5.785527229309082,5.506462574005127
414,,5.204467296600342,4.615856647491455,1.5141793489456177,4.640812873840332
415,,5.680927753448486,5.917077541351318,5.231875419616699,5.450978755950928
416,0B47AA52A87546219713EBE2AD7E32B6,5.581966400146484,5.86163330078125,5.724588871002197,5.256729602813721
417,,5.824417591094971,2.917768716812134,5.066841125488281,5.057468891143799
418,,5.616027355194092,5.459353923797607,2.3277270793914795,5.398931980133057
419,8321302CECA448C6A436AC96834C0528,5.727054119110107,5.860757827758789,5.242920398712158,5.206591606140137
420,,5.761072635650635,5.583740711212158,5.609958171844482,4.927689075469971
421,,5.47590970993042,4.357092380523682,3.2998859882354736,4.868037700653076
422,,5.753489971160889,4.337451934814453,4.543617248535156,4.544347286224365
423,,5.725100040435791,5.877679824829102,5.802218914031982,5.0272417068481445
424,,5.857424736022949,5.7555131912231445,5.263055801391602,5.528277397155762
425,,5.615528106689453,2.968651294708252,1.135014295578003,4.879204273223877
426,,5.560892105102539,5.632872104644775,5.032192230224609,4.800656318664551
427,EE0AFF88B29D4E72A7FAA6488A72882C,5.402574062347412,5.735172748565674,4.459218978881836,4.853659629821777
428,C80265A09BE241BB99B9A7F60336E099,5.746694087982178,5.635098934173584,5.3521881103515625,5.282247543334961
429,,1.123117208480835,1.123117208480835,1.123117208480835,1.1993095874786377
430,,5.664601802825928,5.244627475738525,5.589339733123779,4.954632759094238
431,,5.530613899230957,5.709343433380127,5.69158411026001,4.9681243896484375
432,,5.861416816711426,5.883427619934082,2.082453966140747,5.311338424682617
433,,5.414524555206299,5.2254557609558105,4.806469440460205,4.840726852416992
434,02FFED5FE7BA42D8B1F06CB410DDE9ED,5.574325084686279,5.878150463104248,4.307910919189453,5.409641265869141
435,,5.754306316375732,5.744439601898193,4.996979713439941,5.27086067199707
436,,5.67133903503418,5.830662250518799,5.840132236480713,5.138639450073242
437,,1.123117208480835,1.123117208480835,1.123117208480835,1.1993095874786377
438,,5.488993644714356,5.532241821289063,5.907066345214844,4.995879173278809
439,,5.596625328063965,5.789588928222656,5.845486640930176,5.393962860107422
440,,5.961551189422607,5.813769817352295,1.8629372119903564,5.325366973876953
441,C9E83081A2B34DB8A3979763CBD03EF6,5.571899890899658,5.643579959869385,5.768941402435303,5.398380279541016
442,,5.575768947601318,5.855019092559815,5.6475372314453125,5.084296226501465
443,,5.822278499603272,5.758110523223877,5.754222869873047,5.421979904174805
444,,5.548839569091797,5.768816947937012,5.2806549072265625,5.105714321136475
445,996EC505B93C4829BF22C01ABC94A238,5.799443244934082,5.808871746063232,4.35495662689209,5.286275386810303
446,,5.383421421051025,5.777833461761475,5.505970001220703,4.691847801208496
447,258A7DC25E814C7182E41571A6CA9DD4,5.856625556945801,5.881284713745117,5.797187805175781,5.410414695739746
448,B4AA8B7F825A4D2EA7E39EE97795CFB8,5.63059139251709,5.429823398590088,5.376543521881104,4.973378658294678
449,,5.7776875495910645,5.7014689445495605,5.68126106262207,5.410219669342041
450,49B72D163C884C01A345E833E2AFCAC8,5.843475818634033,3.2731616497039795,3.064941883087158,5.457109451293945
451,,5.572990894317627,5.358443737030029,4.01903772354126,5.109407901763916
452,,5.639077663421631,5.629970073699951,5.561258316040039,5.055756092071533
453,,1.123117208480835,1.123117208480835,1.123117208480835,1.1993095874786377
454,,5.802258968353272,5.900519847869873,6.062206268310547,5.611934185028076
455,B96EBB03B066448BB18D71086DE87111,5.528679847717285,5.616051197052002,3.7991793155670166,5.544306755065918
456,A8843C298B384E86BC1FD9BA5DC7CAAC,5.666251182556152,5.571024894714356,5.790750980377197,4.784875869750977
457,,5.72977876663208,5.681130886077881,5.801631450653076,5.223246097564697
458,,5.777970314025879,4.948310852050781,5.347484111785889,5.0798540115356445
459,,1.123117208480835,1.123117208480835,1.123117208480835,1.1993095874786377
460,,1.123117208480835,1.123117208480835,1.123117208480835,1.1993095874786377
461,,5.679338455200195,5.907105922698975,5.788707733154297,5.120543003082275
462,E4E06B4768E94EDBBD76DC40F2B1CE68,5.145255088806152,5.341060638427734,1.75775146484375,4.549641132354736
463,20BBD8537EB741D0908AFFF0683DE8FA,5.760474681854248,5.801592350006104,5.821462154388428,4.551156997680664
464,,5.733235359191895,5.243075847625732,5.567399501800537,4.866480827331543
465,3A027EB458E1432AB5977770B373F0CB,5.288814067840576,3.9132792949676514,1.8629086017608645,4.955010414123535
466,,5.771749496459961,5.649072647094727,4.28701114654541,5.376433372497559
467,,5.883572578430176,5.72411060333252,5.307568073272705,5.410128116607666
468,,5.40474271774292,5.530958652496338,3.152310848236084,5.283840656280518
469,,5.779168128967285,5.801541328430176,5.536403656005859,5.215345859527588
470,,5.701007843017578,5.849552154541016,5.77797269821167,5.337647914886475
471,,5.593879222869873,5.812867164611816,5.619645118713379,5.133523464202881
472,,5.746222019195557,5.557744026184082,5.750244617462158,5.28787088394165
473,,5.599891185760498,3.5146374702453613,5.663106441497803,5.110589981079102
474,,5.779216289520264,5.680319309234619,5.894721984863281,5.263575553894043
475,,5.7754998207092285,5.507574558258057,5.201428413391113,5.450783729553223
476,12CB3ED72C0345718EC223414AFEAB6A,5.464686393737793,1.8949247598648071,2.1432249546051025,4.95445442199707
477,,1.123117208480835,1.123117208480835,1.123117208480835,1.1993095874786377
478,,5.694116592407227,5.601324558258057,5.659356117248535,5.410072326660156
479,,5.38994026184082,5.055028438568115,2.174689054489136,5.053933620452881
480,,5.290280818939209,4.032504081726074,5.660533905029297,4.465514183044434
481,,5.680935859680176,5.35211992263794,5.500119209289551,5.36138916015625
482,9970CAA29A03436584D85B9B71AD36C1,5.417640686035156,5.324726104736328,4.996172428131104,4.840644359588623
483,,5.224980354309082,5.780056953430176,2.4602725505828857,4.747092247009277
484,FD824EFB7F914FB49FE37E05862AC30B,5.762310028076172,4.610831260681152,5.502369403839111,4.646312236785889
485,,5.584949016571045,5.7365312576293945,5.046247482299805,5.348160743713379
486,6BE4FAF3EE8849D8859640F479F0B04E,5.839394569396973,5.69899845123291,5.822694301605225,5.231359481811523
487,,5.860632419586182,5.3968186378479,5.569145202636719,5.187901496887207
488,,5.759146213531494,5.9195637702941895,5.9237236976623535,5.118495941162109
489,3730294F3F5748E4B7FBEEF1666125B4,5.784551620483398,5.501309394836426,5.865808010101318,5.233917236328125
490,,5.589422702789307,2.377969741821289,2.26529312133789,4.651743412017822
491,EC960DF6D8944A3496AE183595BC6BB7,5.744414806365967,5.83339786529541,5.701058387756348,5.079089641571045
492,,5.767953395843506,5.264811038970947,5.385125637054443,5.4588623046875
493,,5.693549156188965,5.753437042236328,5.011431694030762,5.132584095001221
494,,1.123117208480835,1.123117208480835,1.123117208480835,1.1993095874786377
495,,5.664699554443359,5.632535934448242,5.56136417388916,5.02318000793457
496,928123C177764C5EBCE7B8FC8BA21F35,5.775391101837158,5.606075763702393,5.784578800201416,5.565554618835449
497,,1.123117208480835,1.123117208480835,1.123117208480835,1.1993095874786377
498,,5.567462921142578,5.754794597625732,5.901383876800537,5.15460205078125
499,,5.772171497344971,5.915680885314941,3.5829741954803467,5.410608768463135
500,733D7662A52B4FE1BFF36A6769774315,5.495524883270264,5.680844783782959,5.801366806030273,5.364141941070557
501,,5.808876991271973,2.0764412879943848,3.7726023197174072,4.798845291137695
502,66D203BE245D44F68D82D5421434275B,5.616322040557861,5.3568315505981445,5.334298610687256,5.315431118011475
503,,5.670818328857422,5.716475009918213,5.829626560211182,5.242632865905762
504,,6.068841934204102,3.696391105651856,5.542682647705078,5.215258121490479
505,,5.415424346923828,4.510932445526123,1.609670877456665,3.838162899017334
506,,5.243372440338135,4.859844207763672,4.1705322265625,4.796797752380371
507,,5.8185553550720215,5.862377166748047,3.662329196929932,5.598034858703613
508,B3D1E56E0AEE412A9742B1D391812819,5.35713529586792,5.599842548370361,5.1365580558776855,4.681611061096191
509,7B4017F0546B4E23850D17D0EDF54519,5.69044828414917,5.155130863189697,4.214376926422119,5.10646390914917
510,,5.665019512176514,5.830601215362549,5.6552557945251465,5.399885654449463
511,,5.557985782623291,5.561429977416992,4.807795524597168,5.446516990661621
512,9404FA0A816C42A8A1E9DD4FD0AD497C,5.3591837882995605,5.439301490783691,3.2408080101013184,4.966580390930176
513,,5.546663761138916,5.224864482879639,2.697345972061157,4.906458377838135
514,,5.897975444793701,5.127935409545898,5.552645683288574,4.64320182800293
515,,5.660386085510254,5.811539649963379,5.677505016326904,5.671882629394531
516,,5.900940418243408,5.855979442596436,1.609585165977478,5.502755165100098
517,,5.821001052856445,4.113656520843506,3.344431161880493,5.336879253387451
518,,5.769860744476318,5.831917762756348,5.2584404945373535,5.499424934387207
519,B1F62ECD989D43109011C5236FEE105E,5.8388190269470215,5.837744235992432,5.9006123542785645,5.524272441864014
520,,5.583089828491211,5.876960754394531,5.632829189300537,5.043052673339844
521,71AEE38C92B24C568F612B9014229FF4,5.538226127624512,4.4085869789123535,3.755666732788086,4.489743709564209
522,,5.729081630706787,3.600149631500244,1.1222381591796875,5.076771259307861
523,,5.582263469696045,5.599791526794434,2.7314298152923584,5.0667009353637695
524,,5.614174842834473,5.842194557189941,5.454112529754639,5.494926452636719
525,,5.769096851348877,5.894028186798096,5.893689632415772,5.636285781860352
526,8ED709444ECE49CC96DD19F1144F60F6,5.735811710357666,5.864990234375,5.843926429748535,5.286732196807861
527,,5.9050612449646,5.93580436706543,5.804551601409912,5.5260910987854
528,84EF3A4660034354B098DECA683C4357,5.640794277191162,5.354016780853272,4.605947971343994,5.132823944091797
529,,5.842957019805908,5.65919303894043,5.849306106567383,5.207148551940918
530,,5.559519767761231,4.210729598999023,3.4875807762146,4.8924055099487305
531,FC74ABCA167743B0AC4457D24944F40C,5.472914218902588,5.032428741455078,5.528406143188477,4.526412487030029
532,,5.6154632568359375,5.879438400268555,3.057535409927368,4.970807075500488
533,,5.663916110992432,3.077120542526245,4.393468856811523,4.782591819763184
534,C141654FEFB142C58085CD6068C4CF62,5.491796016693115,5.646943092346191,5.709273338317871,5.304987907409668
535,DAD910A5861044E0B94A30EF076E791E,5.596807479858398,5.633129119873047,5.723277568817139,5.2026190757751465
536,,5.445979595184326,5.614455223083496,5.193305492401123,4.430685520172119
537,,5.616101264953613,5.619053840637207,5.472192287445068,5.081624031066895
538,,5.469770431518555,5.451537609100342,4.49650239944458,5.039523124694824
539,1DA0915ABC8A4FB58E4965733CE95B4A,5.268954753875732,3.532489061355591,3.859261751174927,4.346138000488281
540,,5.5144219398498535,5.272637367248535,5.560887336730957,4.767423629760742
541,,5.430643081665039,5.645252227783203,5.173067569732666,5.269097805023193
542,,5.7008256912231445,5.321419715881348,5.414543151855469,5.265260219573975
543,,5.690599918365479,5.758923053741455,3.974306344985962,5.632443904876709
544,,5.712815761566162,5.277744770050049,5.170923233032227,5.068220138549805
545,,5.762635707855225,5.942044734954834,5.807427883148193,5.326772212982178
546,,5.58157205581665,5.178493499755859,1.638767123222351,5.123106956481934
547,,5.699761390686035,5.337530612945557,5.403748512268066,5.026696681976318
548,D7A77D22CD9B47C1BD7FF7A3B084E140,5.833576679229736,5.273853778839111,4.680652618408203,5.334776878356934
549,,5.615560054779053,5.438718318939209,5.868978500366211,5.422044277191162
550,,5.883578300476074,5.677440166473389,5.787088871002197,5.079091548919678
551,,5.422157287597656,5.159791469573975,5.746735095977783,4.924686908721924
552,,5.491812229156494,5.7361741065979,5.672482490539551,5.177282810211182
553,7DEC8D6D874346979B9E1FE65E2A5F30,5.633102893829346,5.664977073669434,5.2904863357543945,5.167686462402344
554,,5.6973395347595215,3.213916063308716,3.834880828857422,4.641680717468262
555,,5.565011024475098,5.6600847244262695,5.200561046600342,5.315140247344971
556,4CDE5D3489454DE98D5D34E450FCE083,5.831099033355713,2.6854705810546875,3.0984811782836914,5.518259048461914
557,12076B51DE264DD08FCA1D5AF1DF8DFC,5.603362083435059,5.795939922332764,5.491009712219238,5.003546714782715
558,,5.722291469573975,5.724578857421875,5.757146835327148,5.542586326599121
559,AA0BF842F70841AC8023503CAAEF6087,5.761223316192627,5.826779365539551,2.827847003936768,5.544119358062744
560,,5.759817600250244,5.091554641723633,2.876434087753296,5.401370048522949
561,,5.717903137207031,5.307940483093262,1.5688637495040894,5.378190994262695
562,,5.507051467895508,4.094249248504639,4.526781558990479,4.681667327880859
563,,5.765834331512451,2.4584200382232666,1.2438818216323853,5.378263473510742
564,,5.659832000732422,5.459981441497803,5.755153656005859,4.937527656555176
565,,5.829757690429688,5.559815883636475,4.238943099975586,5.210348606109619
566,,5.728318214416504,5.669000148773193,5.839208126068115,5.626704216003418
567,,5.201776027679443,5.744048118591309,5.783729553222656,4.767518520355225
568,25B446F37B594F00991A49CF11ECAD26,5.579421043395996,5.763950824737549,5.7166852951049805,4.89939022064209
569,,5.434949398040772,5.581456661224365,2.838409423828125,4.0677170753479
570,,1.123117208480835,1.123117208480835,1.123117208480835,1.1993095874786377
571,,5.834786415100098,4.961962699890137,5.905150413513184,5.459052085876465
572,,5.824628829956055,5.901026248931885,5.49104118347168,5.232698440551758
573,,5.767833709716797,3.256938934326172,5.2848968505859375,5.022869110107422
574,,5.332404613494873,5.689969539642334,5.364752292633057,5.091738224029541
575,8F3C5B71E1134358848BA1C97F575BA3,5.598179340362549,5.728554725646973,4.140880107879639,4.971386432647705
576,,5.860076427459717,5.314437389373779,5.23617696762085,5.57065486907959
577,,5.351111888885498,5.773502349853516,3.330986738204956,4.831507205963135
578,681DA7A2B9EE486B9EC77A10350C0E30,5.278382301330566,5.779404163360596,5.559479713439941,5.023446083068848
579,,5.546993255615234,5.881801128387451,5.617454051971436,5.155092716217041
580,,5.615036010742188,5.521960735321045,5.284890174865723,4.9038920402526855
581,,5.697262763977051,5.724730968475342,5.768548965454102,5.324563503265381
582,,5.651004314422607,5.5255889892578125,5.613185882568359,4.466756820678711
583,,5.666045665740967,5.634359359741211,5.699652194976807,5.185043811798096
584,,1.123117208480835,1.123117208480835,1.123117208480835,1.1993095874786377
585,BF3212246B9A4B0C8524ADBC588162B3,5.7815775871276855,5.863593578338623,5.846024513244629,5.5386738777160645
586,,5.760803699493408,5.719884395599365,5.262415409088135,5.195773124694824
587,,5.410323619842529,5.582228660583496,5.437931537628174,4.883931636810303
588,,5.5291242599487305,5.839805603027344,5.979050636291504,5.347424983978272
589,6FB40C2DB4FE416097B825ACC27076AD,5.663666725158691,5.292388916015625,5.440514087677002,5.180717945098877
590,,5.773155212402344,5.946597576141357,5.878797054290772,5.24690580368042
591,,5.599752426147461,5.7030863761901855,5.628783702850342,5.185174465179443
592,,1.123117208480835,1.123117208480835,1.123117208480835,1.1993095874786377
593,C47FE78AD92947C1998D8010861497BA,5.727217197418213,4.538147926330566,2.788756847381592,5.544341087341309
594,,5.837110996246338,5.893155097961426,5.898904800415039,5.006542682647705
595,,5.675616264343262,5.603870868682861,5.758796691894531,5.2415452003479
596,F14043519CF144B59A222E724B53C79D,5.58197546005249,5.728395938873291,5.442336082458496,4.980460166931152
597,85493123E543447A9BFA4F4A0CC1FA5B,5.803925514221191,5.786118030548096,5.799867630004883,4.708576202392578
598,,5.597121238708496,5.6968865394592285,5.708539009094238,5.290477752685547
599,,5.674936771392822,5.82813024520874,5.530611038208008,5.312757015228272
600,,5.766368389129639,5.019200801849365,2.2768425941467285,5.272898197174072
601,,5.699599742889404,5.546751499176025,4.4462714195251465,5.411171436309815
602,,5.56398868560791,5.651735305786133,3.799659729003906,5.023590087890625
603,,5.575750350952148,5.449551105499268,5.650802612304688,5.254676818847656
604,,1.123117208480835,1.123117208480835,1.123117208480835,1.1993095874786377
605,,5.858818054199219,5.827185153961182,4.884119510650635,5.670792102813721
606,,5.634771347045898,5.671611785888672,5.842098236083984,5.4344987869262695
607,,5.717119693756104,4.833559989929199,5.448007583618164,4.670735836029053
608,,5.618228912353516,5.883171558380127,5.691612720489502,5.210341930389404
609,,5.7994537353515625,5.632876873016357,5.694916248321533,5.112575054168701
610,EA7005BC49214A0EA29DB1CFB937AF13,5.759125232696533,5.907522201538086,5.769309997558594,5.322733879089356
611,11F1E2B4FF8A4E4FA5665AAC58516103,5.865251064300537,5.629315376281738,5.583163738250732,5.535088062286377
612,,5.540335178375244,5.781580448150635,5.767374038696289,5.028972148895264
613,468663412E82440A8CA94360BB6691B3,5.879306793212891,5.56749963760376,5.451021194458008,5.38494873046875
614,,5.534095764160156,5.966982841491699,5.9375529289245605,5.107631683349609
615,67584B64014842B8B5C7A7F82BEACE16,5.300320625305176,5.707764625549316,4.624053001403809,5.210859298706055
616,,4.977280616760254,3.473621368408203,1.2695910930633545,4.23487663269043
617,,5.757823944091797,4.2255706787109375,3.4906704425811768,4.862777233123779
618,,5.765932559967041,5.863433361053467,5.861660957336426,5.507405281066895
619,,5.520893096923828,4.856122016906738,2.266615152359009,5.032495021820068
620,,1.123117208480835,1.123117208480835,1.123117208480835,1.1993095874786377
621,AD5EB6696FC948BAAD07CEA96A935850,5.478299140930176,5.386122703552246,4.497339725494385,4.720123291015625
622,,1.123117208480835,1.123117208480835,1.123117208480835,1.1993095874786377
623,FF52B4EECA4545DFA5A77AD0FB802601,5.630374431610107,5.927466869354248,5.646904945373535,5.562986850738525
624,AD36BC7CA8EC47B6B462EC3AC7F8031B,5.609222412109375,5.336462497711182,3.6142632961273193,4.714778423309326
625,,5.567261695861816,5.689105033874512,5.482264518737793,5.186085224151611
626,,5.837934494018555,5.132850646972656,1.3743462562561035,5.236430644989014
627,,5.641046047210693,5.353864192962647,4.858205795288086,4.356229305267334
628,,5.727703094482422,4.532375335693359,5.730549335479736,5.02269983291626
629,,5.54827356338501,5.825437068939209,4.722496509552002,5.389909744262695
630,969B0BA39CF74369A599117D2122E4D4,5.564718723297119,5.261033058166504,1.802333116531372,4.866806983947754
631,8DC6177071934591808625858B7E0260,5.634237289428711,5.680399894714356,5.530091762542725,4.164413928985596
632,,5.724236488342285,3.803508520126343,3.300102710723877,3.3044159412384038
633,,5.748774528503418,5.897776126861572,5.22939920425415,5.492990970611572
634,,5.603105068206787,5.550444602966309,4.664431095123291,4.788966655731201
635,B5D3266828CF4926BA60E8070CDD9E53,5.608317852020264,5.7699875831604,3.4928672313690186,5.286602973937988
636,3678EC80BBA94660A2B26BB59329B1F9,5.545090198516846,4.029656410217285,2.652794122695923,4.904991149902344
637,B30309BB9F074F19AAFAE471FFE2BFFA,5.640120029449463,5.594080924987793,5.1855058670043945,5.112822532653809
638,,5.404094696044922,5.632735252380371,5.723872661590576,5.136053562164307
639,,5.813582897186279,5.934504985809326,5.804792881011963,5.30532693862915
640,A8D6AD6A1BA14F7FAA1321F3284C3D3F,5.599656581878662,5.6308183670043945,5.891355514526367,5.061220645904541
641,,5.724733829498291,5.385272979736328,5.035622596740723,5.137131690979004
642,4CE6CD7ACB434B8D9D58AC7703636736,5.791158199310303,5.630029678344727,5.914432048797607,5.104032516479492
643,,5.576308250427246,5.66042423248291,5.708964824676514,5.030073165893555
644,,5.5761003494262695,5.697605609893799,5.176067352294922,4.927244186401367
645,E8B0A6E592254AF1BB3A758752E979C0,5.8679704666137695,3.144080638885498,1.6719096899032593,5.6003289222717285
646,88C36013A3DD4B3DACE88D3FF7F5FF58,5.447248458862305,5.81262731552124,5.645509243011475,4.62229585647583
647,6C878AE5E0E3432AB7D4E8CE62290944,5.922200202941895,4.855319499969482,4.470335006713867,5.719557762145996
648,2E8D9761DC7E461CB226FD8055BC576B,5.745789051055908,5.723667144775391,5.698206901550293,4.999557495117188
649,,5.53315019607544,5.8663649559021,5.7754106521606445,5.675877094268799
650,,5.829575061798096,5.915004253387451,1.864542245864868,5.499233722686768
651,,5.704494953155518,5.012005805969238,4.5694580078125,5.3275651931762695
652,,5.600253105163574,3.569732427597046,5.7872724533081055,4.623143672943115
653,,5.536949634552002,4.821676254272461,5.834068298339844,5.21213960647583
654,,5.795780658721924,5.810033798217773,5.672431468963623,5.445077419281006
655,,5.484981060028076,5.792172431945801,5.530628681182861,5.332805633544922
656,57493A2EE0D5490CAC50BB726D68336F,5.601840019226074,5.028584957122803,5.848903179168701,4.878087520599365
657,,5.648022174835205,5.445829391479492,3.773196458816528,5.187020778656006
658,,5.363955020904541,5.629705905914307,5.528790473937988,4.487802982330322
659,,5.56916093826294,5.314279556274414,4.590219497680664,4.973886966705322
660,,1.123117208480835,1.123117208480835,1.123117208480835,1.1993095874786377
661,631EE9CF36BB403BA9554D986D6AADD1,4.888492584228516,5.756352424621582,5.899895191192627,4.863806247711182
662,,5.452780246734619,5.445683002471924,5.564335346221924,4.529280185699463
663,,5.866077423095703,5.152408599853516,5.325023651123047,4.803212642669678
664,,5.736268043518066,5.618190765380859,5.779044628143311,5.382256984710693
665,58044DE6551C44B1B837C00135980489,5.772222995758057,5.569873332977295,5.49193000793457,4.59100341796875
666,AF863B4198FF48268C5A2CE11C3CE6DC,5.52170991897583,5.906802654266357,5.671905517578125,5.463266849517822
667,5105ADD2460247C7905BA2514F5F4F48,5.889979839324951,5.839944839477539,2.011545896530152,5.6040802001953125
668,,5.744387149810791,5.58357572555542,5.537066459655762,5.23588228225708
669,,5.7176194190979,5.802253246307373,5.630565643310547,5.219521999359131
670,,5.091841220855713,5.512335300445557,3.0102427005767822,4.870343208312988
671,526173AE1F5440B086459713125547D1,5.724941253662109,5.7451372146606445,5.741224765777588,5.361856937408447
672,,5.317792892456055,4.873561859130859,5.127100944519043,4.854955673217773
673,,5.850698471069336,5.503041744232178,5.879343032836914,5.465678215026856
674,F95BE75A79424C9FBFEAAD48ABB04882,5.280139923095703,5.660323619842529,5.341766357421875,4.533480167388916
675,,5.586055755615234,5.883769989013672,5.252169609069824,4.956255435943604
676,,5.814653873443604,5.737945079803467,4.787952899932861,5.545290946960449
677,,5.75230073928833,3.067661762237549,4.947950839996338,4.363855838775635
678,,5.398658275604248,5.649194240570068,5.807626247406006,4.931322574615479
679,,5.717577934265137,5.882003784179688,4.185999393463135,5.142142295837402
680,AD1A091CDD424E159440A6E8F0436476,5.669604778289795,5.7650885581970215,5.774302959442139,4.887863636016846
681,,5.529253959655762,5.428615570068359,5.466796398162842,5.306265830993652
682,CA161E531ED643989E97A0E7E85515D9,5.117899417877197,5.359133720397949,5.081892967224121,4.583549976348877
683,0AC2D96EB03B4CBD86FD28529D4A0F53,5.114992618560791,5.620525360107422,5.701408386230469,4.9001970291137695
684,,5.817064762115479,5.581246852874756,5.681607246398926,5.335892677307129
685,305D194439784138A7A4F13CACF45AD4,5.225027084350586,2.445617437362671,5.363429069519043,4.373344898223877
686,,5.819550514221191,5.75262975692749,5.870431900024414,5.410623073577881
687,,5.808480262756348,5.825545787811279,5.8431315422058105,5.337368965148926
688,FCB79CA5BC314B18981A5B1DFFED837A,5.608728408813477,5.795277118682861,5.867551326751709,5.300475597381592
689,,5.146396160125732,5.546698570251465,4.535187721252441,4.6322760581970215
690,83CA2776D2934623BE848D3E52447CE9,5.501725196838379,5.08515739440918,4.343032836914063,4.984796047210693
691,45058888FDFF4477A0CC4BD0AD8CBCF6,5.594938278198242,5.395991802215576,5.615950107574463,5.396285533905029
692,,5.455208778381348,5.581406116485596,5.63048267364502,5.057313919067383
693,,5.103546142578125,5.109645366668701,4.248536586761475,4.391380310058594
694,,5.284989833831787,5.730770111083984,5.79335355758667,4.941372871398926
695,,5.325625419616699,5.619220733642578,5.681680679321289,4.722421646118164
696,,5.642230987548828,5.565601825714111,5.118778705596924,5.32923698425293
697,,5.791361331939697,5.681689262390137,5.385980129241943,5.315368175506592
698,,1.123117208480835,1.123117208480835,1.123117208480835,1.1993095874786377
699,,5.855162143707275,5.664928436279297,5.765825748443604,5.623533248901367
700,,5.742635726928711,5.709936618804932,5.611718654632568,4.880227565765381
701,,5.213559150695801,5.818317413330078,5.897012710571289,4.725220680236816
702,,5.708964824676514,5.563559055328369,5.671924114227295,5.087136268615723
703,,5.844155788421631,5.701601028442383,5.880199432373047,5.529334545135498
704,,5.442822456359863,5.632508754730225,5.0866379737854,5.081483364105225
705,,5.724165916442871,4.969918727874756,5.416782379150391,4.566509246826172
706,,5.549801826477051,5.361044406890869,5.620323181152344,5.300156116485596
707,F283F734C66546018E5A4441E6D72175,5.898168087005615,5.911741256713867,5.6790385246276855,5.547711372375488
708,,5.413261413574219,5.556928634643555,5.313573360443115,4.921610832214356
709,,5.216331958770752,5.51120662689209,5.745158672332764,4.922132968902588
710,,5.6454691886901855,5.842363834381104,5.905056476593018,5.435685634613037
711,,5.633750915527344,5.0460052490234375,2.398306369781494,5.184133529663086
712,113B49B2AE4A4DC498CEB59DB9A86125,5.620701313018799,4.681740760803223,5.6816911697387695,4.802755832672119
713,,5.817061424255371,5.5135040283203125,5.806889533996582,4.910092830657959
714,,5.750555992126465,5.454142093658447,5.794610977172852,5.239060401916504
715,,5.7951483726501465,5.813236236572266,3.531687498092652,5.374953269958496
716,,5.801669597625732,5.808475017547607,5.85977840423584,5.518826484680176
717,,5.841362476348877,5.895096778869629,4.00278902053833,5.357001781463623
718,,5.633743762969971,5.754826545715332,1.187532663345337,5.565949440002441
719,,5.898850440979004,4.676370620727539,5.55672025680542,5.324005603790283
720,,5.464284896850586,5.254968643188477,3.599792242050171,5.2437591552734375
721,593BE2793EB845229B56916EAF2B00D7,5.814833641052246,5.91515064239502,1.896056890487671,5.459022998809815
722,29C5C09A376D4377B961D6898F2995FF,5.449807167053223,5.184836387634277,4.354027271270752,4.7009053230285645
723,B4C2801910A4437E86A6FFE31337C252,5.902513980865479,3.179102897644043,1.1282191276550293,5.325976848602295
724,,5.7661895751953125,5.609291076660156,5.717905521392822,4.864888668060303
725,,1.123117208480835,1.123117208480835,1.123117208480835,1.1993095874786377
726,36C7F1E7CB144878BA1B3BE70B1B1FD1,5.502223968505859,5.848287105560303,5.6668243408203125,5.394041061401367
727,,5.184764385223389,2.281264305114746,3.564161539077759,4.353052616119385
728,,5.598922252655029,5.376904487609863,5.718749046325684,5.215153217315674
729,002D321B2814496DA6BDA3438A04F646,5.595909595489502,5.317450523376465,4.564483165740967,4.616130352020264
730,,5.5726165771484375,5.595847606658936,5.8199968338012695,5.309981822967529
731,,1.123117208480835,1.123117208480835,1.123117208480835,1.1993095874786377
732,,5.750321388244629,5.461294651031494,3.864051103591919,4.699760913848877
733,,5.288888454437256,5.601226806640625,5.598838806152344,5.284748077392578
734,,5.844466686248779,5.582955360412598,4.917140960693359,5.07346773147583
735,,5.7685723304748535,5.838193893432617,5.73675537109375,5.3367767333984375
736,,5.697911739349365,5.66085958480835,5.608935356140137,4.789337158203125
737,,5.660002708435059,5.002594947814941,2.3561854362487797,4.922525882720947
738,,5.66390323638916,5.325965881347656,3.257556200027466,5.113104343414307
739,,5.860984802246094,5.809704303741455,5.390295028686523,5.215284824371338
740,,5.471532344818115,5.649269104003906,5.66425895690918,5.251271724700928
741,,5.550592422485352,5.506994724273682,5.809201717376709,5.447575092315674
742,,5.616816520690918,5.729898452758789,5.857163429260254,5.286135673522949
743,,5.765363693237305,4.528467178344727,5.842350482940674,5.306809425354004
744,,5.664984226226807,5.81834602355957,5.761895656585693,5.155891418457031
745,0B6AB0B22E0C483D8CD7E057C84F40B5,5.689468860626221,5.729235649108887,5.265326023101807,5.268765449523926
746,,1.123117208480835,1.123117208480835,1.123117208480835,1.1993095874786377
747,172A85CD76834494978381D1A1025E1C,5.8701171875,5.932149410247803,5.952049255371094,5.132754325866699
748,,5.788539409637451,5.819972991943359,5.774463176727295,4.877100467681885
749,D1EAA51ABDDC4B2DAF31E60B2218768F,5.4319939613342285,5.732053279876709,2.535105466842652,5.411578178405762
750,,5.784440040588379,5.842055320739746,5.717889785766602,5.277400970458984
751,,5.808938980102539,5.893340110778809,5.89453125,5.463864326477051
752,,5.3593292236328125,5.599384307861328,5.730152130126953,4.350096225738525
753,,5.549788951873779,5.709423542022705,3.7084169387817374,4.852789402008057
754,,5.882345199584961,5.780482769012451,5.690711498260498,5.536904335021973
755,,5.308009624481201,4.585038661956787,5.515738487243652,5.18988847732544
756,,5.364418983459473,5.671379089355469,5.964055061340332,4.976773262023926
757,,5.736433506011963,4.464895248413086,1.1702864170074463,5.180971622467041
758,DD6C2DAFD90D43D99B8EB5104FED015F,5.359808444976807,5.819148063659668,5.595737934112549,4.740627765655518
759,,5.469479084014893,5.8393964767456055,5.468019485473633,5.23839807510376
760,,5.563138484954834,5.729206562042236,5.411272048950195,5.10426664352417
761,,5.6975531578063965,5.826102256774902,5.3174238204956055,4.90648365020752
762,,5.586338520050049,5.729761600494385,5.887858867645264,5.31627368927002
763,280AC64B163F4EDB84E7501ED2D556E1,5.856680870056152,5.898582458496094,5.541942119598389,5.45884895324707
764,,5.647343635559082,5.52708101272583,5.8388352394104,5.207333564758301
765,,5.724577903747559,5.737075328826904,5.551816463470459,4.951432228088379
766,,5.724161148071289,1.3597908020019531,5.2801594734191895,4.7730913162231445
767,,5.701531410217285,5.5692973136901855,2.201261281967163,5.19027042388916
768,,5.817716121673584,5.772207736968994,5.841283798217773,5.125909805297852
769,,5.476409435272217,5.391885757446289,5.67133378982544,5.34060001373291
770,,5.648262977600098,5.719016075134277,5.351108074188232,5.384976863861084
771,,5.601441860198975,5.094827651977539,5.464819431304932,4.696019649505615
772,,5.882584095001221,5.75822639465332,5.103680610656738,5.336552619934082
773,,5.583279132843018,5.240477561950684,4.601845264434815,4.2693963050842285
774,,5.4541120529174805,5.709413051605225,5.603083610534668,4.558797836303711
775,62AA33CD5DF341409E259838FB9FE08C,5.689540863037109,5.681748867034912,5.736828804016113,4.900171279907227
776,,4.719159126281738,4.916445732116699,4.411923408508301,3.525441646575928
777,EF2864642EE94378B0199FEB57D0F8FE,5.64982271194458,3.7548656463623047,1.85176682472229,5.126011371612549
778,,5.6161322593688965,4.643510818481445,5.223686695098877,4.795422554016113
779,,5.7502121925354,5.393665790557861,1.805450677871704,5.326816082000732
780,C224D9BA716A40C0A4CE798D2E32220B,5.804039478302002,5.700866222381592,5.879581451416016,5.158016681671143
781,,5.6815996170043945,5.600543022155762,5.945146083831787,4.82884407043457
782,,5.741175651550293,5.725468635559082,5.680582523345947,5.39064359664917
783,,5.950323581695557,5.926536083221436,2.343413114547729,5.608222484588623
784,,5.763733863830566,5.790818214416504,5.6160569190979,5.411184310913086
785,7DB64DBD8D2840CCB78F873E5D2B55DB,5.680333137512207,5.829136848449707,5.864020347595215,5.280884265899658
786,,5.783851146697998,5.870595455169678,4.140026569366455,5.587757110595703
787,,5.660303115844727,5.636123180389404,5.582848072052002,5.427048206329346
788,,5.678241729736328,4.61082649230957,5.132351398468018,5.102595806121826
789,4A1D9879B49F4CC48C0B56F4404FDD79,5.539178371429443,5.938681602478027,5.060218811035156,5.20421314239502
790,,5.274661540985107,3.834230661392212,3.4277777671813965,4.325906753540039
791,3852396C477943258E7EE91584600B4C,5.604086875915527,4.169146537780762,2.192173480987549,5.041965007781982
792,D53E9EC9E2074B16BD694A2AF55DC2DB,5.842598915100098,5.616499900817871,5.815123081207275,5.189411640167236
793,,5.615017890930176,5.599113464355469,4.7726922035217285,4.625551700592041
794,,5.467330932617188,5.749992847442627,5.880033493041992,5.269852638244629
795,09CEA90ABB7A4BBDA84C66A126861C99,5.528942584991455,5.599820137023926,5.671245574951172,5.598713397979736
796,,5.652316093444824,5.897416591644287,5.824231624603272,5.242318630218506
797,1CF7C21F094A41B787AA4786ED542DC9,5.893201351165772,5.710732936859131,5.077793121337891,5.5962910652160645
798,,5.6764726638793945,5.526076793670654,5.599190711975098,5.253689765930176
799,,5.568662643432617,5.915644645690918,5.54010534286499,5.493553161621094
800,C20DA5B989DE46AFA8BD9CB8722E5ACC,5.731170654296875,5.727131366729736,5.575977802276611,5.1531758308410645
801,73FBB1DAA92949E39B087605F1BAE670,5.1989569664001465,5.787990093231201,5.407651901245117,5.028326034545898
802,,5.779122829437256,5.880286693572998,5.881735801696777,5.582452297210693
803,,5.690510749816895,5.011712074279785,3.179863691329956,5.630429744720459
804,,5.773528099060059,5.99714994430542,5.70772647857666,5.480212211608887
805,C11EF057F35B4900AAA36B0A12F600D5,5.680784702301025,4.820549488067627,1.6401429176330566,5.219667911529541
806,92800AB0E7A240A08354F6D7C361FB87,5.592099666595459,5.870959758758545,5.622186183929443,5.142883777618408
807,CEFC946AE61A4BE396BE6303FAFE8800,5.438217639923096,5.92013692855835,5.953464031219482,5.058297157287598
808,,5.5983991622924805,5.391490936279297,5.708906650543213,5.024613380432129
809,63B82373A85547C59094EDDFEEC81854,4.872068405151367,4.06640625,5.433075428009033,4.210852146148682
810,,5.85980749130249,5.837298393249512,5.880988597869873,5.426522731781006
811,,5.840207576751709,5.807187557220459,5.758609771728516,5.356589317321777
812,6BA36FDE963A4CD6A64606F09AD8A788,5.060098648071289,5.444394588470459,3.975955247879028,4.799081802368164
813,,5.3566412925720215,5.5074143409729,5.672174453735352,5.149552345275879
814,,1.123117208480835,1.123117208480835,1.123117208480835,1.1993095874786377
815,,5.428353786468506,5.498408794403076,1.71970796585083,5.161458969116211
816,,5.439051628112793,5.64877462387085,4.971155166625977,5.161015510559082
817,,5.691197395324707,5.060093879699707,4.965864181518555,4.974302291870117
818,,5.400989055633545,5.687497138977051,5.504622459411621,5.08539342880249
819,,1.123117208480835,1.123117208480835,1.123117208480835,1.1993095874786377
820,F95B469F22304D69A8C46EE4264978F6,5.783320903778076,5.794550895690918,5.838571548461914,5.457740783691406
821,A53DD8EC9F15451EB0EC9375DE080EC1,5.750256538391113,5.837120056152344,5.7677741050720215,5.528068065643311
822,,1.123117208480835,1.123117208480835,1.123117208480835,1.1993095874786377
823,,5.616196632385254,5.896292686462402,5.85986852645874,5.235910892486572
824,,5.664829254150391,5.578742980957031,5.107212066650391,5.337305068969727
825,FF3A598259634A53BD8E99ECB19FD8DB,5.799685955047607,2.500558614730835,5.615811824798584,5.109555244445801
826,6D1184B973EE42BBA25592B2989F2B29,5.790771961212158,5.648018836975098,5.689408302307129,5.186979293823242
827,,5.740982532501221,5.588472843170166,4.513561725616455,5.021544933319092
828,DFE2AC1CB8BD4F5E968C88702D019063,5.360979080200195,2.5218091011047363,1.168371558189392,4.632124900817871
829,,5.697201251983643,5.165774822235107,2.928290367126465,4.842300891876221
830,14F37F4836E74DA99D8580CDA2DA9466,5.50780725479126,5.641912937164307,5.826708793640137,5.122927188873291
831,,5.53920841217041,5.719187736511231,4.877594470977783,5.216437816619873
832,,1.123117208480835,1.123117208480835,1.123117208480835,1.1993095874786377
833,,5.648098945617676,5.864816665649414,5.744075775146484,5.478329181671143
834,,5.709328651428223,5.749159812927246,5.628286838531494,5.358332633972168
835,,5.833441257476807,5.889003276824951,5.64417028427124,5.501340866088867
836,,5.883298873901367,5.842286109924316,5.398645401000977,5.138673305511475
837,,5.681247234344482,5.287120819091797,4.4458909034729,4.390093803405762
838,,5.700241088867188,5.613325595855713,1.4886621236801147,5.409819602966309
839,,5.057240009307861,5.491779804229736,3.508999824523926,4.626331806182861
840,,5.771683216094971,5.310306549072266,4.156408309936523,4.856820583343506
841,,5.795278072357178,5.032666206359863,5.071931838989258,5.133589744567871
842,,5.691125392913818,5.5488104820251465,5.7466959953308105,5.320720672607422
843,1E38DF1521A84B339B6B950259245195,5.826647758483887,5.679437637329102,5.291509628295898,5.178259372711182
844,,5.664609432220459,5.745080471038818,3.705540180206299,5.189520359039307
845,,5.511743545532227,4.756968021392822,5.1573486328125,4.42995548248291
846,,5.841700553894043,5.776230812072754,5.844841003417969,5.209977626800537
847,,5.579811096191406,4.261040687561035,1.2104490995407104,4.82103967666626
848,,5.735687255859375,5.581986904144287,5.457522392272949,4.97246789932251
849,,5.5983734130859375,2.841692447662353,1.6098281145095823,5.376615524291992
850,7AA5D7F9AF35472E837F786C28F0AE01,5.665645599365234,5.595643997192383,5.6806230545043945,5.25086784362793
851,,5.807297229766846,5.065316677093506,3.058462619781494,5.408795833587647
852,,5.709431171417236,5.759954452514648,5.828575134277344,5.195596218109131
853,,5.661405563354492,5.802512168884277,4.036091327667236,4.976611137390137
854,,5.491186618804932,5.825934886932373,4.782430648803711,5.242961406707764
855,BED8600377F04D36A495F97D2C9AF18C,5.844354629516602,5.469379901885986,5.716978549957275,4.96246862411499
856,8309B0628D0E466ABE7663511239FE10,5.824350833892822,4.37620210647583,5.565120220184326,5.593800067901611
857,,5.728556156158447,4.202526569366455,3.5884642601013184,5.214593887329102
858,32AFEA148350483B827F31CBA44CE975,5.584871292114258,5.473775863647461,5.759097576141357,4.75208854675293
859,,5.543698787689209,5.615156650543213,4.984879970550537,4.728233814239502
860,F30D8E1A46374A3395F3B4970C7D74B6,5.3643293380737305,5.600597381591797,5.076381683349609,5.009203910827637
861,,5.564754009246826,5.788987636566162,5.503045558929443,5.3370537757873535
862,,5.824143409729004,5.690713882446289,3.9238314628601074,5.326905250549316
863,,5.719277858734131,5.528515815734863,5.691978931427002,5.044041633605957
864,090D3CFED70D494A9BF246CA0163DDD2,5.831101894378662,5.393121719360352,2.933411121368408,5.5563154220581055
865,,5.697752952575684,5.775905132293701,5.703138828277588,4.915688991546631
866,,5.755420207977295,5.5635762214660645,4.1944499015808105,4.906082630157471
867,,1.123117208480835,1.123117208480835,1.123117208480835,1.1993095874786377
868,,5.753967761993408,5.47907018661499,5.882427215576172,5.142630100250244
869,,5.576784133911133,5.670995235443115,5.8658623695373535,4.847923278808594
870,,5.659171104431152,5.7411322593688965,3.73026442527771,5.461793422698975
871,,5.263509750366211,5.906739234924316,5.84101676940918,4.854960441589356
872,,1.123117208480835,1.123117208480835,1.123117208480835,1.1993095874786377
873,,5.40033483505249,3.0663866996765137,1.2971322536468506,4.708653450012207
874,C2932169465F46C3B987EC73F583ADA3,5.69403600692749,3.9033455848693848,3.285226583480835,4.866361141204834
875,0ADA37824AA94F758F7EACBB6B30F330,5.707311630249023,5.729507446289063,5.823729515075684,5.357468128204346
876,,5.158508777618408,5.74403715133667,5.714066028594971,4.639276504516602
877,,5.7039794921875,5.588399887084961,5.6009955406188965,5.089515209197998
878,,5.696434497833252,5.866633892059326,5.610076904296875,5.465100288391113
879,,5.7591552734375,5.717939376831055,5.047464847564697,5.33914852142334
880,,5.663006782531738,5.782443046569824,5.816144943237305,5.337767601013184
881,,5.559585571289063,5.889201641082764,5.762833118438721,5.351851463317871
882,,5.59381914138794,5.741477489471436,5.921545028686523,5.3126301765441895
883,DDBDAB1F7A064D20BF141E8B48C0C19A,5.763492107391357,5.758570671081543,5.786131381988525,5.033931255340576
884,,5.880902290344238,5.598076820373535,4.980342864990234,5.266213893890381
885,,5.882004261016846,5.789126873016357,5.389187812805176,5.314103603363037
886,540FD707F74546DA9DBBABEA2F8236E1,5.810441493988037,5.530028820037842,5.648754596710205,5.528054237365723
887,FB4857975F554E61B1C153059BC3BD1F,5.525493144989014,5.251669406890869,5.846890449523926,4.817636013031006
888,,5.50515079498291,5.57921838760376,4.945624351501465,5.18880033493042
889,ABE7036C1E484A58A30855374D8DE5D4,5.595757484436035,3.987169742584229,1.5683526992797852,5.284789085388184
890,,5.263701915740967,5.254395008087158,5.773889541625977,4.683523654937744
891,,1.123117208480835,1.123117208480835,1.123117208480835,1.1993095874786377
892,,5.671784400939941,5.772168159484863,5.254255771636963,5.478371620178223
893,,5.592257022857666,5.760602474212647,3.1190640926361084,4.654114246368408
894,E54A61DBE6FF476197309CE8FE625AB5,5.313079833984375,5.7182722091674805,5.51136589050293,4.972888946533203
895,B2923BDD4947444895D865C09B65DCE7,5.631876468658447,1.8022081851959229,1.1222196817398071,4.993488311767578
896,,5.502508640289307,5.782364368438721,3.178165435791016,5.162072658538818
897,,5.883975505828857,3.18488883972168,4.147242546081543,4.924394130706787
898,27C96E8DDC7E4730827171054E324FD3,5.660555839538574,4.902155876159668,4.885303974151611,4.440728187561035
899,,5.843681812286377,5.932740688323975,5.951516628265381,5.397747039794922
900,,1.123117208480835,1.123117208480835,1.123117208480835,1.1993095874786377
901,,5.679614543914795,5.597138404846191,5.811712265014648,5.432051658630371
902,B68BD0E6F41A485B82915E7849D16C84,5.688816070556641,5.777818202972412,5.710467338562012,4.971549034118652
903,,5.310243129730225,5.6968994140625,5.609950065612793,5.184689521789551
904,,5.157955169677734,5.360743522644043,5.307034492492676,5.084365367889404
905,ADE1ADE7F72C41569AC04C700DBB783B,5.71491813659668,5.768988132476807,5.88027811050415,5.053215503692627
906,,5.7602949142456055,5.284801483154297,4.443472862243652,5.177675724029541
907,,5.660372734069824,5.424937725067139,5.694642066955566,4.968390464782715
908,82450589A0E445889F9B2CC311989574,5.330902576446533,5.756492137908936,5.9685139656066895,5.137839317321777
909,2D8B47CFA93F4F9297762920974DD1EA,5.724659442901611,5.216815948486328,3.992671251296997,4.645400047302246
910,,5.779482364654541,5.647054672241211,1.4648125171661377,5.408550262451172
911,30BD1E4838B84EC1B64F2C8CB1102174,5.7889838218688965,5.719768047332764,5.863142490386963,5.001133918762207
912,,5.668881416320801,5.496715545654297,3.574459314346313,5.501652717590332
913,47F47A04EB6A4376AEBF677F8C86DA75,5.207062244415283,5.628180980682373,4.78502368927002,5.045000076293945
914,,1.123117208480835,1.123117208480835,1.123117208480835,1.1993095874786377
915,,1.123117208480835,1.123117208480835,1.123117208480835,1.1993095874786377
916,5911B1A9AE6D4E3388B295D078B7F49A,5.536227226257324,5.648478031158447,5.883304595947266,4.5315141677856445
917,6BC32F1FA1A54DF6BD812888AB6D2B42,5.8966264724731445,5.27262020111084,5.774264812469482,5.410466194152832
918,EA5721208DF947EC935391B65CB0E906,5.442711353302002,5.71824312210083,1.359088897705078,4.990402698516846
919,,5.78517484664917,5.767629146575928,5.766221523284912,5.373873710632324
920,,5.42427921295166,5.816678047180176,5.739603519439697,5.159331321716309
921,,5.84901237487793,4.620169162750244,3.250880718231201,5.53204345703125
922,,5.750223159790039,5.923629760742188,5.824068069458008,5.506794452667236
923,46AD95E4872045E097CB1B8B5E54A4D2,5.527053356170654,5.660366535186768,5.964190006256104,5.264999866485596
924,D7304FE7F233467A826CB4A5939DC662,5.845311164855957,5.7289862632751465,5.5266618728637695,5.694565773010254
925,,5.476540565490723,5.608649730682373,4.737369060516357,4.701186656951904
926,,5.6591081619262695,5.308559417724609,5.243265628814697,5.363958358764648
927,,5.835456848144531,3.514549970626831,2.019374132156372,5.503655433654785
928,,5.830582141876221,5.805155277252197,5.498892784118652,5.256751537322998
929,,5.659975528717041,5.498247146606445,5.629968166351318,5.495672702789307
930,,5.710962772369385,3.629019260406494,1.7782162427902222,4.792318820953369
931,1304BAAAAFA04DEE959F8EC00A5E49F6,5.752562522888184,3.4987354278564453,1.639268398284912,4.537664890289307
932,,5.447152614593506,5.360878944396973,5.176718711853027,4.489251136779785
933,,5.628462314605713,5.745419979095459,5.419696807861328,5.227883338928223
934,4C906ACB19764635A2683367A6374361,5.584232807159424,5.63424015045166,5.073066711425781,4.951586246490479
935,0E0D3F24900D47D9BE328C291BD34F61,5.679996013641357,5.648772716522217,5.919492721557617,5.00678014755249
936,,5.743690013885498,5.834785461425781,5.856181144714356,5.471189498901367
937,E3E214ADBDC34A8E8767980D34FC4A63,5.640932559967041,5.193378448486328,5.165082931518555,4.980825901031494
938,C4303A5F65D041D391BB020BA40D77E6,5.690177917480469,5.527517318725586,5.791925430297852,4.797214031219482
939,,5.806138515472412,4.317513942718506,3.289546489715576,4.6603617668151855
940,1FD4C18B0D384547A10B4BD0C8D8DF7E,5.533835887908936,5.888229370117188,5.578823566436768,5.078810691833496
941,7690A28E51994CA7A219E02E28DC227B,5.779397487640381,4.086933135986328,4.469807624816895,4.981662273406982
942,,4.852695465087891,4.831676006317139,5.012508869171143,4.489907264709473
943,,5.617663860321045,5.809114933013916,5.602587699890137,5.304862022399902
944,,5.749700546264648,5.650862693786621,5.422881126403809,5.512210845947266
945,EA58A17E477347DDAC6E987B993A0FBC,5.602517127990723,5.389184474945068,5.616491317749023,4.794597148895264
946,,5.869330883026123,5.848307132720947,5.20366907119751,5.750185966491699
947,,5.364658832550049,3.650037527084351,4.275017738342285,4.583851337432861
948,,5.691913604736328,5.6500325202941895,5.69481372833252,5.529441356658936
949,,1.123117208480835,1.123117208480835,1.123117208480835,1.1993095874786377
950,18BF3F62EA1E48C99F02957B74EF2626,5.563736915588379,5.7300238609313965,3.88383412361145,5.071621417999268
951,,5.691348552703857,5.255792617797852,5.045055866241455,5.003150463104248
952,C71DA553BF464DB5947B73A764F7737B,5.964216232299805,5.96488094329834,5.865025997161865,5.576679706573486
953,0D1BC9FBDD1340F6909E63D0DE210109,5.60994815826416,5.858552932739258,5.804813861846924,4.982074737548828
954,99240EB9F06E4CC6B3F5071227614076,5.663405895233154,5.454187393188477,3.417816400527954,5.203090190887451
955,,5.827294826507568,5.847636222839356,5.788009166717529,4.822633743286133
956,,5.4241814613342285,4.783661842346191,3.520059823989868,5.042054176330566
957,5B51C2E3CF214D3298BEEBCCE99B63F4,5.867804527282715,5.744383811950684,5.895630359649658,5.530725002288818
958,,5.744460582733154,3.6844000816345215,5.247711181640625,4.7510986328125
959,3C9713985EF6444A974C932DC3038446,5.617676734924316,5.611199855804443,5.389819622039795,5.321055889129639
960,D6C205933CD040E9A042F0C275CD4C0D,5.6300787925720215,5.73524284362793,5.428465843200684,4.614535808563232
961,,5.515305519104004,5.547499656677246,4.5492777824401855,4.662938594818115
962,,5.707144737243652,5.700314044952393,5.796403884887695,5.306851387023926
963,,5.726971626281738,5.865654468536377,5.809306621551514,5.487334728240967
964,,1.123117208480835,1.123117208480835,1.123117208480835,1.1993095874786377
965,,5.699029922485352,4.949938774108887,4.376307487487793,4.815517902374268
966,AFCEB73B491244FBA313937A1993B4FC,5.564565181732178,5.883972644805908,5.754172325134277,5.382262706756592
967,3E3450E8BCA14E06A4015035204873D0,5.562738418579102,5.717686176300049,5.0999603271484375,5.159926414489746
968,,5.582594871520996,4.357478618621826,1.8115476369857788,4.925045013427734
969,,5.681565284729004,5.707736015319824,5.369926929473877,4.732372283935547
970,A266CB127F334F06A9AC44BE869D05AC,5.225095272064209,4.8726677894592285,4.730594158172607,4.798709392547607
971,,5.813345432281494,5.871104717254639,5.857423782348633,5.055538177490234
972,,5.736158847808838,5.1603875160217285,5.774960994720459,4.337604999542236
973,,1.123117208480835,1.123117208480835,1.123117208480835,1.1993095874786377
974,,5.206913948059082,5.314842224121094,5.646550178527832,5.262855529785156
975,,5.709283828735352,5.381277561187744,5.079317569732666,5.079302310943604
976,,5.619068145751953,4.969235420227051,5.609167098999023,4.81533145904541
977,,5.9004106521606445,3.4818103313446045,3.1266818046569824,4.911542892456055
978,,5.526666641235352,5.746868133544922,5.677527904510498,5.028958320617676
979,,5.735702991485596,5.846219539642334,5.774216175079346,5.470606327056885
980,,5.661946296691895,5.663508415222168,5.190392971038818,5.386610507965088
981,,5.646904945373535,3.848919153213501,1.10910964012146,5.382081031799316
982,,5.391489028930664,5.546411991119385,1.4134407043457031,4.741894721984863
983,,5.649648666381836,5.717529296875,5.494556427001953,5.206874847412109
984,,5.807178974151611,5.787993431091309,4.274169445037842,5.498517990112305
985,78B8260DF00845409EAA25A19A32D983,5.826865196228027,5.81365442276001,4.295152187347412,5.155925273895264
986,,5.502450466156006,5.690249919891357,5.559092044830322,5.206727504730225
987,,5.772595882415772,5.852427005767822,5.924625873565674,5.7045722007751465
988,,5.546398162841797,5.814043045043945,3.2834231853485107,5.1602654457092285
989,,5.725931644439697,5.589854717254639,5.809929370880127,5.457610130310059
990,,5.681342124938965,5.89874267578125,5.8612589836120605,5.0916900634765625
991,,5.790918350219727,4.710126876831055,4.357051849365234,5.161891937255859
992,,5.224897861480713,5.3311448097229,3.999615430831909,5.180374622344971
993,,5.722815990447998,4.9728169441223145,5.878696918487549,5.160873889923096
994,,5.736532211303711,5.731441020965576,5.854916572570801,5.273955345153809
995,,1.123117208480835,1.123117208480835,1.123117208480835,1.1993095874786377
996,,5.317479610443115,3.077535390853882,2.626408576965332,4.683429718017578
997,,5.164284706115723,5.627861499786377,5.627524375915527,4.851721286773682
998,,5.532068729400635,5.4077253341674805,5.059714317321777,4.803300380706787
999,98B5E42FE2DB421E87850A708B590B36,5.564836502075195,5.497643947601318,5.778780937194824,4.66287088394165
1000,,5.590413570404053,4.287168979644775,5.433815002441406,4.739186763763428
1001,,5.360805988311768,5.009344577789307,4.238160133361816,4.363722324371338
1002,A2A246CDC1B2414EAABCE3202019AA37,5.798661231994629,5.803252696990967,5.793743133544922,5.279592990875244
1003,,5.806821823120117,5.717857837677002,5.771778583526611,5.021435737609863
1004,,5.129301071166992,5.3204755783081055,3.92563533782959,5.115755558013916
1005,60DBD443B4F34727A4CEF8C20CA5D6E0,5.631509780883789,5.701399803161621,5.666815757751465,5.0188188552856445
1006,,5.46666431427002,5.506366729736328,2.7145864963531494,4.741508483886719
1007,17396E5B849149F69A7A7F00A494C443,5.189064979553223,4.100707054138184,5.1021928787231445,4.982546329498291
1008,,5.9137773513793945,5.665041446685791,1.6305080652236938,5.509082794189453
1009,,5.580373287200928,5.77780294418335,5.270840167999268,5.154411792755127
1010,66A13C4BA8E440C7AC6A56618803516B,5.677001476287842,5.763421535491943,5.662740230560303,5.375672817230225
1011,,5.314262390136719,5.652028560638428,5.489371299743652,4.5777668952941895
1012,7776FDF26EFC462B9BC79657AD22DEBE,5.805025100708008,5.906454563140869,5.787172794342041,5.320560455322266
1013,,5.45913028717041,5.703977108001709,4.753562927246094,5.509994983673096
1014,,5.663755893707275,5.4604692459106445,5.847465991973877,5.307905197143555
1015,8CB11E214EC74ED285790267A0CC6244,5.5107741355896,5.8180084228515625,5.893507957458496,5.193472385406494
1016,40A8074BACE84DFFBFCFB1900226AFCE,5.794234752655029,5.661762714385986,5.635780811309815,5.774093627929688
1017,67072977C58740A19253F4B13879300D,5.565159320831299,5.601851940155029,4.434341430664063,5.301766395568848
1018,,5.71748685836792,5.5046820640563965,5.772690773010254,5.337316989898682
1019,88D3CCCAE163463FBC160586C7EEDFAD,5.3837714195251465,5.758677959442139,5.618799686431885,5.1073503494262695
1020,,5.738089561462402,5.77230167388916,5.841389656066895,5.309078693389893
1021,,5.82071590423584,5.852274417877197,5.684998035430908,5.458112716674805
1022,,5.404140949249268,5.6411871910095215,5.527231216430664,4.76231050491333
1023,,5.831671714782715,5.849224090576172,5.235434055328369,5.34600305557251
1024,,5.506816387176514,4.065811634063721,4.71800708770752,5.1812286376953125
1025,,5.743621826171875,5.792202472686768,5.660751819610596,5.509597301483154
1026,BDCAB2EC78DB441B8988535ED10CB325,5.563070774078369,5.48553466796875,4.284356117248535,4.924724578857422
1027,,5.757630348205566,3.55168890953064,2.2220780849456787,4.961661815643311
1028,,5.821022987365723,5.84018087387085,5.731184959411621,5.332552909851074
1029,,5.494108200073242,5.759199619293213,5.566442966461182,5.102817058563232
1030,BDCB329DCB0848E996AA11B62AFEECC9,5.3611979484558105,5.501321792602539,5.142132759094238,5.053807735443115
1031,,5.660367488861084,5.559370994567871,4.882609844207764,5.270451545715332
1032,,1.123117208480835,1.123117208480835,1.123117208480835,1.1993095874786377
1033,,5.324894905090332,4.684276103973389,5.598773002624512,4.326629638671875
1034,,5.564049243927002,5.828649997711182,5.592004776000977,5.187920093536377
1035,FDC65C5F8DCB4731B5953C1745FC9696,5.906006336212158,5.560818672180176,5.028025150299072,5.106988430023193
1036,,5.473724365234375,5.620198726654053,5.616329669952393,4.333224296569824
1037,,1.123117208480835,1.123117208480835,1.123117208480835,1.1993095874786377
1038,,5.761562347412109,5.624980926513672,5.158587455749512,5.190743446350098
1039,,5.902615547180176,5.8246049880981445,5.484175682067871,5.138397216796875
1040,191FFCCB72F34A3188F338C4AFD474FD,5.646204948425293,5.574779510498047,5.897119522094727,5.07815408706665
1041,,5.600204944610596,4.034249782562256,5.506606101989746,4.319563865661621
1042,,5.527066707611084,5.4298906326293945,5.417255878448486,4.559925556182861
1043,,5.31968879699707,5.937159538269043,5.720467567443848,4.65028190612793
1044,,5.791388988494873,5.581454277038574,5.459915637969971,5.513494968414307
1045,D323C2D081DA48DB8489D599DEAFB8AD,5.690020084381104,2.8147974014282227,1.1021662950515747,4.851346492767334
1046,,5.613626956939697,5.75658130645752,5.673017501831055,5.235623359680176
1047,,5.661168575286865,5.710693836212158,4.510556221008301,5.362363815307617
1048,,5.803345203399658,5.542408466339111,5.264133930206299,5.205875396728516
1049,,1.123117208480835,1.123117208480835,1.123117208480835,1.1993095874786377
1050,,5.661303997039795,5.515218734741211,5.679632663726807,5.532730102539063
1051,,4.9791131019592285,5.63541841506958,4.132364273071289,4.944696426391602
1052,,5.539418697357178,5.314272880554199,3.142334461212158,5.181901454925537
1053,,5.867987632751465,5.404408931732178,5.163057804107666,5.294632911682129
1054,,5.745928287506104,4.988542079925537,5.458395004272461,4.852565765380859
1055,FD16A6C35C434CE8BCA7B1EC6A92DB91,5.737066745758057,5.172707557678223,1.5691074132919312,4.538400173187256
1056,,1.123117208480835,1.123117208480835,1.123117208480835,1.1993095874786377
1057,,5.2238945960998535,5.5157904624938965,5.352252960205078,4.966855049133301
1058,,5.668828010559082,5.816357135772705,5.9804887771606445,5.236540794372559
1059,,5.595383167266846,3.318908929824829,1.528396725654602,5.010069847106934
1060,,5.728405475616455,5.80651330947876,5.0577898025512695,5.565247535705566
1061,,5.321083545684815,4.702188014984131,5.396018981933594,4.827357769012451
1062,,5.633833885192871,5.618741035461426,5.338791847229004,5.373412132263184
1063,,5.775481700897217,4.197375297546387,5.689948558807373,5.219852924346924
1064,,5.532034873962402,5.797504425048828,5.818165302276611,5.142272472381592
1065,,5.58336877822876,5.833529472351074,5.6274943351745605,5.486984252929688
1066,,5.562581062316895,5.632535457611084,5.57374906539917,4.801109313964844
1067,,1.123117208480835,1.123117208480835,1.123117208480835,1.1993095874786377
1068,,5.503099918365479,5.794530391693115,5.83400821685791,5.266107082366943
1069,,5.736432552337647,4.471323013305664,2.3948874473571777,4.616497039794922
1070,E703C2685909438587D24B2366310309,5.751311779022217,5.398632526397705,5.82011079788208,5.453998565673828
1071,189C3E7BE9974706A20C5FF5DEBD57BC,5.178365707397461,5.394096374511719,5.677802562713623,4.629734992980957
1072,,5.865708827972412,5.88890266418457,5.840413570404053,5.577932834625244
1073,,5.689798831939697,5.668920516967773,5.822927951812744,4.662607669830322
1074,,5.64074182510376,5.05728816986084,5.450240612030029,5.143103122711182
1075,,5.549631595611572,4.978127956390381,5.476892471313477,4.849554061889648
1076,DFACF4D3F2DE4CF08257247F8AC4B108,5.67132568359375,5.511719703674316,5.528965473175049,5.313309192657471
1077,,5.568061828613281,4.00470495223999,4.885029315948486,5.190874099731445
1078,,5.678823471069336,4.651406764984131,5.381098747253418,4.850003719329834
1079,,5.5825300216674805,5.737142562866211,5.024343967437744,4.827568531036377
1080,,5.765980243682861,5.511739253997803,4.935131549835205,5.201181888580322
1081,97E3256B78254ADB8BBA2A8C58A1A9F3,5.631067752838135,5.451353073120117,5.743547439575195,5.02400016784668
1082,,5.711060047149658,5.761553287506104,5.729992866516113,5.257458209991455
1083,,5.804811954498291,5.689813137054443,5.780977725982666,5.398742198944092
1084,,5.628984451293945,5.650631427764893,5.466086864471436,5.409775257110596
1085,5465CFB035C048D5B6B2170FA69529A1,5.396087646484375,5.761744976043701,4.955549716949463,5.360171318054199
1086,,5.502524375915527,5.709654331207275,5.7912774085998535,4.801564693450928
1087,,5.74222469329834,5.539303779602051,5.695549488067627,4.96500825881958
1088,,5.612395763397217,5.601745128631592,5.876938343048096,5.401792049407959
1089,,5.518725872039795,5.205277442932129,4.679406642913818,5.186232089996338
1090,,1.123117208480835,1.123117208480835,1.123117208480835,1.1993095874786377
1091,,1.123117208480835,1.123117208480835,1.123117208480835,1.1993095874786377
1092,,5.900735378265381,5.7368364334106445,5.762279987335205,5.328115463256836
1093,,5.7247514724731445,4.917172431945801,5.59552526473999,5.522817611694336
1094,38FFD6F4628448F28B46E86FDF6E5A9E,5.550609111785889,5.775283336639404,3.986981868743897,4.338205337524414
1095,147A85A3EE4E4A57921F890CA7232BC6,5.838409423828125,2.678338527679444,2.032198667526245,5.277780532836914
1096,,5.54783821105957,5.700841426849365,4.419256210327148,5.098771572113037
1097,C604D077C6F644DCB79ABFAD53468012,5.175767421722412,5.48772668838501,5.37370491027832,4.636404514312744
1098,,5.745157718658447,5.734344482421875,4.454016208648682,5.306914806365967
1099,,5.576640129089356,5.7469162940979,4.814877986907959,5.464559078216553
1100,,5.678414821624756,5.860361576080322,5.768922805786133,5.265914440155029
1101,7AD2281E53434F05AB9B915D29D9883A,5.833733558654785,5.845157623291016,5.865331172943115,5.382024765014648
1102,,5.664402484893799,5.758646488189697,5.679512023925781,5.103509426116943
1103,,5.798462390899658,5.610254764556885,5.774319648742676,4.924783706665039
1104,,5.7223896980285645,5.815360069274902,5.628542423248291,5.23457670211792
1105,,5.095537662506104,5.564743041992188,5.632462501525879,4.921568393707275
1106,,5.4663262367248535,5.180673599243164,4.728207111358643,5.130857467651367
1107,,5.664546489715576,4.821445941925049,5.491709232330322,5.148659706115723
1108,,1.123117208480835,1.123117208480835,1.123117208480835,1.1993095874786377
1109,,5.882716178894043,2.7686471939086914,1.4130980968475342,5.6219801902771
1110,,5.497787952423096,5.59516716003418,5.719147682189941,5.186600685119629
1111,,5.66011905670166,3.4692885875701904,5.925471305847168,4.982650279998779
1112,FBC94C6AD0F345148E2D665113347C95,5.682158946990967,5.820901870727539,5.756662368774414,5.4279561042785645
1113,,5.798068046569824,5.84132194519043,5.856400489807129,5.509178161621094
1114,9692679B65FF4C4B9040BC938BDD2042,5.717482566833496,4.9778265953063965,5.393178462982178,5.154541492462158
1115,0D2A2231EC8249BAA92F6094E067AC71,5.8490986824035645,5.700260162353516,5.892578601837158,5.268427848815918
1116,D6F6579F5929468FBE9AF42299F9A2A9,5.824997901916504,5.737215995788574,5.198636531829834,5.15379810333252
1117,,5.876375675201416,5.756585121154785,5.357127666473389,5.376387119293213
1118,,5.760639667510986,5.757076263427734,5.718097686767578,5.419405937194824
1119,,5.799972534179688,5.821778297424316,5.398491382598877,5.31940507888794
1120,,5.868268489837647,5.818931579589844,5.718057632446289,5.382235527038574
1121,,5.727200508117676,5.839813709259033,5.908178329467773,5.622482776641846
1122,,5.780726432800293,4.207177639007568,2.5512468814849854,5.006654739379883
1123,,5.815382480621338,5.840344429016113,5.852388381958008,5.507654666900635
1124,7FC54A2BBBA844EC88AC2A5565845AC7,5.647887229919434,5.547900676727295,5.439971923828125,5.0811052322387695
1125,3C6A217DE6664F54B1103A5E9F227CA6,5.457108497619629,3.1055150032043457,3.749622344970703,4.855088710784912
1126,43EE05B1C9A14B2CA3D27C96E04674DE,5.443995952606201,5.43937873840332,5.414608001708984,4.754329204559326
1127,2005C80C4D674B82A36FD906AE99C269,5.716057777404785,5.923542499542236,6.004561424255371,4.921622753143311
1128,,5.531589984893799,5.7310471534729,5.648192882537842,5.152725696563721
1129,0A02A8468E53436CA70D62333711DCE4,5.725212097167969,4.921557426452637,5.4951605796813965,5.210443019866943
1130,,5.719268798828125,5.514856338500977,5.6109113693237305,5.214511871337891
1131,,5.735488414764404,5.630974292755127,5.477165222167969,4.590700149536133
1132,,5.699931621551514,5.897972583770752,5.720466613769531,5.421122550964356
1133,9DD69F6D8F5148429E16D457B9711026,5.598930835723877,4.392971992492676,5.628785133361816,4.851633071899414
1134,,5.154305458068848,5.779846668243408,5.890289783477783,4.806560039520264
1135,,5.489017009735107,5.486114025115967,5.55999231338501,5.159202098846436
1136,,5.5783233642578125,4.700542449951172,4.5336079597473145,5.03911828994751
1137,,5.744000911712647,5.759158134460449,4.284729957580566,5.65348482131958
1138,,5.801528930664063,5.8069167137146,5.217617988586426,4.641603946685791
1139,,5.799700736999512,5.530768871307373,5.953034400939941,4.814045429229736
1140,,5.86580228805542,5.915990352630615,5.817746639251709,5.410263538360596
1141,,5.602259159088135,5.848372459411621,5.284852504730225,5.049576282501221
1142,,5.779675006866455,5.850963592529297,5.797621726989746,5.443626403808594
1143,B2492A6539854CAEB346034B58268516,5.540961742401123,5.665480613708496,4.553177356719971,5.1331787109375
1144,,5.693117141723633,5.826239109039307,4.414697647094727,5.113651752471924
1145,3E3DEF0881C743638CFFA109D69F83F2,5.834782600402832,5.75424861907959,5.06099271774292,5.144402503967285
1146,,4.998218059539795,5.609875202178955,5.485022068023682,4.2851386070251465
1147,,5.807936668395996,5.942880153656006,5.797248840332031,5.604706764221191
1148,,1.123117208480835,1.123117208480835,1.123117208480835,1.1993095874786377
1149,,5.834000110626221,4.840036869049072,5.583155632019043,5.588843822479248
1150,,5.592107772827148,5.616086006164551,5.678908348083496,4.827253341674805
1151,,5.549681663513184,5.843380451202393,5.64744758605957,5.081718444824219
1152,89E7C851721F49EDB210B9C6E60729E4,5.5306077003479,5.147970199584961,4.598829746246338,5.165118217468262
1153,D9E232D397614A8584ED22E638521183,5.5062432289123535,3.391129732131958,2.8624420166015625,4.979732513427734
1154,48CF0836208947F3A9C1303E7ED49A0A,5.71019172668457,5.618338584899902,5.6824445724487305,5.175958156585693
1155,,5.319772243499756,5.057973861694336,5.757380962371826,4.793708324432373
1156,,5.575503826141357,3.655410289764404,5.942464828491211,5.286533832550049
1157,,5.5059895515441895,5.398982524871826,4.897395133972168,5.132215023040772
1158,,5.583350658416748,5.896519660949707,5.509173393249512,5.4970550537109375
1159,,5.863574028015137,5.418793201446533,4.449803829193115,5.19910192489624
1160,,5.806294918060303,5.805967330932617,5.902511596679688,5.495547294616699
1161,,5.648561477661133,5.660812854766846,2.7995941638946533,5.42046594619751
1162,08AD676E193D4EF09FBC96786A099818,5.819362640380859,5.688783168792725,5.7427897453308105,5.3820481300354
1163,,5.436250686645508,5.697175979614258,4.653943538665772,5.236568450927734
1164,,5.773388862609863,3.5833077430725098,1.940815806388855,5.156565189361572
1165,,5.6719069480896,5.856205463409424,5.83329439163208,5.279415130615234
1166,A13E44653102443887FEF6AACB30DCC3,5.450793743133545,5.736023902893066,5.818166255950928,5.139077186584473
1167,,5.718952178955078,5.643694877624512,3.3469245433807373,5.587921142578125
1168,,5.579967498779297,5.873311996459961,5.648592472076416,5.110700130462647
1169,,5.431264877319336,5.679304599761963,5.222864627838135,4.999319076538086
1170,,5.59628438949585,5.745105743408203,5.438106536865234,5.302495002746582
1171,1A7EA2A243BF467897CDCD8065FD980B,5.744541645050049,5.686723232269287,4.244423389434815,5.589768409729004
1172,,5.499948024749756,5.647867679595947,4.213460445404053,5.233576774597168
1173,,5.032463073730469,5.763988018035889,3.922093152999878,5.107482433319092
1174,C1520C3DACAA4C0A896DDC19832C2CB8,5.659974575042725,5.765852451324463,5.755201816558838,5.073363780975342
1175,9C4DB794FAC8413296A8DCAF46779B3C,5.679419994354248,3.4217681884765625,1.8545573949813845,4.999878883361816
1176,A517C7EC0157476E8A8F155A80F7165B,5.754729270935059,5.743135452270508,5.757549285888672,5.420670509338379
1177,3897878672EE48D19710F861C10825B7,5.825572490692139,5.762579441070557,5.793796539306641,5.058810234069824
1178,,5.582003593444824,5.682211875915527,5.829746723175049,5.058017730712891
1179,,5.609604835510254,5.760043621063232,5.82120943069458,5.289444923400879
1180,,5.598414421081543,5.589945316314697,5.574875831604004,5.494328022003174
1181,,5.761506080627441,5.723535060882568,5.617008686065674,5.182479381561279
1182,,5.632674694061279,5.778735160827637,5.819965362548828,5.194689750671387
1183,5AA0D8820B684BDCB0B9D1585467496B,5.491858959197998,5.710078239440918,5.843380451202393,4.932343006134033
1184,8A9A3D65205841628819937CCA6EE91A,5.367739200592041,5.7949981689453125,3.814041376113892,5.272319793701172
1185,3701428B74B748B4A55DA78FEAF1D7C8,5.478236198425293,5.6312127113342285,5.59891414642334,4.872331619262695
1186,,5.935236930847168,5.882791519165039,5.935905456542969,5.299754142761231
1187,,5.772191047668457,5.855585098266602,5.789115905761719,5.3359904289245605
1188,1B50F986520746DEB6C52F0A30F9E0EE,5.235353469848633,5.35902738571167,5.24445915222168,4.731031894683838
1189,,1.123117208480835,1.123117208480835,1.123117208480835,1.1993095874786377
1190,,5.591785430908203,5.136680603027344,4.299746990203857,5.3222270011901855
1191,AF33F003A3A54828BD839D51631828D2,5.689584732055664,5.631030082702637,5.107457160949707,4.924725532531738
1192,0F7EBF94F63043299EDAA3466A243836,5.457550525665283,5.1721906661987305,5.706815242767334,5.084753513336182
1193,6F51CFD6C3F54FADBF2DCCD1AF3643C2,5.736105918884277,5.895000457763672,5.761886596679688,5.351487636566162
1194,,5.618768215179443,4.721702098846436,5.153786659240723,4.856128692626953
1195,,5.313276290893555,4.203141212463379,4.819474220275879,4.330740928649902
1196,,5.757081985473633,5.268958568572998,5.111782073974609,4.767704486846924
1197,3105C9CC889E4367AB84F63D002677E7,5.629543781280518,5.038829803466797,4.754040241241455,5.346041679382324
1198,7888A2429F784143A381F03582A8DC5E,5.680682182312012,5.138156414031982,5.640120029449463,5.193472385406494
1199,,5.647944450378418,5.824589729309082,5.804628372192383,5.309248447418213
1200,,5.381812572479248,5.717822551727295,5.306930065155029,4.477268695831299
1201,,5.598574638366699,2.6117794513702397,1.3420677185058594,4.180243015289307
1202,,5.913529396057129,5.848728656768799,5.631747245788574,5.421181678771973
1203,,5.367814064025879,5.681524276733398,5.855166912078857,4.990271091461182
1204,,5.700605869293213,5.123039722442627,5.010435581207275,5.221590518951416
1205,E1E46260FB044E738819C0A8BC2FC4E7,5.779932975769043,5.830872058868408,5.786241054534912,5.419716835021973
1206,8A57986CDDE54B6DA9725EE57FE00DBA,5.81685733795166,5.834207534790039,5.612889289855957,5.189752578735352
1207,613B580C07A84D71B6651F80429494CB,5.649570941925049,5.899385929107666,5.9017438888549805,5.116772174835205
1208,,5.338705539703369,4.467488765716553,5.381048679351807,4.982762813568115
1209,74901D2ADE564603BE59D28A55952B5C,5.4758710861206055,5.582532405853272,4.678391456604004,4.936270236968994
1210,B3D4498EF6CF43BCA0FDB7A1786CE95D,5.747027397155762,5.821315288543701,3.9125142097473145,5.300412178039551
1211,75BBCD78FEAA437AAD80280A70DC6B8C,5.707988262176514,5.701006889343262,5.903558731079102,5.081663608551025
1212,,5.838902473449707,5.810732364654541,4.024019241333008,5.345170021057129
1213,,1.123117208480835,1.123117208480835,1.123117208480835,1.1993095874786377
1214,,5.397860050201416,5.743513584136963,5.410227298736572,5.012109756469727
1215,,5.499621868133545,5.576271057128906,5.596499919891357,5.561340808868408
1216,,5.597940444946289,2.793290138244629,2.1815648078918457,4.7684197425842285
1217,,5.728522300720215,5.497814655303955,5.745077133178711,5.310431003570557
1218,,5.7358717918396,5.514307975769043,5.649606704711914,5.158038139343262
1219,C955B6161D3344FCA960611500CBBD01,5.64772891998291,5.868191242218018,5.609874725341797,5.1621174812316895
1220,,5.475980758666992,5.367839336395264,5.329541206359863,4.853800296783447
1221,,5.701125144958496,3.215551853179932,1.6254667043685913,5.380444526672363
1222,,5.695130825042725,3.772576332092285,1.326444387435913,5.156213760375977
1223,,5.0642619132995605,5.582127571105957,5.752387046813965,4.856788635253906
1224,,5.403964519500732,4.707093715667725,5.932421684265137,5.274146556854248
1225,1EC68FB44F3E4137B7AB7E4403CEB98F,5.80506706237793,4.375943183898926,4.72165060043335,5.108041286468506
1226,,5.502292633056641,5.4282989501953125,5.464807987213135,5.154582500457764
1227,,5.747770309448242,5.709616184234619,5.790268421173096,5.241264343261719
1228,,5.823742866516113,5.765476226806641,5.860701084136963,5.327637195587158
1229,,5.581302642822266,5.697747230529785,5.801827907562256,4.690149784088135
1230,D8F22F9538DA430BB208705F4925E019,5.558175086975098,5.912740230560303,5.936893463134766,4.999464511871338
1231,73B04382C0A34AC0958E4F242940D4EA,5.754852294921875,3.9093329906463614,2.7051894664764404,5.375933170318604
1232,,5.30087947845459,4.234280109405518,2.799669027328491,4.037250518798828
1233,,5.843557834625244,5.861482620239258,5.817882537841797,5.576931953430176
1234,,5.543231964111328,5.887876033782959,5.272335529327393,5.22920036315918
1235,,5.025784492492676,3.4045233726501465,3.8576624393463135,4.3992533683776855
1236,,5.128498554229736,5.751201629638672,4.929426670074463,5.609003067016602
1237,9699036197734B979386DB4245EA24CA,5.818991184234619,5.795843601226807,5.56973934173584,5.593441486358643
1238,,5.780662536621094,5.545982360839844,1.770964741706848,5.003427982330322
1239,B4D757311CD242519B0C288761F32118,5.804485321044922,5.862470626831055,1.898264765739441,5.188361644744873
1240,,1.123117208480835,1.123117208480835,1.123117208480835,1.1993095874786377
1241,CAEFA0231B1149C58F819C7F67479694,5.840303421020508,5.819981098175049,5.937862396240234,5.264694213867188
1242,6932152018164CFBBE74613822660F93,5.754929542541504,5.861416816711426,5.837648868560791,5.579019069671631
1243,,5.630237579345703,5.495649337768555,4.880448341369629,5.079327583312988
1244,,5.176693439483643,5.738041877746582,3.4934558868408203,4.760658264160156
1245,,5.389922142028809,3.57761287689209,2.137619972229004,4.578420639038086
1246,,5.588108539581299,3.0989420413970947,1.1600514650344849,4.665746688842773
1247,,5.350891590118408,5.493392467498779,4.799712181091309,4.954394340515137
1248,,5.669753074645996,5.817477226257324,5.529831886291504,5.692472457885742
1249,,5.736474514007568,5.693827629089356,5.32983922958374,5.249413967132568
1250,,5.301578998565674,5.7702250480651855,5.031651973724365,5.195645332336426
1251,,5.769320964813232,5.801360607147217,3.911372423171997,5.345099449157715
1252,1DE44F23C4D54CA9B8FB5B931D596BF6,5.704141616821289,5.917867183685303,5.928372383117676,4.9838151931762695
1253,,5.709018707275391,5.820128440856934,5.85309648513794,4.822880268096924
1254,CFEA8E05CD284286A0495E7688A33342,5.598897457122803,5.594137191772461,5.349839210510254,5.361910820007324
1255,,5.567313194274902,5.615805149078369,5.396176815032959,5.264246463775635
1256,,5.8848185539245605,5.849802970886231,5.755784511566162,5.455016613006592
1257,AD6E14E985154BFB980D78884436EA80,5.5383172035217285,5.536283493041992,5.663189888000488,4.700830936431885
1258,,5.864809513092041,5.839356422424316,5.326121330261231,5.410242557525635
1259,,1.123117208480835,1.123117208480835,1.123117208480835,1.1993095874786377
1260,,5.581923961639404,5.489205837249756,1.554990530014038,5.422908306121826
1261,,5.352935314178467,5.469972610473633,5.523770809173584,5.188138961791992
1262,2A04A16CF7C6422AB88D6C019A6A3524,5.864335060119629,5.885307312011719,5.9111833572387695,5.28101921081543
1263,4B87A84E40A140DAA4CC7AD974458460,5.856435298919678,5.817751407623291,5.2781662940979,5.2715983390808105
1264,,5.263067722320557,5.275120735168457,5.829856872558594,5.267300128936768
1265,,5.840813636779785,5.782111644744873,4.214544773101807,5.5456976890563965
1266,,5.500186920166016,5.786128044128418,5.481593608856201,4.713634490966797
1267,,5.582931041717529,5.746415615081787,5.557458877563477,5.465644359588623
1268,,5.634365081787109,5.395909786224365,5.154147148132324,5.010935783386231
1269,,5.002495288848877,5.58317756652832,3.6761667728424072,5.017948150634766
1270,,5.480871200561523,5.717063903808594,4.01902961730957,5.125557899475098
1271,,5.284317970275879,5.769053936004639,5.753201484680176,5.308956146240234
1272,,1.123117208480835,1.123117208480835,1.123117208480835,1.1993095874786377
1273,,5.244105815887451,5.791093826293945,5.813387870788574,4.736096858978272
1274,,5.633413791656494,5.669885158538818,5.731790542602539,5.565315246582031
1275,,5.2622599601745605,5.678994178771973,5.648739337921143,4.892756938934326
1276,,5.63251543045044,5.448068618774414,3.733387470245361,4.904431819915772
1277,4A9212285E024A8CA11A93E82524835C,5.716726779937744,5.549262046813965,5.078605175018311,5.374164581298828
1278,,5.513225078582764,5.905716896057129,3.5551469326019287,5.686628341674805
1279,,5.470839977264404,5.774550914764404,5.009867668151856,5.3017578125
1280,,5.491801738739014,5.650233268737793,5.7833170890808105,5.062146663665772
1281,,5.766794204711914,5.774177551269531,5.378724575042725,5.529553890228272
1282,,5.861881732940674,5.840677738189697,5.757086277008057,5.232885360717773
1283,,5.47321891784668,5.490592002868652,4.85590410232544,5.002618789672852
1284,,5.559354305267334,5.719754219055176,3.8238601684570312,5.185571193695068
1285,,1.123117208480835,1.123117208480835,1.123117208480835,1.1993095874786377
1286,,5.462960243225098,5.396166324615479,5.745168209075928,4.940877437591553
1287,,5.805370330810547,4.028198719024658,1.9311795234680176,5.264125823974609
1288,814D749030154C1481BAA62204BC0693,5.845667362213135,5.948770523071289,4.23204231262207,5.5131516456604
1289,,5.429558277130127,5.854544162750244,5.806509971618652,4.977107048034668
1290,,5.6935319900512695,5.7336297035217285,2.262659788131714,5.134433746337891
1291,4297AF3FDD3046A09816FC17FCEC1DD3,5.045544624328613,3.9175326824188232,5.781851291656494,4.13576078414917
1292,,5.76081132888794,5.784306526184082,4.865041732788086,5.191125869750977
1293,,5.660341739654541,5.92328405380249,5.827634334564209,5.064792633056641
1294,,1.123117208480835,1.123117208480835,1.123117208480835,1.1993095874786377
1295,12E48DA17B874C96ADED1C40AFA77EF6,5.632173538208008,5.466159343719482,5.81274938583374,5.098743915557861
1296,,5.614509105682373,4.978603363037109,5.634445667266846,5.241973400115967
1297,,5.676295280456543,5.540417671203613,5.852275371551514,4.631410598754883
1298,,5.638948917388916,5.651874542236328,5.813100814819336,5.3279948234558105
1299,,1.123117208480835,1.123117208480835,1.123117208480835,1.1993095874786377
1300,6E326A48770148549E12278B48A5DC99,5.440500259399414,5.7490234375,2.980797052383423,4.7412638664245605
1301,,5.615483283996582,5.583411693572998,2.6583728790283203,4.775416374206543
1302,,5.529635906219482,5.511712551116943,5.15737247467041,5.504572868347168
1303,,5.59499979019165,5.628855228424072,5.646693229675293,5.038512229919434
1304,,5.822200775146484,5.7648468017578125,5.557019233703613,5.762206077575684
1305,676B796962454B5B82D5A865EB7DB888,5.540334224700928,4.90123987197876,4.58604097366333,4.622298240661621
1306,,5.602023124694824,5.3179450035095215,5.613678455352783,4.975679874420166
1307,,5.724905967712402,5.837357521057129,5.30021858215332,4.91274881362915
1308,,5.633674144744873,5.3539628982543945,5.502357482910156,4.848416805267334
1309,,5.269267082214356,3.97940444946289,2.548915147781372,5.078066349029541
1310,,5.512859344482422,5.681283473968506,5.619241237640381,4.103984832763672
1311,,5.690189838409424,5.503444194793701,5.190193176269531,5.412816047668457
1312,,5.345434665679932,3.745514392852783,5.034420013427734,4.2643632888793945
1313,,5.580849170684815,5.700974464416504,5.729282379150391,4.95544958114624
1314,,5.511053562164307,2.5646002292633057,5.893463611602783,4.828011989593506
1315,,5.61632776260376,5.63001012802124,5.743466377258301,4.972761631011963
1316,,5.526126861572266,4.934969425201416,5.716503620147705,4.580373764038086
1317,7C504BD4C331429F811D40652C0B1EC1,5.779817581176758,5.8416924476623535,5.899736881256104,5.061096668243408
1318,,5.676775932312012,5.865464210510254,5.780261993408203,5.398810863494873
1319,,5.628695964813232,5.690276622772217,5.806965827941895,5.326457977294922
1320,E06591E0AE514EC4BA6E5471B203285A,5.646876811981201,5.775597095489502,5.8062520027160645,4.874176979064941
1321,,5.537753105163574,5.5551276206970215,5.6348371505737305,4.5751237869262695
1322,9A5B731873534EC5ADF37FC60ED9842E,5.583749294281006,5.74281120300293,5.67127799987793,4.784816265106201
1323,,5.701356887817383,5.651011943817139,5.806412220001221,5.118017673492432
1324,,5.724225521087647,5.728555679321289,5.832852363586426,5.141185283660889
1325,,5.609614372253418,5.5406880378723145,5.818137645721436,5.158353805541992
1326,,5.314453125,5.365112781524658,5.319768905639648,5.098366737365723
1327,,5.652283668518066,5.783689022064209,5.633129596710205,5.187301635742188
1328,,1.123117208480835,1.123117208480835,1.123117208480835,1.1993095874786377
1329,32557ED8C8D24F46B3B42975F74FA74D,5.634037494659424,5.7472920417785645,5.40390157699585,5.2449727058410645
1330,,5.720760822296143,5.54405689239502,3.0401031970977783,5.631433963775635
1331,,5.824757099151611,5.782698631286621,5.506179332733154,5.718299865722656
1332,C732C40CF64B4D93A569A651A0D2C5F7,5.392024993896484,4.327207088470459,2.07220196723938,4.958635330200195
1333,,5.709469318389893,5.862833499908447,4.6118927001953125,5.134824752807617
1334,7E37D98AA76941A59E055FF280EF504A,5.615289688110352,5.8463544845581055,5.596042633056641,5.234932899475098
1335,,5.513393878936768,5.757763385772705,4.3726115226745605,5.068243503570557
1336,,5.533497333526611,5.5811920166015625,5.671003341674805,5.198009967803955
1337,,5.839197635650635,5.714297294616699,5.870710849761963,5.158133506774902
1338,,5.7170891761779785,5.730762004852295,5.710263729095459,5.397731304168701
1339,67947FB48B8E4A06A33B71A6A01F0E78,5.340897083282471,5.011516094207764,2.275502443313598,4.14796781539917
1340,DF7C15644A334918A9028EEB1DBE18C6,5.820462226867676,5.909414768218994,5.986946105957031,5.45099687576294
1341,,5.346478462219238,5.630222797393799,5.672616481781006,4.949425220489502
1342,,5.531431674957275,5.7566680908203125,5.8879570960998535,4.854480266571045
1343,,5.556995391845703,5.269100189208984,5.364351272583008,4.9149556159973145
1344,,1.123117208480835,1.123117208480835,1.123117208480835,1.1993095874786377
1345,,5.840028285980225,5.916449546813965,5.940706729888916,5.49724006652832
1346,,5.462580680847168,5.6595964431762695,5.811586380004883,4.789198398590088
1347,57C8D31840664B69984E1706B32B0209,5.754728317260742,5.82744836807251,5.75704288482666,5.316355705261231
1348,,5.717463493347168,5.827840328216553,5.706416606903076,5.081649303436279
1349,3ADB2033FD504029BBC8C3DB21B0E992,5.829371452331543,5.750836849212647,4.034660816192627,5.12572717666626
1350,7763CA82E22E444B9B47E70C70D8EC14,5.678345203399658,5.3196797370910645,5.613361835479736,5.373705387115479
1351,,5.792724609375,5.882678508758545,5.88658618927002,5.0243988037109375
1352,,5.823625087738037,3.2205724716186523,5.404238224029541,5.264297962188721
1353,,1.123117208480835,1.123117208480835,1.123117208480835,1.1993095874786377
1354,,5.783585548400879,5.6795806884765625,4.685364246368408,5.124663352966309
1355,896A712B60BB4BD1A92A9449A49BBF49,5.721486568450928,5.307600021362305,4.390650272369385,5.5055766105651855
1356,FC28493F6C9D420FB285F7C99D2EB849,5.628151893615723,5.407367706298828,5.690141677856445,5.188146591186523
1357,04D41E6B266D4DBD9F5C2DF68FC37E88,5.597289085388184,5.594109535217285,5.104673385620117,4.33784818649292
1358,,5.588162899017334,3.0989420413970947,1.1600626707077026,4.665746688842773
1359,00D808BCA2364DC0A9D86AAFCCF3B83E,5.356791973114014,5.493400096893311,1.4498780965805054,4.180880069732666
1360,,5.538476467132568,5.885173797607422,5.777511596679688,5.38049840927124
1361,E0CB7691192749199864EBD9F57CAE6C,5.644806861877441,5.5115509033203125,5.399022579193115,5.033229827880859
1362,,5.8797607421875,5.115946292877197,5.35062313079834,5.42924690246582
1363,,5.598922252655029,5.376904487609863,5.718749046325684,5.215153217315674
1364,414B488E96C149CB847C9410220F910E,5.755805492401123,5.831912517547607,1.4615525007247925,5.395009994506836
1365,,5.830021858215332,5.756374359130859,5.865451812744141,5.48124885559082
1366,,5.808704376220703,5.737302303314209,5.901519298553467,5.10745096206665
1367,5366A7251E5A41C280D47C8FD2328B43,5.398579120635986,5.768932819366455,5.925458908081055,5.336719989776611
1368,E74DE0C0CA8E4137B68B73C556466ADD,5.841698169708252,3.808992862701416,5.888671398162842,5.006696701049805
1369,6351F748534242D4BFC6E28BB8D8C5A4,5.06058406829834,5.122992992401123,3.3583271503448486,4.728521347045898
1370,1579D86EAB1643728C911CA441E2AFDF,5.417661190032959,5.891807556152344,1.5544158220291138,5.373329162597656
1371,,5.755753517150879,5.840119361877441,5.888428688049316,5.613725662231445
1372,,5.616873264312744,5.487598896026611,5.967540740966797,5.216810703277588
1373,,5.783180236816406,5.791774749755859,3.9543092250823975,5.167894840240479
1374,4340729D52124358B71F7EB9BF157CB6,5.442820549011231,4.907849788665772,5.224549293518066,4.492894172668457
1375,D76C9C5589D34341862831C7E35B4A39,5.780496597290039,5.580599784851074,5.607084274291992,4.80135440826416
1376,ACEE6417B42C4F65AA6EC2158DC8ABEB,5.880374908447266,5.765345573425293,5.875694751739502,5.1667022705078125
1377,,5.628421783447266,2.5494182109832764,2.344694137573242,4.874302864074707
1378,0FD2FE3A81B944F998CFBA7227EED4F1,5.336626052856445,5.826695442199707,3.2354400157928467,5.250833988189697
1379,,5.765363693237305,4.562690734863281,5.842350482940674,5.306809425354004
1380,4ADE012E62DB4030A7048F4A068417F8,5.321140289306641,5.726077556610107,5.495153903961182,5.1623735427856445
1381,4CDB75421A14494A806C1DF9F3A60BAD,5.03054141998291,5.938586711883545,5.901648998260498,5.353102207183838
1382,D7FC6CC93A484795A0736275EE7EEA5C,5.488996982574463,5.723723888397217,5.737074851989746,5.397453308105469
1383,B34D6F4A8C474AE18C728072FE27264C,5.3962249755859375,,,5.39642333984375
1384,4EAB4046C33140B598498E98EFF79369,5.730994701385498,5.5630950927734375,5.415695667266846,4.877265930175781
1385,3E4715FD6B504F5FBA2DFCF2B498109F,5.847222805023193,3.081704616546631,2.0370569229125977,5.61017656326294
1386,C656FF39716E441FA4313164CF7820FE,5.71099328994751,3.096230745315552,3.3051578998565674,5.226783752441406
1387,,5.1494245529174805,6.041473388671875,5.947819709777832,5.204783439636231
1388,A8DDC8349ADD49FCA4B3FD170447A9C9,5.789577960968018,4.663168430328369,5.810413360595703,5.151933670043945
1389,75B33A22582542CAAB333CD1E9712F58,5.66023588180542,4.947413444519043,5.876698017120361,5.090120315551758
1390,1E33694C90664523B1AEF85C06B15DB6,5.314036846160889,3.245798826217652,1.6280133724212646,4.2289886474609375
1391,8543FF72CA7647D2ACDAD493AD5EF6F4,5.4690375328063965,5.882546424865723,5.88533878326416,5.23444414138794
1392,79493AC9CFBD4A36962E51A5ACA4BD64,5.438238620758057,5.6779632568359375,5.136885643005371,5.248462677001953
1393,303D99BA9DBC40BEAC4248F43EC2654B,5.843992710113525,4.8816094398498535,1.718758225440979,5.473600387573242
1394,BB6CC7E39FE141A98BE52FDA214419E2,5.66030740737915,3.004835844039917,1.9751955270767207,5.140008926391602
1395,3A21AD090BD241D5AC2F9727504866AC,5.773834228515625,4.488433837890625,5.300935745239258,4.869509220123291
1396,6F8CA1FDA43B4C5DAC8A31E6AB1FA7AF,4.918123722076416,5.493881702423096,5.703813076019287,5.073119640350342
1397,9445D0F623B24DD7AD9FAD3E9BD82B8A,5.830621719360352,5.799578666687012,5.87079381942749,5.398801326751709
1398,,5.860984802246094,5.809704303741455,5.390295028686523,5.215284824371338
1399,,5.3212480545043945,4.203141212463379,4.819474220275879,4.330740928649902
1400,,5.204498291015625,5.396176338195801,4.822495937347412,5.024292945861816
1401,97181789BE4A4C4B8A1B8C3451398B21,5.562832355499268,4.01982307434082,4.633889675140381,5.084105014801025
1402,EF890A0149AD4AAD9DDC317738F0047E,5.709831237792969,5.766375541687012,5.590292453765869,5.091032981872559
1403,5BAB0A1BA15A465CB8D7448D7AA9E8FE,5.781006813049316,5.956211090087891,5.566895961761475,5.609669208526611
1404,0812D70A96C540C494E0303F848FE07C,5.485464572906494,1.6841930150985718,2.907297849655152,4.821420192718506
1405,,5.690191268920898,5.33332109451294,5.811536312103272,4.980159282684326
1406,C33CE5B1CCD24882BDD5C9A3DB370CD9,5.597199440002441,4.445348739624023,4.992753505706787,5.290844440460205
1407,14859321998D497897702AF68E4B0855,5.61993408203125,3.51609468460083,1.450136661529541,5.058249950408936
1408,9C83E0FF26FD471993D8C4042C8905BD,5.244553089141846,5.475903034210205,1.503604769706726,4.668164253234863
1409,,5.7182698249816895,5.711021423339844,5.930887699127197,5.108867168426514
1410,,1.123117208480835,1.123117208480835,1.123117208480835,1.1993095874786377
1411,827F6378F7DC477FB1FE1B32A45AC7E6,4.964996814727783,5.182245254516602,1.1222143173217771,4.694231033325195
1412,,5.802255630493164,5.8810133934021,5.6914544105529785,5.625351428985596
1413,,5.522525310516357,5.337736129760742,5.431734561920166,4.300277233123779
1414,9D6A8DABA9064A83972F7F55B2FE8D85,5.63314151763916,5.816406726837158,5.911438941955566,5.295825958251953
1415,,5.817927360534668,5.806829929351807,5.005416870117188,5.633450031280518
1416,54B9F370C90B45C09BEF11B7F18EA8BF,5.195858478546143,5.537117004394531,4.954006671905518,3.952449560165405
1417,3E9A4A2D381C45359172DE1BB0811084,5.545897006988525,5.338313579559326,3.971475839614868,5.07066535949707
1418,FCB884A0F5A448868B2CB0A14C369AF9,5.3252058029174805,5.850135803222656,5.84645414352417,4.874814987182617
1419,,4.804458141326904,4.831676006317139,5.012508869171143,4.489907264709473
1420,,5.560892105102539,5.632872104644775,5.032192230224609,4.800656318664551
1421,2DBAFCA77A984F5281AC177BA95BDC3E,4.786379814147949,4.783153533935547,3.170630931854248,4.504263401031494
1422,453E8B8456E9424FA9946D9509371D29,4.873947620391846,4.404911994934082,5.095351219177246,3.644689083099365
1423,D67539026EFD4D1FA0CF69A6282BE0E0,5.223954677581787,5.223276615142822,5.033493041992188,4.770979881286621
1424,,5.663755893707275,5.4604692459106445,5.847465991973877,5.307905197143555
1425,,5.776487350463867,5.649072647094727,4.28701114654541,5.376433372497559
1426,BE7E89A52976411D88B6D3C55D50F94E,5.621033668518066,5.8373703956604,5.422198295593262,5.027253150939941
1427,630187E343104A0792CFA87A741EC609,5.861765384674072,5.347982406616211,5.715547561645508,5.102459907531738
1428,BC7635B522B341369D685F7D5225BA5F,5.083972454071045,5.152068614959717,4.684021472930908,4.7637457847595215
1429,,5.567334175109863,5.693182468414307,5.472110271453857,4.808418273925781
1430,,5.563138484954834,5.729206562042236,5.413161277770996,5.10426664352417
1431,BDE67C2DF7E34C829465442702DD3ACC,5.797191619873047,5.3920512199401855,5.83629035949707,5.58425760269165
1432,,5.860076427459717,5.314437389373779,5.23617696762085,5.57065486907959
1433,740A1E364D754D8D837DAE1CBB37DE27,5.185212135314941,5.809631824493408,5.34650468826294,4.108317852020264
1434,,5.707955360412598,5.773182392120361,5.873512268066406,4.952272891998291
1435,33EA65F95A8B452F801254B76D7571CB,5.431693077087402,5.681943416595459,4.744631767272949,4.999976634979248
1436,4D8D23549F174F5A9DBC9E67CB1B1056,5.460239410400391,5.44788122177124,5.480868816375732,4.657160758972168
1437,4EFF0C55886D4D5DB373C46B17F00B30,5.804804801940918,5.80493688583374,5.912789344787598,5.371826648712158
1438,9D3CC2A0CD0E4D41BBC962D772887420,5.308128356933594,5.829880237579346,5.534308433532715,4.628571510314941
1439,,5.697206020355225,5.541391849517822,5.799771308898926,5.228479862213135
1440,,5.671311378479004,5.997199535369873,5.819032669067383,5.141790390014648
1441,50E8E993DB1E40B58EB9D70E3FE58C6D,5.31082820892334,5.697018623352051,5.787600994110107,4.7447123527526855
1442,,5.647679805755615,5.891185283660889,3.4252703189849854,5.50789737701416
1443,,5.383832931518555,5.563603401184082,5.917203903198242,5.289994716644287
1444,E458A546FAFC4A43895570E127E1EA05,5.649739265441895,5.66067361831665,2.7446839809417725,5.324039459228516
1445,6FE3E7209DA943E3A29F83EAF4CE4639,5.447554588317871,5.900152206420898,5.718444347381592,5.369658946990967
1446,,5.7008256912231445,5.321419715881348,5.414543151855469,5.265260219573975
1447,C4480EAF3D99424E9A7A4EBC77936730,5.765529632568359,5.8954925537109375,5.791456699371338,5.451430797576904
1448,,5.766368389129639,5.019200801849365,2.229382038116455,5.272898197174072
1449,BF1C8DFFFC894528B9774A63D691F1A8,5.744012832641602,5.887549877166748,5.1413655281066895,5.056225776672363
1450,162FE4DC007B40758F0A8C323E0D90A5,5.484629154205322,5.529877185821533,3.4414374828338623,5.495095729827881
1451,B8FF337BCE4E47709305D2A30A3C5F0E,5.627670764923096,2.9315285682678223,2.774341344833374,4.8032546043396
1452,,5.853137016296387,5.711831092834473,5.859062671661377,5.2595696449279785
1453,,5.520468235015869,5.308147430419922,5.693942546844482,5.18787145614624
1454,B36EC95E8A1141CD87A0A0E402609391,5.640970706939697,5.39311408996582,5.278726577758789,5.254457950592041
1455,D9189500C34443EE8B05E4F6EA2DA04F,5.881931781768799,5.807960033416748,5.816776752471924,5.414504051208496
1456,389FB9674BAD4EC890991AA25B11011A,5.752310276031494,5.855106353759766,5.803116321563721,5.427616119384766
1457,,5.583143711090088,5.755146026611328,5.536503791809082,5.443159580230713
1458,97307800D49C494BB554282F64743A52,5.792820930480957,5.737522125244141,5.661518096923828,5.424284934997559
1459,,5.648258209228516,5.1073198318481445,3.8261313438415527,5.456497669219971
1460,7E960798CC674DBD9E28A300CE3419EB,5.720344543457031,5.813106060028076,5.243350505828857,5.273450374603272
1461,,5.752877712249756,5.432145118713379,5.893547058105469,5.0479583740234375
1462,2AD940C9920D4E468795F170DBB5E37C,5.290520191192627,5.307050704956055,4.40099048614502,4.842593669891357
1463,384B94D391B0427586316A700F3C258A,5.841782569885254,5.711648464202881,5.573413372039795,5.49572229385376
1464,C8DAE2F351914C53A13D1EDF1B7C12CD,5.77997636795044,5.60048246383667,4.945460796356201,5.464025497436523
1465,2651BF73651149FEB0A40547AE586F55,5.642516613006592,5.7937211990356445,5.706393241882324,5.158473968505859
1466,,5.7368669509887695,5.674271583557129,5.886377334594727,5.475754261016846
1467,34476DCE7931476583325AB012B7CDA2,5.708957672119141,5.440292835235596,2.7931325435638428,5.376533031463623
1468,6193BC2038F140ACBECF7B442E1AFA46,5.717441082000732,5.389969825744629,5.7488884925842285,5.427500247955322
1469,,5.563841342926025,3.1197097301483154,1.8022550344467163,4.948257446289063
1470,709E62199848439C88C689809C832E42,5.449933052062988,5.564651012420654,5.753896236419678,5.032951354980469
1471,,5.7917256355285645,5.827673435211182,5.868216037750244,5.483645915985107
1472,EEF1665D49B74C44A5DC6EA8F4BCD8E0,5.338569641113281,5.741616725921631,5.709961891174316,4.766746044158936
1473,8A7803DC27D84078A2E22EAF8DA04494,5.499660968780518,4.984775543212891,5.276357173919678,4.767534255981445
1474,F59C0BB90F2847CEB2FD7CED88FA7483,5.634370803833008,5.651932239532471,5.775109767913818,5.25423526763916
1475,1135088B7E4248599036A92B9DFC3742,5.826198101043701,5.763044357299805,5.808111190795898,5.673708438873291
1476,1A81AAEF46BF439EB6AC3777A6998D42,4.742355346679688,5.80203104019165,5.931237697601318,4.709213733673096
1477,7895F829DA594283900D9E61EC1A4B8E,5.660622596740723,5.732517242431641,5.74709415435791,4.945209503173828
1478,5C3EE13759464E0CA9594B9696FDC765,5.796831130981445,5.910579204559326,5.879817962646484,5.453856945037842
1479,,5.717577934265137,5.86644983291626,4.233911514282227,5.142142295837402
1480,E9778B8B9D824722BFE3556FE2ACFC04,5.216780185699463,5.012519836425781,5.785253047943115,5.101740837097168
1481,0FB2898E4FBD4F75A763EF5703E34167,5.681246280670166,5.696940898895264,4.955620765686035,5.3480610847473145
1482,,5.841865062713623,5.7924113273620605,4.982185363769531,5.390324115753174
1483,90F65F16B2EA487AB6EBE2AD21AB2036,5.105987071990967,5.952871799468994,5.925520420074463,5.245385646820068
1484,,5.438907623291016,5.954764366149902,5.658735752105713,5.255873680114746
1485,494A60FAFC2F4B6BACEB6D5C2153D8B4,5.103557586669922,5.533169269561768,5.677072525024414,5.351841926574707
1486,,5.389801025390625,5.671379089355469,5.963889122009277,4.976773262023926
1487,3483D6937BAD412F8398E3D8C9DAA243,5.745579719543457,5.7460713386535645,5.812056541442871,5.166215419769287
1488,C1D9EBE50DF14EAF93C8D4F45FBA199A,5.596316814422607,5.533608436584473,5.45098352432251,4.779837608337402
1489,7836758F39C84B038E2BD81987FB827F,4.966601371765137,4.299837112426758,4.991785049438477,4.176634311676025
1490,,5.700277805328369,5.596254825592041,5.640056133270264,4.805338382720947
1491,32BCBC0AB2B247BEAB86A45A9F2DBF4C,5.3131937980651855,5.046359062194824,5.700603008270264,4.4029860496521
1492,,5.850403308868408,5.152408599853516,5.325023651123047,4.803212642669678
1493,6B66C8A64DC34D9EB5830C3D572B7849,5.765127182006836,5.451284408569336,4.195948123931885,5.506792545318604
1494,78BB286ED6CC4625BF555BC647AF25CE,5.424464702606201,5.862475872039795,5.40089750289917,4.356522560119629
1495,4AF1EAFCF62B48A9BD8D5FEC43C952D9,5.680285930633545,5.73068904876709,5.881989479064941,5.390114784240723
1496,,5.395883083343506,3.6692183017730713,4.275017738342285,4.583851337432861
1497,,5.428642749786377,5.528954029083252,5.736186027526856,4.326491355895996
1498,F8075E9DEDD0471EA2E19E6A5CE01C1A,5.856808662414551,5.665994644165039,5.662994861602783,5.706189155578613
1499,4AAF3C2A871D48D48EAF9C1EF9568532,5.437864780426025,5.6774678230285645,5.548669338226318,4.972550392150879
1500,A5FABDA0D17C4C6889441519A4F7A3A8,4.1059651374816895,5.465681076049805,3.675583124160767,4.154401302337647
1501,1B7D9FACB6E84FB896CD98CF16FDB570,5.458449840545654,5.838281631469727,5.690387725830078,5.3254265785217285
1502,AC343FDB21BB410895E48489901D388B,5.571775436401367,5.882080554962158,5.801973819732666,5.540374279022217
1503,4D3A556FF44841E7A7154213519DBB31,5.659052848815918,5.352455139160156,5.155381202697754,5.204308986663818
1504,4D83E916AC3D4E128DACAC9EFD3DF7FB,5.690546989440918,5.5143585205078125,5.269690990447998,5.358078002929688
1505,39EAC1F71CD946B9AFEF8BCBB20F44CF,5.27475118637085,3.8166017532348633,5.581167221069336,4.319655895233154
1506,,5.628364562988281,5.528904914855957,5.2748541831970215,5.23895263671875
1507,,1.123117208480835,1.123117208480835,1.123117208480835,1.1993095874786377
1508,1C3FEAA46E0444B8B0F96480EF8E0F8A,5.504796028137207,5.690377712249756,5.771597862243652,4.9326701164245605
1509,7A46D502FF3946B5A6AF85FAD7F5773C,5.50717830657959,4.37169361114502,3.7007575035095215,4.616497039794922
1510,BCD667A58A1A4E25ABF06560EB886583,5.39659309387207,5.471992492675781,5.477537155151367,4.754207134246826
1511,,5.185941696166992,2.0239269733428955,2.32548189163208,4.512111663818359
1512,,5.488995552062988,4.605475902557373,5.278592586517334,4.789337158203125
1513,,5.700564384460449,5.649105548858643,3.6493194103240967,4.989047527313232
1514,,5.277809143066406,5.232280731201172,4.777626037597656,4.812504291534424
1515,,5.727674007415772,5.643694877624512,3.3469245433807373,5.587921142578125
1516,BA8F3020F91340B58A68DCE3713D3864,5.660366535186768,5.699822425842285,5.733110904693604,5.418037414550781
1517,,5.775696754455566,3.129765748977661,1.9122662544250488,5.589680671691895
1518,A24ACAAB80104AE2A3AE474A2423D03E,5.336792945861816,4.535101890563965,5.764229774475098,4.767668724060059
1519,FF4F16DF3E3248B986B79AC83F44764D,5.718488693237305,5.102228164672852,5.450206279754639,4.854831218719482
1520,B5FB3C78DA18445992B991AECD386D27,5.712149620056152,5.539067268371582,5.615891456604004,5.405716896057129
1521,,5.617190837860107,5.726802825927734,4.795810699462891,5.220987319946289
1522,,5.512762546539307,3.3953654766082764,5.584667682647705,4.919517517089844
1523,,5.407565593719482,5.503938674926758,3.798119783401489,5.1594438552856445
1524,,5.640819072723389,5.870645523071289,3.1815264225006104,5.447261333465576
1525,8AB7C5A75D7E4ED4964B0CD3F8F24048,5.360939025878906,1.896706700325012,4.407879829406738,4.8890886306762695
1526,95B0EA0BAE8C48B49846E68DA092C38A,5.011502742767334,4.740445137023926,5.62619686126709,4.709720611572266
1527,713B12E33399403AA322D5FC09E7DBD8,4.276253700256348,3.2742373943328857,5.909792900085449,4.1044793128967285
1528,03DF43246C914ABBB382B76F6C04DDA9,5.717728137969971,5.178656101226807,5.171950817108154,5.326516151428223
1529,,5.641555309295654,4.203272342681885,5.455437660217285,4.918325424194336
1530,EFEC9071D2114B63808B3F750402DF43,5.877021312713623,2.8537111282348637,3.899836540222168,4.94951868057251
1531,CB18A705D3D540B8A4A8D627BE511170,2.559201002120972,5.387737274169922,4.618961811065674,3.642073154449463
1532,,1.123117208480835,1.123117208480835,1.123117208480835,1.1993095874786377
1533,298C9F0889D7453D82FBD7F8AD65B92F,5.808322906494141,5.818341255187988,6.051572322845459,5.6015706062316895
1534,64F3764E4DD94B1C95E1E28CE1EC8095,5.307262897491455,5.515822887420654,5.838027000427246,4.5067572593688965
1535,6071D09787B54E07879D8BD9782B2341,5.560824871063232,5.849807262420654,5.770365715026856,4.682664394378662
1536,776435FD31304C318DE896E0657127C2,4.464343547821045,5.796833515167236,2.547906875610352,4.0734639167785645
1537,6E5406600D764059BC155B26FCA4AF8D,5.27777910232544,5.447957992553711,5.841835498809815,5.216264724731445
1538,FAEF480759C94412A5AD593699217679,5.352666854858398,5.365913391113281,4.935317516326904,4.876915454864502
1539,D277AB5749C54D56AB93B191298A7AD3,5.595959663391113,5.560216426849365,5.78374719619751,5.135934829711914
1540,,5.596674919128418,3.757871866226196,5.955517768859863,4.809453964233398
1541,55912A06C0AA4158A236C973A49E6C0E,5.470970630645752,4.846983432769775,5.300229549407959,5.026946544647217
1542,,5.58872127532959,5.710373401641846,5.584464073181152,4.537790775299072
1543,2241CE49B9D64A0F8997374BFEAA4E57,5.751492500305176,5.562653541564941,5.718426704406738,5.253059387207031
1544,F2C288CA424F4A0286948519AEB1251A,5.791643142700195,3.894599676132202,2.9476590156555176,5.260964870452881
1545,,5.337707042694092,4.032504081726074,5.660533905029297,4.465514183044434
1546,C2C8A74EC7434A6F964C947422FF849A,5.006682395935059,5.870885372161865,3.9555490016937256,5.107274532318115
1547,,5.459109783172607,5.897242069244385,5.547750473022461,5.526379108428955
1548,,5.759817600250244,5.091554641723633,2.876434087753296,5.401370048522949
1549,081C478370F54DABBF6F76F47BC7FD67,5.723975658416748,5.13783597946167,5.660811901092529,4.629870891571045
1550,,5.797154903411865,5.820087909698486,5.600488185882568,5.2861409187316895
1551,5FFB8757456B4C0BA2615EBF53D6BB32,5.476953029632568,5.641168594360352,5.879033088684082,5.079051971435547
1552,,1.123117208480835,1.123117208480835,1.123117208480835,1.1993095874786377
1553,62F502ACB89E4CE288F05BFD3BE0DABA,5.804525375366211,5.893331527709961,5.753944396972656,5.530388355255127
1554,D2C7C79A08024438851D591F9FF656F5,4.161550521850586,5.530704975128174,4.571587085723877,4.195615291595459
1555,933B0BF5947B47318D61274487918645,5.717469692230225,5.933701038360596,5.706334114074707,5.505958080291748
1556,,5.777970314025879,4.948310852050781,5.347484111785889,5.0798540115356445
1557,17AC5D9ABD6F47E08C8F01E94EA31465,5.44005012512207,5.400174140930176,5.470686912536621,4.843936920166016
1558,,5.772190570831299,5.883498191833496,5.838669300079346,4.954040050506592
1559,,5.9050612449646,5.93580436706543,5.804551601409912,5.5260910987854
1560,B26D1FF1A3254FA2A88215506205B0E9,5.760361671447754,5.631771087646484,5.629163265228272,5.272270679473877
1561,,5.756271362304688,5.7520599365234375,5.816359043121338,5.130959987640381
1562,7046F00D82DA45AC84BF5D8BEB48D816,4.088111877441406,4.9203267097473145,5.583450794219971,4.108217716217041
1563,9B9C14A8482F4C27B3DB6EBEF7149B29,5.597985744476318,5.110119342803955,2.9046549797058105,4.84023904800415
1564,E38731FE58D548E1B3F8787CC3FFDA07,5.793603897094727,5.644537448883057,5.657424449920654,5.501485347747803
1565,4227771CBB974D8DBE299B31F11DF2FE,5.336771011352539,5.689852714538574,5.681018829345703,5.373518943786621
1566,8C9D4AFD3320423EBA99BE2769FE2C62,5.7305121421813965,5.8152618408203125,5.879222869873047,5.013050556182861
1567,,5.352975845336914,5.498408794403076,5.683830261230469,5.15557861328125
1568,,5.745153903961182,6.086581230163574,5.72681188583374,5.6043853759765625
1569,51DA8E3B21E4400596089FC36D816552,5.643599987030029,5.80248498916626,5.775862693786621,4.707044124603272
1570,7BF28405E4C7444E9857CDF691341437,5.320161819458008,5.7819342613220215,4.35008430480957,5.04085636138916
1571,573A511F66284279B70754406ED46949,5.860955238342285,5.807246685028076,5.7913689613342285,5.471929550170898
1572,277B18C384D34724B793D1CDB78A4246,5.870719909667969,5.8351898193359375,3.734383583068848,5.444494724273682
1573,96CFE18C2D71495597FAEDED800F21AD,5.610373020172119,4.620441436767578,1.269605040550232,5.117610931396484
1574,CE387251FBBC45A58D6920EB0935069A,5.118511199951172,5.216554641723633,5.761048316955566,4.595244884490967
1575,,5.736221790313721,5.863485813140869,5.901097297668457,5.418713092803955
1576,45FE27F9D1FD4D879B8583D5202C2F17,5.70053768157959,5.710032939910889,4.934875965118408,5.136985778808594
1577,0348DB2D2D984340A8B121EDD1D59218,5.476476192474365,5.086708068847656,4.754787921905518,4.729332447052002
1578,12076A45802B405BB00ABBFBB67729E0,5.5139479637146,2.7620174884796143,3.3139376640319824,5.204422473907471
1579,,5.230555057525635,5.462499141693115,4.090153217315674,4.999272346496582
1580,,5.697489261627197,5.737075328826904,5.551816463470459,4.951432228088379
1581,6C4705349C04430BA532B3A0C3078C85,5.732077598571777,3.357337713241577,2.5529825687408447,4.330729007720947
1582,49F0A680BC4A4D818C3549480013BD4E,5.817182540893555,5.983592987060547,5.903216361999512,5.489651203155518
1583,1127944010CA4D02827AC3B68B91714A,5.717342853546143,5.848123073577881,5.815111637115479,5.276585102081299
1584,A5011544B35548DB816CA9FAD40698D5,5.28471040725708,5.596781253814697,5.095315456390381,4.514801502227783
1585,B941108E0DEC4FB992D345F210C6EADD,4.900187969207764,5.540354251861572,4.735029220581055,4.727065563201904
1586,506AB5D43D314B4DB5E92190C0FDAC15,5.697607517242432,5.778188705444336,2.9057233333587646,5.278544425964356
1587,,1.123117208480835,1.123117208480835,1.123117208480835,1.1993095874786377
1588,2259F7A583134B458B07132AFF82ED3E,5.271389484405518,5.828845977783203,5.670691967010498,4.938215255737305
1589,F51679B1397A49D786F59E8671B7E2D1,5.529842376708984,5.708715438842773,5.738134384155273,5.398552894592285
1590,,5.548677444458008,4.405771255493164,5.404299736022949,4.849412441253662
1591,B3E1275A996043CAA3E259ACDE762CFE,5.3934245109558105,4.827210903167725,5.471631050109863,4.784494400024414
1592,5715B3A2F0AD44F08DF2B30923AEAFEB,5.72384786605835,5.60805606842041,4.884143829345703,5.201833724975586
1593,7DDAC1BACC9B435E9BFD6544CBFCABEC,5.761114120483398,4.386099338531494,4.420252323150635,5.3653950691223145
1594,,5.413261413574219,5.556928634643555,5.313573360443115,4.921610832214356
1595,8F7BDD5083354A5FA89D37B5298507DC,5.491359233856201,5.729170799255371,5.004207611083984,5.272898197174072
1596,29150DD46E7D4E988C875B35D42971E4,5.863152503967285,5.773046970367432,3.0860040187835693,5.259007930755615
1597,3413EED697A246E896AD0A399CDC3923,5.749385833740234,3.9036152362823486,2.8860867023468018,5.3954668045043945
1598,,5.620639801025391,3.241818428039551,4.65733528137207,5.242983341217041
1599,9635703152A34B49B91B9C4F91CB6E12,5.35214376449585,5.765934467315674,3.6160812377929688,4.859227180480957
1600,,5.822309494018555,5.393167495727539,5.395782947540283,5.281076908111572
1601,E9B4A5E434854C1ABC35D5CE17AB3A82,5.788544654846191,5.244883060455322,4.893023490905762,4.259176254272461
1602,,1.123117208480835,1.123117208480835,1.123117208480835,1.1993095874786377
1603,5CB76BED4B3A4DC586B042B85960FE14,5.037871360778809,5.7726731300354,5.292716026306152,4.748954772949219
1604,176175CB71BE4F899BC90A1854018057,5.56685209274292,5.8393635749816895,5.953372001647949,5.423640251159668
1605,,5.4937262535095215,4.115156650543213,1.51335871219635,4.789215564727783
1606,507075A75F704910B84D5123EADAD730,5.641341686248779,5.7012553215026855,5.710270881652832,4.669820308685303
1607,90651E15BDBD4A75AC9891E121CECAB4,5.563097953796387,5.808478355407715,5.8629150390625,5.255122661590576
1608,F461C04A6C364534B88502CB1CB63827,5.3050312995910645,5.845477104187012,5.796379089355469,4.786128520965576
1609,BA778645102B4A70BDBD45A3DE66D667,5.948312759399414,5.7652506828308105,5.682944297790527,5.45294189453125
1610,27AE1B17B04048009D52EA7E956BE7C0,5.443431377410889,4.417270183563232,3.8832061290740967,4.848693370819092
1611,B1EFF1A8A38F4406B19C1E6E96E64A67,5.671324253082275,5.867404460906982,4.791723728179932,5.602798461914063
1612,BFB9B3837F744751819DD9ACAD41EA6C,5.4686126708984375,5.570323944091797,5.853300094604492,5.1176066398620605
1613,B5CF7243E14948DB896CB52FE9224E95,5.549952030181885,5.841653823852539,5.8020734786987305,4.483298778533936
1614,A56CD95DD11C4FD19ECEF8F7795F09FD,5.773425579071045,5.546473979949951,4.009745121002197,4.989559173583984
1615,B1573AE2DAB54008885563B734CB0782,5.344155311584473,5.4459547996521,5.781126499176025,4.995237827301025
1616,A298719289AA4077A7DBEF7A706F2992,5.764771938323975,5.740989685058594,5.678478240966797,5.358372688293457
1617,B0C3D61517104DBF9A2473C3536EF254,5.288474082946777,5.951765537261963,5.626736640930176,5.450781345367432
1618,,5.670704364776611,4.8872971534729,5.803581237792969,5.267204284667969
1619,67E25F432F7C4616B1C4045D9BE8AA37,5.840451717376709,5.678256511688232,5.802823543548584,5.778476715087891
1620,,5.736233234405518,5.081821918487549,5.701976776123047,5.465126514434815
1621,3BB9F558B79A4B22A71CF00356573354,5.933260440826416,5.919552326202393,5.871133804321289,5.600211143493652
1622,7278105B2E864CD58A3F295271E82212,5.503491401672363,5.840121746063232,5.831096649169922,5.08392333984375
1623,,5.6975531578063965,5.826102256774902,5.3174238204956055,4.90648365020752
1624,7694FFAEE26C4CCCA60878E6CF5C72C1,5.678304672241211,2.2614688873291016,1.6180419921875,4.977435111999512
1625,F4DC27B22D5D469AA059CB7D953EE762,5.741624355316162,3.0639584064483643,1.528813123703003,5.134313106536865
1626,6595CE9F883840DEB90CD51D36DD59F3,4.980971813201904,5.784183502197266,5.369911193847656,4.286165237426758
1627,0B23D5D9AACA4AFD9227F5D0EFE58EEA,4.929470062255859,5.345985412597656,5.599498271942139,5.188157558441162
1628,CB78AFAADB144AF5ABC33CF2AEE96703,5.169595718383789,2.5166587829589844,1.128242015838623,4.122278690338135
1629,4F998834F4BE476D82745B47B37BC26E,5.613950729370117,5.84779167175293,5.881008625030518,5.508793354034424
1630,644D1FF591F34676BE8BA385E201561E,5.651082515716553,5.755885124206543,5.844198226928711,5.009576320648193
1631,,5.783986568450928,5.811457633972168,5.903848171234131,5.41470193862915
1632,9777F5E6D87C48A6A97B04780A49FA49,5.808170795440674,5.883732318878174,5.8561530113220215,5.37702226638794
1633,3407D5E0D003450C8EFFF21E2E05ACB4,5.540764808654785,4.854771137237549,2.0824756622314453,5.042569637298584
1634,602AA0DCAE284BD69C0068157CA215EB,5.786825656890869,4.900787830352783,3.791789531707764,5.027898788452148
1635,0BCC2E2FF5E84913AA0924679208ACF2,5.2297844886779785,5.640779495239258,3.762986898422241,4.244441509246826
1636,45619EEC714342B69D45730A7FF61C59,4.459273338317871,5.347668647766113,3.952867031097412,4.282663822174072
1637,51330BE92DBC45C8BA15922E6002E218,5.884607791900635,5.783634662628174,5.894630432128906,5.46620512008667
1638,7EF487B133D14734AA3EF827FC7E6BB3,5.676059246063232,5.613842010498047,5.629232406616211,4.908424377441406
1639,C29428ACD3FB4DE4AD337D9A83D952F8,5.719451427459717,2.867226839065552,5.664462566375732,4.727105617523193
1640,,5.502450466156006,5.690249919891357,5.594977855682373,5.206727504730225
1641,DAFDD2C4EB0D4F178D88BFBAAA816708,5.202740669250488,5.132907867431641,5.466337203979492,5.136526584625244
1642,,5.912311553955078,5.752081394195557,5.736745834350586,5.298334121704102
1643,,5.002495288848877,5.564981937408447,3.6761667728424072,5.017948150634766
1644,813F881994E84DA49C950B35091E3730,5.466374397277832,5.278748989105225,5.7755632400512695,4.631341457366943
1645,,5.84593677520752,5.8274407386779785,5.90617561340332,5.485429763793945
1646,9505582261B746E88F21D80882774393,5.772553443908691,4.577173709869385,4.0128984451293945,4.651342391967773
1647,,5.660386085510254,5.811539649963379,5.677505016326904,5.671882629394531
1648,338AB0BA972C491AA44D468CC03FE65E,5.5442962646484375,5.730849266052246,5.847901344299316,4.919281482696533
1649,,5.834960460662842,5.7967047691345215,5.920088291168213,5.327731609344482
1650,CE389EA62F9242F1B3F716DFCEA65B7A,5.491824626922607,5.235222816467285,5.470005512237549,4.873042106628418
1651,7575F52613384629B721CACB16DD3E1C,5.46516227722168,5.670472621917725,4.544101715087891,5.023629188537598
1652,,5.735872268676758,5.749074935913086,5.628286838531494,5.358332633972168
1653,E88AD4D691FA42689415B5847A3B992F,5.697271347045898,5.614827156066895,5.287008762359619,5.163680076599121
1654,3D15077B52F04F429BA945E2A27D6C82,5.623356819152832,3.4523110389709477,2.596010446548462,4.949023246765137
1655,1FB08F75532D4ED19E77B8474B4565D2,5.325870037078857,5.354558944702148,4.166702747344971,4.844756603240967
1656,,5.681231021881104,5.817996501922607,4.564694404602051,5.33774471282959
1657,,5.314519882202148,3.1394529342651367,3.245466709136963,4.637563228607178
1658,,5.61009407043457,5.824854850769043,5.41964864730835,4.21540117263794
1659,,5.833574771881104,5.710626125335693,4.656172752380371,5.487006187438965
1660,D5181F3A5DAA4BE6816147D68D1785BA,5.539742469787598,5.76635217666626,5.690625190734863,5.355671405792236
1661,861640C6D55A4AC896D8A9C6A467EF6D,5.381170749664307,5.374239444732666,2.4597437381744385,4.662902355194092
1662,80BEB9021DBA46EF84D800A39846306F,5.548265933990479,5.547980785369873,5.828065872192383,5.207376480102539
1663,,5.565922260284424,5.740871429443359,5.627323150634766,5.083556652069092
1664,35D93117D0E64BF28CD8C0CB3984ECC9,5.702216148376465,5.801222324371338,5.957494258880615,5.620764255523682
1665,,5.616444110870361,5.754826545715332,1.168386697769165,5.565949440002441
1666,1356074AB0944015B670CC9A8277CBD3,5.464998722076416,4.7635416984558105,4.9945268630981445,4.362565994262695
1667,990168CB21C545CDA55721D102EBEA59,5.439864635467529,5.471870422363281,5.330964088439941,5.459221363067627
1668,,5.699931621551514,5.897972583770752,5.720466613769531,5.421122550964356
1669,231AC4E1BD0C4009A8CCB30557EDFC9F,5.439778327941895,5.659839630126953,5.752908229827881,5.3144307136535645
1670,6864950F4F7141E584E08BE9C5C40C08,5.262062072753906,5.396517276763916,1.762887954711914,4.799395561218262
1671,F79589F85A1541FD8D4662603219444E,5.308528900146484,5.723798751831055,5.512797832489014,5.0552263259887695
1672,D0227902D956402890146B8B06E4356C,5.449845790863037,5.84589958190918,5.790491104125977,5.079435348510742
1673,,5.308047771453857,4.598188400268555,5.515738487243652,5.18988847732544
1674,,1.123117208480835,1.123117208480835,1.123117208480835,1.1993095874786377
1675,2DA5DA6672F04DA8AC057F1BA0E0B2B7,5.561160564422607,,,5.561160564422607
1676,,5.769777297973633,,,5.769777297973633
1678,,5.390577793121338,,,5.390577793121338
1679,3F89DCAA4A7443FA9E90309C606F3F92,1.0050595998764038,,,1.0050595998764038
1680,,1.0050595998764038,,,1.0050595998764038
1681,,1.0050595998764038,,,1.0050595998764038
1682,C2509F5D39AC4F81B87F537394AC6F52,5.547937393188477,5.178573131561279,5.790903091430664,5.019039630889893
1683,6B2A831DEAA948DAB866CA9B41B26042,1.091168761253357,,,1.091168761253357
1684,542613452DB24F829B6CC61C3788D523,5.458895206451416,4.436655044555664,,5.3428263664245605
1685,,4.93234395980835,,,4.883268356323242
1686,,5.917749404907227,3.986974477767944,5.906540393829346,5.61642599105835
1687,43B0E1635CFF414E8BB234480C4D2162,1.0050595998764038,,,1.0050595998764038
1688,076A39481C564C6FA715D4CF6087FA67,5.524595260620117,5.606482028961182,,5.551015377044678
1689,E7DF0E74675044398ECD6CF8D1312B17,5.454120635986328,5.477633476257324,,4.452157020568848
1690,8DAE02081A1440A6BEF178CE1CEC500D,5.202834129333496,,,5.202834129333496
1691,6767421FF07049FEBFEC9D94DBF09390,5.791757106781006,,,5.791757106781006
1692,C7B5EF4F25C74231B13C8EFF0F475A07,5.677237033843994,5.707629203796387,3.970136165618897,5.118247985839844
1694,8AD75A0E739F472780FCF6D389C4D333,5.755734920501709,,,5.755556106567383
1695,05B1CDE16EFA4E06AC1674F9D851A4E9,5.440545558929443,,,5.440545558929443
1696,4D3AFD0BF8EB43E6B871B55C472F6C1C,5.741681098937988,4.703569889068604,5.886699676513672,5.564343929290772
1697,A9EA054DB37D4A2B8BFB4C73CB3759C9,5.776256084442139,,,5.780460357666016
1698,B06FF9EAC99243DC9D44461564548A73,5.916970729827881,5.841486930847168,5.811572551727295,5.621912956237793
1699,54A25FCA1B244C939438C3BB0450C353,5.694321155548096,5.360969543457031,5.110121726989746,4.981347560882568
1700,84A4B2D8CD2048A6991AAD0045C8CED7,5.808865547180176,5.717426776885986,5.922611713409424,5.570870876312256
1701,CBC08F01BD394695B3D54DECA94CF1EE,5.85258150100708,5.811450004577637,6.0320234298706055,5.5124101638793945
1702,4B1C935EEAA144189CA53EDF6FE8EC06,5.314539909362793,5.285231590270996,3.6214499473571777,4.293168544769287
1703,B93CEA7FA0174B73BC00E068526527EE,5.454375743865967,5.677060604095459,5.77803897857666,4.916520595550537
1704,FF8F27F9264E4CE080F8D5079312C55D,5.646611213684082,5.632587432861328,5.096438407897949,4.390662670135498
1705,60B73241C8734F38B3430D2A359AAA9C,5.473069190979004,5.810333728790283,5.5702805519104,5.033785343170166
1706,35A4E7C4166643B6955F1538E61DDA64,5.391545295715332,3.2449886798858643,3.6687142848968506,4.788186550140381
1707,,1.123117208480835,1.123117208480835,1.123117208480835,1.1993095874786377
1708,EFC443F6B520433FB33D6119BF6ABFAF,5.756005764007568,5.559628963470459,5.713237285614014,5.223876953125
1709,4AB1BEE4C9C94FC3AC5088884F5201FC,5.676217079162598,5.901352405548096,5.679250240325928,5.445249080657959
1710,06C58E137FE648B69C06478F6375BE9B,5.631484031677246,5.528056621551514,3.257051467895508,5.076787948608398
1711,,1.123117208480835,1.123117208480835,1.123117208480835,1.1993095874786377
1712,,5.730197429656982,4.241739749908447,1.2104355096817017,5.042360305786133
1713,,5.785829067230225,5.779199600219727,5.595833778381348,5.5999755859375
1714,ED2C16A765C6477BB87466AC85AA6E3F,4.779340744018555,5.632533073425293,5.808085441589356,4.874896049499512
1715,88C94A3623874F05ADBEE16B25EF1BB1,5.786543846130371,5.775497913360596,5.836638450622559,4.989403247833252
1716,,5.72519063949585,5.87553596496582,4.604458808898926,5.1521735191345215
1717,7C08630E934A464CBFAE49F14E2215D3,1.0050595998764038,,,1.0050595998764038
1718,908F956A1AF447B28CB84B79027DCE4C,5.627477169036865,,,5.627477169036865
1719,D69F3487B5EA4432BF74EF903F216215,5.718500137329102,5.631692409515381,4.30233907699585,4.94525146484375
1720,D8E5BB54CE4041CD8158E557CC204C4C,5.703688144683838,5.754819393157959,5.882762908935547,5.407960414886475
1721,27B0B234540142D798218F36F73DA28F,5.634771347045898,5.671611785888672,5.842098236083984,5.4344987869262695
1722,A4ADA066FF774810935F3C4EA5E9A9DB,5.754179000854492,5.7537126541137695,5.517232894897461,5.027744293212891
1723,30D97A443963426CBAB8F38636B70CFA,5.733800411224365,3.623347520828247,2.1031854152679443,5.237298011779785
1724,ED625A439478491AA688F8FBE21647F9,5.724085330963135,5.73618745803833,5.832852363586426,5.141185283660889
1725,,5.868268489837647,5.818931579589844,5.718057632446289,5.382235527038574
1726,0DBBE5A541C74728A2F3319FF9F9A8A2,5.887150764465332,5.863919734954834,5.755784511566162,5.455016613006592
1727,FF7ADFDCB80441AC8A26AAB806D95A22,5.709476947784424,5.255792617797852,5.045055866241455,5.003150463104248
1728,197D494A8BC145648D0BD3C478076306,5.232229709625244,5.298141956329346,5.383738994598389,4.767054557800293
1729,A7A066040B0A422C85CBE72EC65C38E0,5.574685096740723,5.760602474212647,3.1190640926361084,4.654114246368408
1730,017C8C450361429AAE43EB0F8B58C6E9,4.813676357269287,4.918135166168213,4.834840297698975,3.2939698696136475
1731,1F45A1E927404BE58CE83E01DADB466E,5.616720676422119,5.814433097839356,5.935200214385986,4.990166664123535
1732,0F77333923DE4E73B203CEBE68A603FA,5.56844425201416,5.797625541687012,5.2322306632995605,4.995017528533936
1733,767A9862218E4A03B23B051FDB8AA989,5.789488792419434,5.648140907287598,5.722461223602295,5.464208602905273
1734,E0710E40E06545068AC6FAE1ABDB3983,5.284317970275879,5.769053936004639,5.753201484680176,5.308956146240234
1735,,5.689476490020752,5.085421562194824,5.769134521484375,4.646988391876221
1736,,5.631292343139648,5.886080741882324,5.690548896789551,5.161775588989258
1737,,5.730320930480957,4.671478271484375,5.631093502044678,5.084347248077393
1738,E9425715E6E44E89A237902C22EB5F6A,5.760632514953613,5.679241180419922,5.862894058227539,4.754640579223633
1739,50D8773068564A54A0FA66EF02C4CBFD,5.518725872039795,5.221037864685059,4.679406642913818,5.186232089996338
1740,702AD9FA5D3B470F85A3090825AB0686,5.633706092834473,5.611997604370117,5.955541610717773,5.144413471221924
1741,A520D8A9BC4C4FB7835074B9D9CAEA5D,5.798500061035156,4.79525089263916,3.1785881519317627,5.057514667510986
1742,,5.475891590118408,2.7997188568115234,5.651258945465088,4.2959513664245605
1743,997DEAA56BED4CD6B4C52F894490AA7C,5.765937805175781,5.815444469451904,5.936412811279297,5.373819351196289
1744,6C0D8E38376245E689026BC1C36808A6,5.415069103240967,3.745514392852783,5.034420013427734,4.2643632888793945
1745,,5.75230073928833,3.067661762237549,4.947950839996338,4.363855838775635
1746,3E946DE2EB704C4FBF0AC7B641FACF87,5.325625419616699,5.619220733642578,5.681680679321289,4.722421646118164
1747,4F666DDEF59140568082EC4FB22FF502,5.826876640319824,3.846347570419312,1.3986607789993286,5.398503303527832
1748,,5.743449687957764,5.154103755950928,2.411113977432251,5.497895240783691
1749,DAADFB1AC52749F7B58B8F1D754D310D,5.806298732757568,5.76130485534668,5.766681671142578,5.373873710632324
1750,6092417075EB44E7A6C8B48F9A6CFB4B,5.3462090492248535,5.58632755279541,5.577152252197266,4.26918363571167
1751,8E89073F21DF406A8A6639F1147B8FFB,5.670818328857422,5.716475009918213,5.829626560211182,5.242632865905762
1752,F74F71E1EC96468093E1ED553E552813,4.824717044830322,5.52764892578125,4.944684505462647,4.021141052246094
1753,30693AE975AF4DB89259D7A37FCBEE73,5.641168594360352,4.948070049285889,3.767540216445923,4.390859127044678
1754,B274ECBDD056485581B5AF7440DBFF31,5.664402484893799,5.758646488189697,5.679512023925781,5.103509426116943
1755,773066ECB34941C19E28DB1738CE1E78,5.690692901611328,5.583023548126221,5.646214008331299,4.903472900390625
1756,5A1F20D06AE74E2F873BA6161A598FA7,5.5761003494262695,5.697605609893799,5.176067352294922,4.927244186401367
1757,,5.581024169921875,5.308757305145264,2.860753536224365,5.338160514831543
1758,FA8DF2B157144DD8B33312EB954D7CF1,5.329681396484375,3.812462091445923,2.1821072101593018,4.399853229522705
1759,5DB6C3B12B1E4D378B26B10FF3534584,5.5992865562438965,5.8207173347473145,5.76401424407959,5.091768741607666
1760,22302210837C490E9777B2AA6A46DB19,5.542720317840576,5.989769458770752,1.5442594289779663,5.629924297332764
1761,51B911B72D4E429785C56AAFEC452DDA,5.811193466186523,5.889003276824951,5.660007953643799,5.501340866088867
1762,,5.681687355041504,4.7307963371276855,3.5773301124572754,4.072977066040039
1763,9D77BFB713434C959919E681D5AA3E24,5.199206829071045,2.5293147563934326,1.5269358158111572,4.050641059875488
1764,31E0504C7F98409887CE0B649EC81D57,5.62067174911499,5.419665813446045,4.810854911804199,4.857152462005615
1765,F74ADEA015734A8D9EC9C313E988DCA9,5.601441860198975,5.094827651977539,5.464819431304932,4.696019649505615
1766,763C34E3F4AA4ECB88CEF7B708B9A6CC,5.29675817489624,5.683262348175049,5.648739337921143,4.892756938934326
1767,A25B2B08DF8D4469AA2A69B0FD3578C1,5.824143409729004,5.678597450256348,3.9238314628601074,5.326905250549316
1768,6E0367BA55F44017BAF95B665EF7560C,5.724588394165039,5.821080207824707,5.669583320617676,5.304089546203613
1769,59C69B82B2D94F9CA5CE51EED21B1ABA,5.850127220153809,5.497920513153076,5.791494846343994,5.107231616973877
1770,F2A88B8549DE49A1AFD06617A9FBD49E,5.748774528503418,5.897776126861572,5.22939920425415,5.492990970611572
1771,C083B92DBB7943E3892421A3036F12B9,5.454141616821289,5.736199378967285,1.1526881456375122,5.390777587890625
1772,8C39929352A541099828BECAD3A29C7E,5.9004106521606445,3.4818103313446045,3.098720073699951,4.911542892456055
1773,9763B7167A6F4C5A920EFEE8C1E89905,5.600648880004883,5.767212867736816,5.361233234405518,4.977117538452148
1774,ED2D8FD0B73E40E992DB3FCE1E36EF87,5.823625087738037,3.2205724716186523,5.404238224029541,5.264297962188721
1775,,5.437862396240234,5.1054768562316895,2.522472858428955,5.337961196899414
1776,,5.538832664489746,5.6626715660095215,5.122410297393799,5.241749286651611
1777,,1.123117208480835,1.123117208480835,1.123117208480835,1.1993095874786377
1778,E89842F75A44402FA141AB653C8DC251,5.56120491027832,4.210729598999023,3.4875807762146,4.8924055099487305
1779,926A38AD02D9432CBF6D050A6E96881C,5.792730808258057,,,5.792730808258057
1780,A36B7DAB135D4B22B72B4DF48923F0E9,5.215991497039795,5.389846324920654,5.225154399871826,4.682348251342773
1781,,5.755557537078857,5.689186096191406,5.514618873596191,5.183422088623047
1782,4CF7C6642EEC4235857761316394433B,5.725244045257568,5.806124210357666,5.524094104766846,5.170736789703369
1783,BBEDFD83A2B14F5190EA7EAB15FE7557,5.4646501541137695,5.65648889541626,5.478433609008789,5.00338077545166
1784,A0CE912FD1AE4C0D943C9E6C1760EAAD,5.719942569732666,5.702603340148926,5.581961631774902,5.415855407714844
1785,956E57830C984E7C969B07E474092B7E,5.635437965393066,5.789472579956055,5.73924446105957,5.537604808807373
1786,08B341BEEA054293985F646A809C60B7,5.740982532501221,5.588472843170166,4.513561725616455,5.021544933319092
1787,8C79F1BB0483431EAB195C8EE5B76DC9,5.753489971160889,4.337451934814453,4.543617248535156,4.544347286224365
1788,5C52973B5B3B4ADBB75D2CE067025860,5.54827356338501,5.825437068939209,4.722496509552002,5.389909744262695
1789,AD23F1AA083542BEAF2134E72040196A,5.777251720428467,5.803243160247803,5.440618991851807,5.336579322814941
1790,41C58F47E6EE4D5F8D87E86A6097E9F6,5.544648170471191,4.934969425201416,5.680524349212647,4.580373764038086
1791,4DFC84C1210D4007B027F6F5E74E9F45,5.700791358947754,5.476779937744141,5.665616989135742,4.474740505218506
1792,,5.650525093078613,5.385004997253418,4.875870227813721,5.446194171905518
1793,D4E64EAAE4184EA7BC52D982F5A115EB,5.548656463623047,5.748837471008301,5.353170871734619,4.650215148925781
1794,59229E3D9ED64857A88F33900B6BCC5B,5.660481929779053,5.759954452514648,5.813234806060791,5.195596218109131
1795,993886ED75C4476CB381CC47DC2576D4,5.567349433898926,5.651672840118408,5.737521171569824,4.747264385223389
1796,4779523EEDD74CE281B66347CA303ED3,5.659016609191895,5.76423978805542,5.527379035949707,5.322805881500244
1797,8D74129C02A241868EC2B680CB6D9A5F,5.481155872344971,5.468029975891113,5.390120506286621,5.11410665512085
1798,07F3771A799C4B158FB132CD4AECD77E,5.847784042358398,5.936120510101318,5.7812581062316895,5.09747314453125
1799,72625F9F71494838B04C5ED98C41347B,5.882003784179688,5.1971282958984375,3.376732587814331,5.531286716461182
1800,DE5AABCCB703484F9A7AA8A8D3FF79C1,5.5631866455078125,5.582663059234619,1.8009785413742063,4.768267631530762
1801,31F9D6092C044A45B529A5B63A91E2F5,5.808938980102539,5.893340110778809,5.89453125,5.463864326477051
1802,371A4B6360FD48E7BD4654C22D128EE3,5.20050859451294,5.159453868865967,4.46524715423584,4.292058944702148
1803,8F82CFB81816466F8D7D50C10C88C52E,5.756450176239014,5.801679611206055,6.005213737487793,5.055992603302002
1804,,1.123117208480835,1.123117208480835,1.123117208480835,1.1993095874786377
1805,FB699E3362084640B02A378D8BD5AF1E,5.648098945617676,5.864816665649414,5.744075775146484,5.478329181671143
1806,8B785457067D4D2B956985B8ED4C8115,5.502340793609619,4.463346004486084,2.525532484054565,5.347019672393799
1807,,5.185370922088623,5.295173168182373,5.269349575042725,4.17719030380249
1808,63C8A656B86F473DA6DE348878143E98,5.753328800201416,4.063382148742676,2.4195141792297363,4.702527046203613
1809,C390A2805E154413B51AF1303C4FAF6E,5.615251064300537,5.3463568687438965,5.650059223175049,5.291202068328857
1810,524464AD6DDE49BEB62ACCE6508C82E1,5.5059895515441895,5.398982524871826,4.897395133972168,5.132215023040772
1811,,5.725514888763428,5.303252696990967,4.896975040435791,4.796643733978272
1812,40B2DF27F54E45DB810E096A998234FA,5.600253105163574,3.569732427597046,5.7872724533081055,4.623143672943115
1813,B558C52EBE3444F08EE7B4928CCE3886,5.659171104431152,5.7411322593688965,3.73026442527771,5.461793422698975
1814,7180B07AA96D4BF5ACEA7A54AD4A7D07,5.4667558670043945,4.587528228759766,3.627017498016357,4.804490566253662
1815,,1.123117208480835,1.123117208480835,1.123117208480835,1.1993095874786377
1816,3EF6A5E20EAB499E906012009617C84F,5.4288835525512695,4.202462673187256,5.619114875793457,4.022706031799316
1817,6E3A03867B2B4C4983280147690FD4AA,5.691778182983398,5.7648539543151855,5.9994707107543945,5.138337135314941
1818,CA82F1A981A6453CAD53534B493F3913,5.660367488861084,5.559370994567871,4.882609844207764,5.270451545715332
1819,24658268D55A40EAAD6427AEA2EAB6AE,5.7170891761779785,5.749904155731201,5.710263729095459,5.397731304168701
1820,88FBEB181E4A4E2BA3D8AA6A844F9DC5,5.548780918121338,5.602044582366943,4.431908130645752,5.46757173538208
1821,BC92BF60913948E999233E63483F9E1D,5.819973468780518,5.553497791290283,4.017739772796631,5.262288570404053
1822,9A3190D071274E3080BAC80234362118,5.6179633140563965,5.474804878234863,5.021576881408691,5.287510871887207
1823,46D0D2503E2C437395796D850F1EA374,5.755031108856201,5.818740367889404,3.993926763534546,5.3133416175842285
1824,E6463FC65C094F6C99208446EC571DA6,5.747771739959717,5.385272979736328,5.035622596740723,5.137131690979004
1825,BDA08D2E7CCD48268BB7578D7E84D087,5.561941623687744,5.670995235443115,5.8658623695373535,4.847923278808594
1826,D49BD7675DE7479B9242AE65F406E8D8,5.291726589202881,5.634826183319092,5.724456310272217,4.879744052886963
1827,E0955B22A1B3487E9C310903D2F12A56,5.398670673370361,5.284316539764404,4.957392692565918,4.21618127822876
1828,9782EF42CC904AB58E6E5297A35D616C,5.646033763885498,4.762378692626953,5.717944622039795,4.501908302307129
1829,82223D25FBC24443AE7FCEE2B59B60DF,5.8482666015625,5.842702388763428,5.749653339385986,5.506026268005371
1830,,5.779175281524658,5.379004955291748,5.64700174331665,5.64664888381958
1831,6778342ED1F24648979027CC75E771D0,5.805832862854004,5.583761692047119,5.16984748840332,5.030180931091309
1832,48C25FEF10BD4E20A3FB02DD9551AE2A,5.56916093826294,5.314279556274414,4.590219497680664,4.973886966705322
1833,F97B35347E344FE189B5A1FD59C63664,5.633399963378906,5.629480361938477,5.698533535003662,5.363673210144043
1834,,5.826874256134033,5.942880153656006,5.7813401222229,5.604706764221191
1835,B2E407533577470795CC5FCA1FAB1162,5.792988300323486,5.69761323928833,5.743791580200195,5.273070335388184
1836,961E7957998344EEB0A96EF70CDDACE9,5.158508777618408,5.745285987854004,5.714066028594971,4.639276504516602
1837,6FE037261F7046799B4F6347E317EFAB,5.7492451667785645,5.745434761047363,5.8961286544799805,5.346994400024414
1838,DFFF5ADE84EE4C3E837A388A483870F3,5.651004314422607,5.5255889892578125,5.599438667297363,4.466756820678711
1839,4E35795738784CEBBF9BB1EA597556B2,5.549681663513184,5.843380451202393,5.6154632568359375,5.081718444824219
1840,327C4218CA7D466F8DB6F14B51FA6245,5.719583511352539,5.874626636505127,5.748359680175781,5.323598861694336
1841,BA99EF2BE8D044E298C1D82A48E4E4C7,5.879360198974609,5.581867694854736,5.187722206115723,5.279210567474365
1842,,5.764944553375244,5.909604072570801,5.50339937210083,5.407502174377441
1843,036BF3ACCB0D49F19A56F0D1A9978A65,5.466339588165283,5.824868202209473,5.717610836029053,5.356437206268311
1844,3185D8503BF7491797762FDD744E2C83,5.397860050201416,5.743513584136963,5.410227298736572,5.012109756469727
1845,,5.289465427398682,5.240515232086182,5.876172065734863,4.784658432006836
1846,,5.751101970672607,5.799116134643555,5.831042289733887,4.615414142608643
1847,,5.641290187835693,5.718967437744141,5.795251846313477,5.415232658386231
1848,,1.123117208480835,1.123117208480835,1.123117208480835,1.1993095874786377
1849,FAD368D147EC47B7A4EE5E5AA166A796,5.7502121925354,5.393665790557861,1.802775502204895,5.326816082000732
1850,3BF0A05747E34FB1AEA56835F1E74A57,5.597654342651367,5.69807767868042,5.628783702850342,5.185174465179443
1851,2E807933B42747A899A88A782D852855,5.764226913452148,5.59882116317749,1.960427403450012,5.233630180358887
1852,D680720800A44CEB8D5368C33A4B99B7,5.602259159088135,5.86413049697876,5.284852504730225,5.049576282501221
1853,600F030B71AC49A8BA01FA78090204A8,5.769203186035156,5.852427005767822,5.926304817199707,5.7045722007751465
1854,,5.665339946746826,5.390807628631592,5.365030288696289,5.19061803817749
1855,13BC6E0DB7D942DD855C0A1C6DF011D9,5.795892715454102,3.256938934326172,5.313196182250977,5.022869110107422
1856,0790914064FA483CB0D3F41C9C7ECE27,5.491812229156494,5.735419750213623,5.672482490539551,5.177282810211182
1857,9AC4FC2FA4DA4293926F3F99909A12A8,4.636007308959961,5.452988624572754,4.6674346923828125,4.4480977058410645
1858,697B7145E01F4B1DAC79AEF09D4043C9,5.700263977050781,5.853412628173828,5.83329439163208,5.279415130615234
1859,AF8465E87DA9499CBEFD654929E1917D,5.630086898803711,5.743295669555664,5.811611652374268,5.406510353088379
1860,AE1915713E6D406ABCEED46C89E42282,5.6894636154174805,5.313323974609375,4.055036067962647,4.947134494781494
1861,,5.815669536590576,5.535543441772461,5.8014750480651855,5.410593509674072
1862,56415A154B41487E945BBCAF9DA12E73,5.719028949737549,5.634129047393799,5.4265851974487305,5.190440654754639
1863,,5.58242654800415,5.346883773803711,5.829089641571045,4.871899127960205
1864,7C8A56A890E14F8E878D31875BFFEF87,5.609584808349609,5.828649997711182,5.592004776000977,5.187920093536377
1865,,1.123117208480835,1.123117208480835,1.123117208480835,1.1993095874786377
1866,E065B21795F7438A970A2BCA6111068C,5.487835884094238,5.647488117218018,5.839752197265625,5.159403324127197
1867,AEE012E32FEF4C788251719FB7AD2B45,5.581302642822266,5.697747230529785,5.801091194152832,4.690149784088135
1868,,5.640915393829346,3.200080633163452,4.863806247711182,4.76212739944458
1869,C69D887798B6438E9A8CDE24492B07AE,5.681116104125977,5.513994693756104,3.835155725479126,5.123079776763916
1870,0174509221D04AC686B6495AD776893F,4.194281578063965,3.89491868019104,4.431071758270264,3.543820381164551
1871,6E0B7DD526DD43EC97535E4BE23DAB9B,5.834194660186768,5.785639762878418,5.612964153289795,5.206883907318115
1872,6E6AAED847594D3187EF99031E5F551E,5.663916110992432,3.077120542526245,4.393468856811523,4.782591819763184
1873,19E12DE27ADC4039A4E463116C584C1D,5.321083545684815,4.702188014984131,5.396018981933594,4.827357769012451
1874,211D1CCD28E5470891A636CDB3B801C7,5.634089469909668,4.449807643890381,5.184697151184082,4.750218868255615
1875,03F8121919934280A6E844180BB752E4,5.4572858810424805,5.838408946990967,5.468019485473633,5.23839807510376
1876,,1.123117208480835,1.123117208480835,1.123117208480835,1.1993095874786377
1877,7C6F5E9BF9FF4C3A90414DFA65351049,4.806539058685303,5.591426849365234,5.797219753265381,4.53550910949707
1878,8CCE2DE32CF64F3FAF94FE80548911BB,5.251516819000244,3.718640327453613,3.6740455627441406,4.453384399414063
1879,,5.193172931671143,5.428321838378906,5.704465866088867,4.450044631958008
1880,,5.117857933044434,5.310689449310303,4.236629486083984,5.194568634033203
1881,,5.660823822021484,5.475061893463135,2.8661932945251465,4.652421474456787
1882,153E048211D1463B89355B19DB33CF2D,5.537753105163574,5.533867835998535,5.6348371505737305,4.5751237869262695
1883,92B251F0330B4389B55BDC4D6C3EDF72,5.804006576538086,5.748830318450928,4.194723129272461,5.677737712860107
1884,B2E5DC4B1FB045A5B83751A4A3F58FF5,5.779408931732178,5.614346981048584,4.685364246368408,5.124663352966309
1885,,5.578711986541748,5.600037574768066,2.7314298152923584,5.0667009353637695
1886,066D1931466649869120A1A3F0E3850A,5.827294826507568,5.8466901779174805,5.788009166717529,4.822633743286133
1887,91CA8FDCE50D43BEBCE6804F08FFD1B3,5.744387149810791,5.58357572555542,5.537066459655762,5.23588228225708
1888,,5.353644847869873,5.732120037078857,3.8658018112182617,4.473261833190918
1889,352F50BB940746CDBA37845760C42016,5.88368034362793,5.8675537109375,5.881191253662109,5.003164291381836
1890,,5.414577960968018,3.382488965988159,1.3113194704055786,5.0588698387146
1891,,5.547520637512207,5.662990093231201,5.540712833404541,5.15384578704834
1892,,5.716536998748779,5.693331241607666,5.676807880401611,5.305006980895996
1893,C046B019247247C7B6EE802E6832E53D,5.576640129089356,5.7469162940979,4.814877986907959,5.464559078216553
1894,3B780B63F0264A8594B76DD7E31C5143,5.838902473449707,5.810732364654541,4.024019241333008,5.345170021057129
1895,028878847DC8464B867AC2BC6C913736,5.7754998207092285,5.507574558258057,5.188778400421143,5.450783729553223
1896,E9116AB0A5FC42D88F936ACF78B6FA0F,5.617935180664063,5.669885158538818,5.731790542602539,5.565315246582031
1897,3C711D4E5874445A9938AAD3956A594D,5.43858003616333,4.783661842346191,3.520059823989868,5.042054176330566
1898,A2587686018146E29C9C52D623BD1F9E,5.857610702514648,5.670893669128418,5.848958969116211,5.207148551940918
1899,352EFB98A109406EB8A7EACA7E5D64FC,5.809928894042969,5.873589515686035,5.3741631507873535,5.399840354919434
1900,BD4B04C16C8148498059E69D5084AB44,5.476071357727051,5.667077541351318,3.048433303833008,5.43219804763794
1901,63DCABB5DD564D649AC725FE35B059BF,5.648751258850098,5.821877956390381,5.816365718841553,5.409213542938232
1902,4FFB699F02AD448689F60963A443715C,5.263067722320557,5.275120735168457,5.83543872833252,5.267300128936768
1903,CD1DA8FF1E1145EDB565858DFA1C45ED,5.727700710296631,4.471323013305664,2.3948874473571777,4.616497039794922
1904,10355AA1C41B478CAC46DCF8EBA08A19,5.416728973388672,5.889615535736084,6.024946689605713,4.913156509399414
1905,,5.319681644439697,5.3077545166015625,5.463033199310303,4.784772396087647
1906,1F541E4508614FA8B7FEFEC26097F6FA,5.46693229675293,2.921203851699829,1.150906682014465,4.234489440917969
1907,,5.706985950469971,5.51302433013916,5.584451675415039,5.470438957214356
1908,DD0B048A926C4FA28CC9E87961CEF179,5.779216289520264,5.680319309234619,5.894660472869873,5.263575553894043
1909,64457AEAA1EA4A1F849325F6B1AF5B97,5.502292633056641,5.45143985748291,5.464807987213135,5.154582500457764
1910,6DD20CB5D41D45E699C146DEED02CF9C,5.757630348205566,3.55168890953064,2.2220780849456787,4.961661815643311
1911,,5.629362106323242,5.765528678894043,5.865097999572754,5.223341941833496
1912,4FD7A262FF36449D84BEB4099C05BA90,5.652034282684326,5.757460594177246,2.339312791824341,5.256558895111084
1913,D096CB4486844843A76E0075E0BF551A,5.699005126953125,2.7371842861175537,1.474117875099182,5.536528587341309
1914,,5.648141384124756,5.764172077178955,5.751321315765381,5.16231632232666
1915,7DC65AC76B9B4F98A50C562D0866969E,5.403590679168701,5.682032585144043,5.664645195007324,4.941091060638428
1916,365525BEF01440AF9A2F68C447B8C457,5.838902950286865,5.601158142089844,5.764183044433594,5.418562889099121
1917,0FEADE5D3F104C99A49DD93BAD08EF9A,5.859035968780518,3.4270989894866943,4.010177612304688,4.730865955352783
1918,A0307428D08D428BAB4BC287ECD26510,5.627956867218018,5.719177722930908,5.7480878829956055,5.349483013153076
1919,24ABBF6EDB1341E88F4891C7379ECF91,5.124668598175049,5.920670032501221,5.762279510498047,5.326802730560303
1920,FE2EE2EB86A841639A22B78F4DE0DE9F,5.581545829772949,5.71784782409668,5.230618476867676,5.217922687530518
1921,,5.774453163146973,5.53917121887207,2.2757720947265625,5.188708782196045
1922,,5.776046276092529,5.750494003295898,3.583358764648437,4.982478618621826
1923,482E79D3DCAF41A88188438FBDB15FB8,5.74222469329834,5.53928279876709,5.695549488067627,4.96500825881958
1924,,1.123117208480835,1.123117208480835,1.123117208480835,1.1993095874786377
1925,5B79EA16AAD94BC0A2D61C66DCB43AEA,5.201883316040039,4.859844207763672,4.1705322265625,4.796797752380371
1926,D7FDAB7E43424DDB80594C59221B1B95,5.550592422485352,5.507111549377441,5.809201717376709,5.447575092315674
1927,,1.123117208480835,1.123117208480835,1.123117208480835,1.1993095874786377
1928,BCC837FA7C564B9283B43F2C1A6AE32D,5.699029922485352,4.949938774108887,4.408544540405273,4.815517902374268
1929,7A1D8D84DD8F4FA89CB12BBE9D1E4432,5.630256175994873,5.725494384765625,5.755682945251465,4.819643974304199
1930,38644703C35546FBAE15C412A8C7F127,5.66010332107544,5.768703460693359,5.717695236206055,5.256566047668457
1931,787C289EDC204DF286EFE9EAE98551E4,5.52565860748291,5.8502631187438965,6.080698013305664,4.939402580261231
1932,1777C0240ECF429DBAADEE190D82ABE8,5.833863735198975,5.805155277252197,5.501810073852539,5.256751537322998
1933,8E6FE1C016D0445DB6177AB867706FDB,5.697342395782471,5.827479839324951,5.706416606903076,5.081649303436279
1934,7FE57D69C1494880853DE2F113880788,5.564754009246826,5.788987636566162,5.503045558929443,5.3370537757873535
1935,304B703B1410477DAB3A032D0FF2E0FD,5.473724365234375,5.620198726654053,5.616329669952393,4.333224296569824
1936,94CA0D76608149DBB7427C52B0429A86,5.454480648040772,5.790937900543213,5.886020660400391,4.983086109161377
1937,70F6446B9A6E42839BC5E50E5C69E657,5.7602949142456055,5.284801483154297,4.443472862243652,5.177675724029541
1938,D2A0D882B281421284C1DC19A78BBD02,5.578904628753662,4.825527191162109,3.354818105697632,4.698296546936035
1939,,5.724743843078613,5.778873920440674,5.288796901702881,5.225592613220215
1940,EBBE10E550BE484DADA08488866EDA8E,5.2812981605529785,4.698263645172119,4.648436546325684,5.267156600952148
1941,4ECCC073A845416680A6078E5A14A8F7,5.35092306137085,3.5533671379089355,2.137619972229004,4.578420639038086
1942,2955EA08588D406A925CF7E1514DE7C3,5.703887462615967,5.648730278015137,5.903112411499023,4.925299167633057
1943,,5.824332237243652,4.89653205871582,5.238865375518799,5.217803478240967
1944,A8BF98D2FEF14F869DB98B12ABFFEB66,5.6345415115356445,5.804200649261475,5.79164457321167,4.864553928375244
1945,D883D1301CC1472E827822F8A26AAF96,5.628550052642822,5.700033664703369,5.666625499725342,4.64673376083374
1946,9171C9EEC35A470BBE4FF0533D004B28,5.736085891723633,5.897208690643311,5.816648960113525,5.278016567230225
1947,51BAF3A13D6045A19D1357989128175A,5.580849170684815,5.744752883911133,5.729282379150391,4.95544958114624
1948,92F5FA73A8F04785AD96972AD474194A,3.637927055358887,5.036098957061768,5.943426132202148,5.362351417541504
1949,,5.694551467895508,5.436912059783936,5.762764930725098,4.9211249351501465
1950,38A7448C97AD4A66BA29FAB3949EC466,4.9791131019592285,5.63541841506958,4.056906223297119,4.944696426391602
1951,B7A5487572E846A383FCCBE8E9167B6C,5.750555992126465,5.45284366607666,5.794610977172852,5.239060401916504
1952,773C255497DB4256A531A27267DE43FB,5.805370330810547,4.028198719024658,1.9311795234680176,5.264125823974609
1953,87069934C8434F71815DE509A59732F9,5.407486915588379,5.235378265380859,5.197644233703613,4.671066284179688
1954,637E830FAEF14861B07D92540AA41034,5.628416538238525,5.349749565124512,5.845470428466797,5.027546405792236
1955,CD64A6DC5B2F4810850C88339B5E29E9,5.470008373260498,5.180673599243164,4.72791862487793,5.130857467651367
1956,,5.792132377624512,4.806207656860352,5.666264057159424,4.978723049163818
1957,,5.790305614471436,5.545573711395264,3.661000967025757,4.963071346282959
1958,EDE8FBDE2C3F4924BE1DFE4490769CC2,5.591785430908203,5.136680603027344,4.299746990203857,5.3222270011901855
1959,,5.369695663452148,3.0663866996765137,1.2971322536468506,4.708653450012207
1960,D0B18C74DFE74F66BE8BEF6ED4EB7690,5.744025707244873,5.696897029876709,5.617008686065674,5.182479381561279
1961,A1119BD1320B45F59179DEA87F5E7772,5.640773773193359,5.636312007904053,5.174361228942871,4.685788631439209
1962,,5.760656833648682,5.725468635559082,5.637187957763672,5.39064359664917
1963,E207BA0F1C24457C85220929218A271B,4.492649078369141,5.495385646820068,5.6667985916137695,4.638306617736816
1964,732DA4FE7BC640B19351B870E73F6C5C,4.630674362182617,5.050506591796875,5.043491840362549,4.605958461761475
1965,EDC9799E567D4FC28952B9B6A8258409,5.733235359191895,5.243075847625732,5.567399501800537,4.866480827331543
1966,9EFEB9D613A14CADBE12FE3254EB7E7F,4.811820983886719,5.502367496490479,4.78546142578125,4.76732873916626
1967,,5.597119331359863,5.364434242248535,5.056013107299805,5.0620880126953125
1968,A055219D52444F70ACDE2167B824AA8C,5.717119693756104,4.833559989929199,5.448007583618164,4.670735836029053
1969,,5.5481276512146,5.563385009765625,5.793137073516846,5.54655122756958
1970,2ADCE53376854AEFB3B3565B01B647CC,5.749135494232178,5.507030010223389,3.940471649169922,5.568992614746094
1971,4C22917B4D5D4F3F85429CD8905C90FE,5.647528648376465,5.561232566833496,5.72425651550293,5.134710788726807
1972,12814A4E7A304162B18513952018A58B,5.458459377288818,5.601276397705078,5.8926849365234375,4.77354621887207
1973,D51263F8FA8A43CAB7C6D1B067298936,5.799700736999512,5.547667980194092,5.953025817871094,4.814045429229736
1974,,5.8420000076293945,5.689773082733154,5.561821460723877,5.644327163696289
1975,1B1C10182A384B7681EBA6678F94BF22,5.709187030792236,5.7082037925720215,5.369926929473877,4.732372283935547
1976,89C2E23455064455A6E568BB7338F0C2,5.691407203674316,5.727104187011719,5.8040452003479,5.158928394317627
1977,FEF674A74B7C405E8F8802B7294D6566,5.538583278656006,5.326876640319824,3.1461291313171387,4.606995582580566
1978,5C533D9DF36844478DCFDC802EA665AE,5.435078144073486,5.652592182159424,3.311023473739624,4.430099010467529
1979,,5.414524555206299,5.2254557609558105,4.806469440460205,4.840726852416992
1980,EE2910D3F6A4400382C7A11C4C7F8812,5.500233173370361,5.291579723358154,5.563662528991699,4.481944561004639
1981,,1.123117208480835,1.123117208480835,1.123117208480835,1.1993095874786377
1982,23A0AA31DA424113B118E1545F724FFC,5.380444526672363,3.973060846328736,2.2592875957489014,4.436156749725342
1983,EDB0A749CB4A4B539F292A509D144BCF,5.277610301971436,5.4222564697265625,5.90421724319458,5.086512088775635
1984,,1.123117208480835,1.123117208480835,1.123117208480835,1.1993095874786377
1985,E84C32726B4C4008A459366D3F6B8701,5.816591739654541,5.320139408111572,5.424427032470703,4.927481174468994
1986,40D35DB4215847D6B5BB462AB39A715D,5.279818058013916,3.650705814361572,5.631709575653076,4.4059739112854
1987,9702C5138CDA4FC0AB5818B46369B1FF,5.902615547180176,5.8246026039123535,5.484175682067871,5.138397216796875
1988,4AC293FED9D04A669A1AC9CC527CBE3A,5.435436725616455,5.58294153213501,5.778792381286621,5.120141506195068
1989,E37E668CABFF41DB90ACBAF14DB80CA9,5.61632776260376,5.596760749816895,5.717591285705566,4.972761631011963
1990,ADBC3B0EB7F54A5AA16C6B3F55EA11D1,5.695341110229492,5.211084842681885,4.78936767578125,4.816723823547363
1991,82025E5001EB470EB99243F3155A1344,5.609958171844482,5.634303569793701,5.861924171447754,5.110495090484619
1992,CE17A5B8FBAF43C4B12B59CC7D4A5447,5.548039436340332,5.33890962600708,5.721219062805176,4.578985691070557
1993,246ECD3C2F374F34ABC19EEDD12D5453,5.743690013885498,5.8375396728515625,5.856181144714356,5.471189498901367
1994,9A0A124A72D142888B2ABE63A3BE6FC6,5.847338676452637,5.772127151489258,5.648745536804199,5.381222248077393
1995,9255B5EDC2334D68A2EB460FB50BD6AD,5.596016883850098,4.652571201324463,5.292305946350098,4.628108978271484
1996,EA4CA2C1D0D34687ABEA437BC5ADED5E,5.651155471801758,5.373530864715576,5.564095973968506,5.220910549163818
1997,,5.708989143371582,5.769636154174805,5.832848072052002,5.350241184234619
1998,570A79223DE94C3594D36A95E8F33281,5.598557949066162,4.261040687561035,1.2104490995407104,4.82103967666626
1999,6F706F2595B047AFA630CB2893B7D955,5.454168796539307,5.549549579620361,5.504091262817383,5.031270503997803
2000,8A80D810AEC9417182FE48E0D8C344F2,5.809624195098877,5.575319766998291,5.544053077697754,5.45589542388916
2001,93D455B5415B479DAFFCE6C26C0BEC91,5.809409141540527,4.9576616287231445,5.494322299957275,5.593459606170654
2002,,5.756210803985596,5.495540618896484,5.784543991088867,5.240396022796631
2003,D67E4A7253E34596A21985B395E18907,5.415700912475586,5.324426174163818,5.551417827606201,4.766726016998291
2004,,1.123117208480835,1.123117208480835,1.123117208480835,1.1993095874786377
2005,4EE80CA4B844474C9F94F5FB23DFAE1C,5.6810832023620605,5.81475305557251,5.739007949829102,5.256785392761231
2006,,5.8711442947387695,3.915456771850586,5.941877365112305,4.721768379211426
2007,1AA2C6B8253E42239798BEF551198E36,5.772171497344971,5.90383768081665,3.5829741954803467,5.410608768463135
2008,0431D5BA355F4FC88E298499DCBB4835,5.883430480957031,5.848812103271484,5.317557334899902,5.405916690826416
2009,0CF9E6F37430418098E067D1FCD26B5C,5.699761390686035,5.337530612945557,5.403748512268066,5.026696681976318
2010,5F682FEBF7734066A6A103D768C411EF,5.841490745544434,5.7010111808776855,3.203684091567993,5.567068099975586
2011,,1.123117208480835,1.123117208480835,1.123117208480835,1.1993095874786377
2012,9408DCC26487449C837F24FFAB62628C,5.457057476043701,5.839698791503906,5.71729040145874,5.122806549072266
2013,64EDBD3261B141C5933E6260A6E382A2,5.651490688323975,5.849588394165039,5.882663726806641,5.464208602905273
2014,D1BF03C98CA94768B24A963BAD80E128,5.478891372680664,5.705363750457764,5.819857120513916,5.256796836853027
2015,D4BF9138AA144A2EBFDC00D049A46CAF,5.884860038757324,5.697238922119141,5.668975830078125,4.795131683349609
2016,26807F7DCC4D4139BCF07FF38A81CFC7,5.748239994049072,5.770322322845459,5.729168891906738,4.864211082458496
2017,C6AC58C5252E48FE8E6CBB7FBB1DD0FA,5.670558929443359,5.207681179046631,5.237260341644287,5.018276214599609
2018,10BA0F4507A84E88AE4FEA09D6D4F610,5.472865104675293,3.9872422218322754,4.500153541564941,4.543160915374756
2019,F38B832D326E4893885240949467041B,5.865814208984375,5.899114608764648,5.361688137054443,5.42247200012207
2020,EC716D1A2F1F4147B892ED8E4AFFBD23,5.639400959014893,5.347312450408936,4.4811787605285645,4.916494846343994
2021,B05AE666C3B44722AA7FE07B1575E3BA,5.681123733520508,5.8587260246276855,5.816343307495117,5.427870273590088
2022,584D291484C84636A034BA28C614B0B9,5.475921154022217,5.959890365600586,5.636868000030518,5.347733497619629
2023,324E112063554ECD9A574193C1CE9B6C,5.761358737945557,3.6071019172668457,3.0570809841156006,5.121878147125244
2024,B943EEA9B392471F89EA13197631BEB0,5.809659481048584,5.857926845550537,5.688936233520508,5.408594131469727
2025,1A9B209F77A148F4BDB3AD1E10626FDC,5.719277858734131,5.528515815734863,5.673448085784912,5.044041633605957
2026,0830BA03876848F1B1BA6DC81CFA3B08,5.314316749572754,5.930521488189697,5.647362232208252,4.973815441131592
2027,6856D29CC0AD487CA557F138AC7F9B4A,5.5072455406188965,5.699560642242432,5.422084331512451,5.383203029632568
2028,49BF5EDA9DBA4309B8C25BA4B22C7C58,5.585431098937988,2.480574607849121,1.128232479095459,5.028501510620117
2029,7F24091345074A438184B9AA8F4D18A6,5.565878868103027,5.839805603027344,5.979050636291504,5.347424983978272
2030,,1.123117208480835,1.123117208480835,1.123117208480835,1.1993095874786377
2031,60856E062F414C12B61CF038BAE82A05,5.736268043518066,5.618190765380859,5.779044628143311,5.382256984710693
2032,,5.697810173034668,5.649900436401367,4.440383434295654,5.143942832946777
2033,FDB9DD9AACCE49AE91F4FC35298E2966,5.679338455200195,5.907105922698975,5.766741752624512,5.120543003082275
2034,C889A16612594B87B3403F65783F76A6,5.788106441497803,5.863433361053467,5.861660957336426,5.507405281066895
2035,D9467924A0FB4DD2B9C74951CA85A9A0,5.766220569610596,5.709039688110352,5.837739944458008,5.2178168296813965
2036,2F54C791B5664522B7D4391EF26E36AC,5.64074182510376,5.05728816986084,5.450240612030029,5.143103122711182
2037,FB25395EE95642959CC45935850EE030,4.92922830581665,5.677915096282959,5.437069892883301,4.964819431304932
2038,F6C76963DAAA4E7A9EBB3F78B2203461,5.224897861480713,5.320022106170654,3.999615430831909,5.180374622344971
2039,F85C75984AAD45E4B751D958C0D04F8D,5.735702991485596,5.862793922424316,5.768617153167725,5.470606327056885
2040,8AE9EE0403CB422FB565A71A0FE7650C,5.750321388244629,5.461294651031494,3.864051103591919,4.699760913848877
2041,,1.123117208480835,1.123117208480835,1.123117208480835,1.1993095874786377
2042,,5.693117141723633,5.805434226989746,4.414697647094727,5.113651752471924
2043,17F11C1317A246D4A8BF1009B975E54F,5.747045993804932,5.852818489074707,5.259054183959961,5.118794918060303
2044,1C7E61C3C959473CABD4BF5263E386AA,5.597843170166016,5.816934108734131,5.775328159332275,5.561320781707764
2045,31BBCE6D968F48649D23F74BEFF5BEF9,5.880902290344238,5.596261024475098,4.980342864990234,5.266213893890381
2046,9E9C3AE130BC4F88B6B8FFD22670F65C,5.82916784286499,3.928938150405884,5.157207489013672,5.253503799438477
2047,69BDBA2270DB4E12BBD674F598D617C2,5.600204944610596,4.034249782562256,5.506606101989746,4.319563865661621
2048,3F4660A535D744C599B7ABEDDA429589,5.7685723304748535,5.838193893432617,5.73675537109375,5.3367767333984375
2049,106A4BC8C3D54834A2DF3C58110D3175,5.313951015472412,5.710628032684326,5.767399787902832,4.916253089904785
2050,4F1063188F12436C938D96CFE22D8287,5.583297729492188,5.718281269073486,5.767894268035889,4.864330768585205
2051,4509B59C9C49499EB62F362D3A56B6A2,5.678414821624756,5.860361576080322,5.772440433502197,5.265914440155029
2052,6FBF90E1E0754CAC9CA62BF4C91719D5,5.359277248382568,3.927856922149658,4.912695407867432,3.908909559249878
2053,77644632FA70436A90BCF765EBE6C09B,5.20188045501709,5.615211486816406,5.862090110778809,4.809487819671631
2054,1CFC825143704473BE9D8266F27DD7A3,5.52578592300415,5.035645008087158,5.485743999481201,5.304333209991455
2055,24BA8014F3B3488CA61B4D6B1ACE42E8,5.347551345825195,5.680632591247559,5.617715358734131,5.3834381103515625
2056,02B0D4A366354AC789619EFFCEB2DF70,5.695037364959717,5.717113971710205,5.689827919006348,5.348447799682617
2057,,5.719940185546875,5.518740653991699,5.818575859069824,5.6803059577941895
2058,,1.123117208480835,1.123117208480835,1.123117208480835,1.1993095874786377
2059,893B9670E5584FAA909B9A83E776A259,5.460608959197998,5.396144866943359,5.70256233215332,4.74428653717041
2060,E01E3EE149FF4926A35C3BDE619A493D,5.781546115875244,4.719727993011475,5.694292068481445,4.999107837677002
2061,ACD0ECFD5D1041A4B6B8398FA464184D,5.701653957366943,5.813035488128662,5.895577430725098,5.346320152282715
2062,9AD0C4D99F6C493A9F9DB7A60B1F3295,5.244105815887451,5.791093826293945,5.813387870788574,4.736096858978272
2063,CAC3512DAE0E4BC9996489CF3D234A29,5.694800853729248,5.685270309448242,5.78795337677002,5.575162887573242
2064,56CB432C701E4ECBB4D42F66DD2E97A6,5.836850643157959,5.893155097961426,5.898904800415039,5.006542682647705
2065,B64EF2AD63F842A5875B913646BAE526,5.095537662506104,5.58428430557251,5.613871097564697,4.921568393707275
2066,BD24C660FA484A599D190651011B27B4,5.578834056854248,4.287168979644775,5.433815002441406,4.739186763763428
2067,AF9CD07A9C5D4C87ACE7FC79680E104F,5.697505474090576,2.235502958297729,5.089377880096436,5.052684307098389
2068,B0F401DF75174AD48F433E2A61AA9BBA,5.581992149353027,5.833529472351074,5.6274943351745605,5.486984252929688
2069,092022D220DF4B619C553C2AEB785496,5.736976623535156,5.769047260284424,5.853580474853516,5.104018211364746
2070,890CBF3CA63F45759239A87AA382B156,5.782268047332764,5.871869087219238,5.817217350006104,5.239425182342529
2071,1504F19B761F4CB6BA5FC67174D5645C,5.203132152557373,5.779846668243408,5.890289783477783,4.806560039520264
2072,3D18040236CD496FA2BD532C4AD2AD72,5.841577529907227,5.928942680358887,5.76239824295044,5.602710247039795
2073,BEDB2C6421C34A718B280E47C973E806,5.660341739654541,5.924371719360352,5.828526020050049,5.064792633056641
2074,2CC1A6A3DAA8416DB0FBADD7BFFEE144,5.446051597595215,4.912499904632568,5.241462230682373,4.838815212249756
2075,,5.704687118530273,5.724581718444824,5.565867424011231,4.934582233428955
2076,,5.6297807693481445,3.625354766845703,1.3590892553329468,4.855937957763672
2077,A3E390A6EAB545E2A897553845F25277,5.73632287979126,5.680487632751465,3.4934275150299072,4.89721155166626
2078,3EDA038087D84D8088C228E3B6CD74DB,5.603809833526611,3.5763676166534424,2.409058094024658,4.495989799499512
2079,AFE143F7B97140FEB4E996A689AFCCC8,5.122178554534912,4.3076605796813965,5.859494209289551,4.410635471343994
2080,05D7009CECE743599BB3DA0BD57D1A0E,5.540560722351074,5.436945915222168,5.728488922119141,4.942605972290039
2081,08E4CFD3D8F44067BF68321C3D15905D,5.837121486663818,5.924630641937256,5.940706729888916,5.49724006652832
2082,34CB05964F6342D089DFC70009A93490,5.69120454788208,5.698257446289063,5.983916759490967,5.454497814178467
2083,B7AEAC2D915E4AF1884D60634FD2C448,5.633740425109863,5.500980377197266,5.57135009765625,5.446138381958008
2084,401F5E2305B44387A0E8F47C91A50596,5.554468631744385,5.8406476974487305,5.900171756744385,5.124644756317139
2085,,5.679614543914795,5.597138404846191,5.811712265014648,5.432051658630371
2086,F8EEE3552FC4488EB1D9591E2DC1B81C,5.805258274078369,5.947685718536377,5.92971134185791,5.4900970458984375
2087,B742DBBFBB5B4643AD02DE74302A9B03,5.70258378982544,2.6445236206054688,5.768271446228027,5.07839298248291
2088,1BB702A0A1934701B783F647300ECF19,5.618642807006836,5.511231899261475,5.667628288269043,5.126705169677734
2089,81486148A74D4899889C861CDC117864,5.660153388977051,2.7089874744415283,3.210620641708374,5.005249500274658
2090,28866256FF2D491283D1186E47E7B42F,5.628898143768311,5.313185691833496,4.196776866912842,4.694172859191895
2091,2FAAB38BDC9D4CD989A266BD6D8202FB,5.72665548324585,5.398821830749512,5.881454944610596,5.540177345275879
2092,078F7A115A0D4657B7D709EE68422F20,5.724943161010742,5.663937568664551,5.422881126403809,5.512210845947266
2093,DD7EA2313DA642BCB793CB36F51E7D8F,5.745176792144775,4.57142972946167,1.8409769535064695,5.210105419158936
2094,4D0BA11E880B4647AD38590BDBE2BA8F,5.750008583068848,5.806914806365967,2.209681987762451,5.249605655670166
2095,7CF9BDBEF5A8487E9059DF7AEDC12B6A,5.749813556671143,5.99714994430542,5.679251670837402,5.480212211608887
2096,1B5D505CFA764283AF3C32D2E6BEB315,5.677657604217529,5.63191556930542,5.3722357749938965,5.236763954162598
2097,46E344831C7A4298857D5B8B2208819B,5.443877220153809,5.882065773010254,5.620729923248291,5.056992530822754
2098,,1.123117208480835,1.123117208480835,1.123117208480835,1.1993095874786377
2099,56647D3891874E3A899306B37A075DA4,5.680927753448486,5.921341896057129,5.231875419616699,5.450978755950928
2100,C811B770B4A041FBB80ED2200C87817A,5.393261909484863,5.84348201751709,5.664236545562744,5.237735271453857
2101,D06CD24531A74EF38C82A7B5B0F5BB7E,5.719884395599365,4.969034671783447,4.226249694824219,4.995848655700684
2102,6E1376F5DCBE4F4EB75BF2775CE25FE6,5.750702857971191,5.814239501953125,5.625353813171387,5.330655574798584
2103,959D119501A8421193B805DEF6F6167F,5.512866020202637,4.9372878074646,1.4816185235977173,4.845747470855713
2104,CA98B80CF2DD496FA96DF87A76EE59D0,5.594731330871582,5.681418895721436,4.5662760734558105,5.292469501495361
2105,8E4CBDBC8DCD47B89F0EB46BFB2F9DEA,5.720760822296143,5.54405689239502,3.052654266357422,5.631433963775635
2106,FE06476ED5B3420481041782483546FF,5.353237628936768,4.857830047607422,4.924596309661865,4.8984198570251465
2107,,5.65999698638916,5.485669136047363,5.820037364959717,4.71384334564209
2108,35394F20A4054CEA896226E4F8270D9B,5.717596054077148,4.917172431945801,5.59552526473999,5.522817611694336
2109,,5.837114810943604,5.634472370147705,5.543545246124268,5.568545818328857
2110,,5.5137553215026855,5.367839336395264,5.329541206359863,4.853800296783447
2111,C052E1B23FE64E4584D00045DD280990,5.214112758636475,5.314842224121094,5.646550178527832,5.262855529785156
2112,17ED70367EEB4FA89C53AA9B0624072D,5.078311443328857,4.679392337799072,5.438318252563477,4.696579933166504
2113,5AFEAFE264F24D3EA78E7EB2B6065CF7,5.704020023345947,5.820578098297119,5.877634525299072,5.616147518157959
2114,83BB23672EBF4BCC970A7B94B54AA55E,5.585198402404785,2.316768884658813,1.7692817449569702,5.375674247741699
2115,FA1DCD148EA94E59AF5A0F294616320E,5.794400691986084,4.2785820960998535,2.959530830383301,4.990756034851074
2116,D2CE7800235C493499A9E3966ED2BED1,5.82071590423584,5.852281093597412,5.684998035430908,5.458112716674805
2117,73BEFB2ABF5F4F6C9C186D1D9C4DB9B1,5.383692264556885,5.413288593292236,3.961728572845459,4.60504150390625
2118,372EA4F9157C458B8AB6412F6BB14992,5.807178974151611,5.787993431091309,4.274169445037842,5.498517990112305
2119,9E4CECA800E84A6CB0CA9BAE81C8D9DD,5.284420013427734,5.620038032531738,3.20266342163086,4.749227046966553
2120,,5.699941635131836,3.742827653884888,2.1499173641204834,5.139744281768799
2121,B758D7637663438AB17C0A9F809F254B,5.791361331939697,5.681689262390137,5.385980129241943,5.315368175506592
2122,C79DE1EF9E184A6D9B6E49A4FD9E4A75,5.822843074798584,5.841674327850342,5.128300666809082,5.357375144958496
2123,0FB4B87F0F00489588CE1CCF77F0AFDC,5.80426549911499,5.3987298011779785,5.887762069702148,5.213489532470703
2124,F40AFC4C695D40F283F51B0E3FF72BD3,5.680416584014893,5.647528648376465,5.771669387817383,4.820871829986572
2125,75AFFF18D0E546D8B36069CC2A739872,5.64545488357544,4.991800308227539,5.789945602416992,4.371811866760254
2126,,5.8471269607543945,5.628746032714844,5.789126873016357,5.086254596710205
2127,,5.543245315551758,5.719754219055176,3.8238601684570312,5.185571193695068
2128,1968A6EAE67742A5BD73ECDFEBC1DE9F,5.792724609375,5.856344223022461,5.88658618927002,5.0243988037109375
2129,DA2C80D7742046F4950F442FB3A05DBD,5.9137773513793945,5.665041446685791,1.6745059490203855,5.509082794189453
2130,12E950E4E4F24A04A202AE41BB25F094,5.566683769226074,5.4946608543396,4.874355316162109,4.852996349334717
2131,8E4EA259E4C44C1BB9C745AD6C3F5957,5.647581577301025,5.733229160308838,5.728042125701904,5.11719274520874
2132,5E8EDCB5AB1046B89CD5DF23047826B1,5.499621868133545,5.55947732925415,5.579162120819092,5.561340808868408
2133,2B82DC6372314880A490AE6087A783EF,5.733055591583252,5.959222793579102,5.745285987854004,5.049769401550293
2134,C66DB4EC171D45879828EA04A8C1852A,5.562581062316895,5.649332046508789,5.591534614562988,4.801109313964844
2135,98FD1D91B6764AD4B7882ACA18C32F2E,5.734297275543213,3.803508520126343,3.300102710723877,3.3044159412384038
2136,3F551E470A3A47BBA557B8D4BD0C0A8B,5.753395080566406,5.744439125061035,4.996979713439941,5.27086067199707
2137,9285B6E0319947F998FEC287C5835151,5.539642333984375,5.646961212158203,1.889309287071228,4.771543979644775
2138,251B6B4ABEAC476DBDF820FFAF9EB51C,4.998218059539795,5.609875202178955,5.525137424468994,4.2851386070251465
2139,,5.515305519104004,5.547499656677246,4.5492777824401855,4.662938594818115
2140,4458A029AB8E493E8DCA8DCF84B4F062,5.562264442443848,5.651297092437744,5.231954574584961,5.220067977905273
2141,055F9634E0FE41BE92515F582A94C4DC,5.602023124694824,5.3179450035095215,5.613678455352783,4.975679874420166
2142,4988769312C24086B87B5B226E05975D,5.758142948150635,5.702613353729248,5.829882621765137,5.5806732177734375
2143,6B47E2EA342F4CE99F0CCCDEB4ADD654,5.509737968444824,5.645464897155762,5.768740653991699,4.973710536956787
2144,E7FC6752E2A94B21AB0FB7DDAE103E81,5.834420204162598,5.324640274047852,5.353931427001953,4.815577030181885
2145,14A0903A2BEF4452ADE356401E04173E,5.834068775177002,5.694814682006836,5.255629062652588,5.289241313934326
2146,651313FAF42F4ECAADDD8E61FF3ADDB2,5.645992279052734,5.777573108673096,5.178716659545898,5.258915901184082
2147,6CA88E76BFF947E79CDBF0703EBF5D12,5.775469779968262,5.708489894866943,4.258346557617188,4.91655158996582
2148,909BFE956ADC48A2A948EA9F5109CCCA,5.575768947601318,5.855019092559815,5.6475372314453125,5.084296226501465
2149,78E25BF1A201483DB939F1A786124CEB,5.500186920166016,5.786128044128418,5.481593608856201,4.713634490966797
2150,EE64AE84AD484D928F695C8C9AC5782F,5.5284342765808105,5.66042423248291,5.727752685546875,5.030073165893555
2151,FB2F161068FB459F9CB3E622B48E524A,5.546398162841797,5.814043045043945,3.2834231853485107,5.1602654457092285
2152,,5.664609432220459,5.729153633117676,3.705540180206299,5.189520359039307
2153,0F5180306E9B469FA9F4894A7D5C67E7,5.616414546966553,6.02979850769043,5.652809143066406,5.220242023468018
2154,,5.734260559082031,5.813530921936035,5.628542423248291,5.23457670211792
2155,77E6866361B84BD3ADE2E4AEBEAE5C3E,5.806924819946289,4.258052825927734,4.990994930267334,5.203789234161377
2156,,5.193073272705078,3.988320827484131,3.1906518936157227,4.774306774139404
2157,0F82F610DABF4BD3AB18D1D20C15FF83,5.285062789916992,3.600339412689209,3.7108757495880127,4.401177406311035
2158,285557E5034C4E5CB451E6ACD006954E,5.746818065643311,5.557744026184082,5.750244617462158,5.28787088394165
2159,9AFE06CB3A284D8F819E3C9262AB5545,5.507240295410156,5.530478000640869,5.562450885772705,5.191598892211914
2160,2218182CD823447B9AC2ABD92512ACC4,5.562674522399902,3.227607011795044,1.7982831001281738,4.40009069442749
2161,0DAE4880AA2C4E62872631E5AD7D6754,5.750004768371582,5.264811038970947,5.385125637054443,5.4588623046875
2162,49BA30A06C2D40B5AF0461B701884CCA,5.393346309661865,5.797923564910889,5.711470127105713,4.926551818847656
2163,84373C107EBA4DD99447D4DAE65FFDE9,5.4387712478637695,5.632508754730225,5.032345294952393,5.081483364105225
2164,BB75D22ECAFA402D8516899F001D10E8,5.1862897872924805,5.941390037536621,5.927665710449219,5.4800543785095215
2165,CF4BD69FB9B24E8A8BE337A9B294C124,5.59628438949585,5.720114707946777,5.438106536865234,5.302495002746582
2166,,5.6493306159973145,4.326948642730713,4.934577465057373,4.790870666503906
2167,A427C8D481CC41A984D69A9F825BB938,5.881725788116455,2.7686471939086914,1.4130961894989014,5.6219801902771
2168,A23F066F620E43BEA19A4CEE69F2D9EB,5.157955169677734,5.360743522644043,5.345277309417725,5.084365367889404
2169,D35187F6C52F47D8B0173831EFD5B2A0,5.593311786651611,5.671236515045166,5.874875545501709,5.018351078033447
2170,9AEBDB0B2B1240AD95D900660DEBD25E,5.696524620056152,5.690525054931641,5.330110549926758,5.460325241088867
2171,D92457EFDF6C4397905CC16087F8835A,5.652283668518066,5.787596225738525,5.614892959594727,5.187301635742188
2172,C75D450792BD44209314CAFB4F895105,5.417498588562012,3.5015769004821777,4.492788314819336,3.839089393615722
2173,72F55388180D41F8AF19F28CFE138433,5.760801792144775,5.8279948234558105,5.60216760635376,5.328115463256836
2174,,5.301825523376465,5.0134596824646,4.683426856994629,4.789529323577881
2175,E93AE0C2550847B9B32F52A65CD8DEFE,5.806138515472412,4.317513942718506,3.289546489715576,4.6603617668151855
2176,687F973AA6704371AE379FDF57EDF829,5.398617744445801,5.47662353515625,4.900075912475586,5.104712009429932
2177,156397C041DA4284984B2338B130557C,5.615042686462402,5.507392406463623,5.284890174865723,4.9038920402526855
2178,E07E22BD14774195A585C7905BFDA170,5.758617877960205,5.717939376831055,5.047464847564697,5.33914852142334
2179,B76EA336606B44CEA4005B8861621321,5.600319862365723,4.880219459533691,4.792431831359863,4.840217590332031
2180,,5.614384651184082,5.044212341308594,5.822275638580322,4.725626468658447
2181,AEAA994903A44AFC95BD275ECB1368A8,5.866698741912842,5.749074935913086,5.773892879486084,5.470854759216309
2182,CBAD891B42934C2389B2DE67AA350BAA,5.795278072357178,5.032666206359863,5.071931838989258,5.133589744567871
2183,E634204DAF664B559427C833EBB31E7E,5.725100040435791,5.864126682281494,5.821603298187256,5.0272417068481445
2184,,1.123117208480835,1.123117208480835,1.123117208480835,1.1993095874786377
2185,,1.123117208480835,1.123117208480835,1.123117208480835,1.1993095874786377
2186,B4D01A00313E4D948299FF5AB8DCC11E,5.530887126922607,5.348136425018311,5.620323181152344,5.300156116485596
2187,,5.391469955444336,5.632735252380371,5.723872661590576,5.136053562164307
2188,,1.123117208480835,1.123117208480835,1.123117208480835,1.1993095874786377
2189,1FAEC64EB86245648BE52966683EAAEA,5.820465087890625,5.912352085113525,5.858227252960205,5.051735877990723
2190,496A0B06C87442B9B1D31644B1178E4F,5.30087947845459,4.234280109405518,2.799669027328491,4.037250518798828
2191,D0EC497607204D4F89A86D8E67CF6AC8,5.660059452056885,5.808334827423096,5.703925132751465,4.74702787399292
2192,5EAE41980252458DBC27352875AEC7C3,5.504153251647949,4.468876361846924,5.927367687225342,4.639461994171143
2193,,5.680672645568848,5.728606700897217,5.285025119781494,5.364124774932861
2194,09F9562EF2F7416D998DC377B695CEDF,5.138217926025391,5.780056953430176,2.437907218933105,4.747092247009277
2195,,5.7303314208984375,5.640995025634766,5.4606804847717285,5.0624213218688965
2196,F96CE95C8CD2466DAF8685B518639DE4,5.795146465301514,5.785505771636963,5.760801792144775,5.455413341522217
2197,D5E7D74E1B514A659786F64570F5A097,5.716318130493164,5.341056346893311,1.994845151901245,4.814393520355225
2198,,1.123117208480835,1.123117208480835,1.123117208480835,1.1993095874786377
2199,0A44287365B0487FA1EFBDFEFC4B2636,4.719159126281738,4.916445732116699,4.411923408508301,3.525441646575928
2200,7FBBC730E8B94FEA846B5DC6BE801AFA,5.727703094482422,4.532375335693359,5.730549335479736,5.02269983291626
2201,9B761B849D674C2D9B7824E232B95E8A,5.642169952392578,5.705866813659668,5.690521240234375,5.16652774810791
2202,F5D59BF4EFC042BABD1E0B77284BE8DD,5.769113540649414,5.6485466957092285,5.340813636779785,5.209654808044434
2203,BBFFDAA771ED419AA79A99E1B94106F6,5.648015022277832,5.002594947814941,2.356156587600708,4.922525882720947
2204,90A44E55BBC8463B959B89AD82DC9259,5.632674694061279,5.778735160827637,5.819965362548828,5.194689750671387
2205,711534EEB4C143F293921AD2A132A56A,5.843008041381836,5.990725517272949,5.842101097106934,5.743422508239746
2206,F932CA87C21E4965AC6B54F9944DD344,5.793264865875244,5.313948154449463,5.224606990814209,5.440059185028076
2207,28F43B2656684768B34F8259EC94CF71,5.562707424163818,5.7305426597595215,5.754189014434815,4.891871929168701
2208,1C4F2F122038411CA6CD8C00BF205A30,5.534095764160156,5.966982841491699,5.9375529289245605,5.107631683349609
2209,8A6F2775C822488FA7FFE2FF5E4B7924,5.6454691886901855,5.8420729637146,5.885339736938477,5.435685634613037
2210,,1.123117208480835,1.123117208480835,1.123117208480835,1.1993095874786377
2211,34B5AF2FC0714F32B3EF600D3F8E6F79,5.633087158203125,5.003770351409912,4.52495813369751,5.064565181732178
2212,1BE705FED8414549A9FAF1CCF2EC8E31,5.634365081787109,5.395909786224365,5.154147148132324,5.010935783386231
2213,8D134F802E6B4C5DA12879700DCB92A1,5.928083896636963,5.847689151763916,5.780970573425293,5.690838813781738
2214,4BE7A45113744C6F978449566D1BD474,5.214494705200195,5.7937541007995605,5.703903198242188,4.45632266998291
2215,683653B3F286428A99ED4EDB2ABA6081,5.648581504821777,5.701056957244873,5.887357711791992,5.418817043304443
2216,0EABC83DEC174181BBA65D80FEC52A77,5.5395331382751465,5.378100395202637,5.357767581939697,5.240582466125488
2217,F9C29A8623CE450FBB8DA4AEE999CB2A,5.50252628326416,5.530063629150391,5.346557140350342,4.543916702270508
2218,79462987E07B4569998A0A5A882D1B98,5.037999153137207,5.434994697570801,5.976697444915772,5.221238136291504
2219,,1.123117208480835,1.123117208480835,1.123117208480835,1.1993095874786377
2220,3BB64F9300C24EB8BF33FCB70E432C5D,5.327476978302002,4.682233333587647,3.791376829147339,4.390822410583496
2221,92C0BB379B334A7D999F827583FB5AFC,5.409249305725098,5.81684160232544,5.629096031188965,5.017065048217773
2222,,1.123117208480835,1.123117208480835,1.123117208480835,1.1993095874786377
2223,3455B367F24049FEA4BF14D146F9BB2B,5.391358375549316,5.911480903625488,5.832141876220703,4.885822772979736
2224,CC64651750BF4628B80C80B433D37976,5.254619121551514,5.254395008087158,5.773889541625977,4.683523654937744
2225,99C27F4A4E504014B507AF6CAF3BACF6,5.822718620300293,5.870681285858154,5.063007354736328,5.204686164855957
2226,5D55013225A54F5A8745AE3A372BF78F,5.680099964141846,3.1438729763031006,1.670995593070984,5.179464340209961
2227,,5.615643501281738,4.400700092315674,1.5542081594467163,4.82575798034668
2228,997382169DEE4AF1B627AC91F75865C6,5.681234836578369,5.8675055503845215,5.77797269821167,5.337647914886475
2229,,1.123117208480835,1.123117208480835,1.123117208480835,1.1993095874786377
2230,8FD7167920D348019693B451EE993DB6,5.664984226226807,5.81834602355957,5.761895656585693,5.155891418457031
2231,0598B10C365945E695DFB189C2C92EA4,5.6154632568359375,5.879438400268555,3.068324565887451,4.970807075500488
2232,,5.763044357299805,5.272385597229004,3.3946828842163086,4.856215953826904
2233,,5.615912437438965,5.641496181488037,5.88179874420166,5.081029415130615
2234,,5.571715354919434,5.011440753936768,4.693840980529785,5.2046217918396
2235,C68F56D90620478A9508CBD07BC8AF20,5.185430526733398,5.565882682800293,2.032646894454956,5.154372692108154
2236,B227E08701CB4276BCD4FCEC4DA4B4FE,5.214016437530518,4.518815040588379,5.41989803314209,4.276019096374512
2237,01EF75549D974DC29E873F9A9C8969C5,5.59499979019165,5.628855228424072,5.646693229675293,5.038512229919434
2238,705B43B318C6416F955499F3821C88CE,5.789304256439209,5.635430335998535,5.564768314361572,5.344422340393066
2239,68979266D30D4730AA8E08AAD33DC62A,5.232656955718994,5.133393287658691,5.627530574798584,4.306384563446045
2240,4CA51D0A8EA34855B72A7BE2F73F2028,5.598994255065918,4.941074848175049,5.163794040679932,5.1845550537109375
2241,D3501C6BB9D14C7AA959B1397E2CF8C6,5.783326148986816,5.422482490539551,5.703444480895996,5.640279293060303
2242,36E93D2048D348D0854D1A880BC1CB99,5.164284706115723,5.595047473907471,5.627524375915527,4.851721286773682
2243,,1.123117208480835,1.123117208480835,1.123117208480835,1.1993095874786377
2244,09190A9D84464152AF8C06F51D497F20,5.480065822601318,4.934226989746094,5.921774864196777,4.365134716033936
2245,EC0CB254F53540329270839ACDD6F7BA,5.313212394714356,5.680386543273926,5.581737041473389,5.176219463348389
2246,9E05B9ED35784C4098AE0B7C11AFF922,5.592107772827148,5.616086006164551,5.662925720214844,4.827253341674805
2247,1B9B7CC496574E68A276AEC7ACB0BBB2,5.566629886627197,4.847737312316895,4.547054290771484,5.205502033233643
2248,BF33CCC5C7AE47DD8FF4F83B1C18B843,5.213559150695801,5.820794582366943,5.895198822021484,4.725220680236816
2249,85364190604C4998AE9892A92449CB28,5.716550350189209,5.71782922744751,5.688506603240967,4.930067539215088
2250,,5.184764385223389,2.281264305114746,3.564161539077759,4.353052616119385
2251,BD2B9D9C77524887AB53B34B8CA6BCC3,5.806131839752197,5.814762115478516,5.817315101623535,4.98867130279541
2252,07CBE1A0E24A42018158AA7824DE1CC1,5.900522232055664,5.5024895668029785,5.45761251449585,5.182368278503418
2253,,5.716925621032715,5.428073406219482,2.18272066116333,4.912132740020752
2254,A2EA82BEFEC4453EA0117E2828EC9951,5.632268905639648,5.75658130645752,5.673017501831055,5.235623359680176
2255,A1BBA87EE7B64137977CA64A94B2609A,5.35886287689209,5.7702250480651855,5.031651973724365,5.195645332336426
2256,E89F1988106A47C69BCCC9CB6CF76758,5.648552417755127,5.309723377227783,5.645422458648682,5.089666843414307
2257,9DF7995187DD4E119D89B125B87040B3,4.870325088500977,5.545078754425049,3.945078611373901,4.587520122528076
2258,,5.157229900360107,5.82240104675293,5.436583518981934,5.292544364929199
2259,3B2E557DEFCC4283A6EB144F276B72DF,5.567261695861816,5.689105033874512,5.522651672363281,5.186085224151611
2260,CB8ABC534DC540489EB94B779B262757,5.61661958694458,5.52708101272583,5.8388352394104,5.207333564758301
2261,2B5FFAD4F8894CDBB5FEA78E7152CBD5,5.1279120445251465,5.582798480987549,5.689658164978027,5.273217678070068
2262,,5.671773910522461,5.689921855926514,5.584197044372559,5.264425277709961
2263,,5.045490741729736,3.420466661453247,4.007829666137695,3.4767274856567383
2264,F1FCB9B08C1D47FBB43E4C4CE716933B,5.86580228805542,5.917825222015381,5.817746639251709,5.410263538360596
2265,852E88BD323C47909556DE967C1B704C,5.740408897399902,5.828927040100098,5.844836235046387,5.073378562927246
2266,8B822C2A61FA4C5DA9F099314432ACE1,5.513393878936768,5.755153656005859,4.366371154785156,5.068243503570557
2267,0DD37DD74F78411CA386536CD2688B6D,5.7707200050354,5.225072383880615,5.169735908508301,5.102960586547852
2268,01A4A3D8DB3E44BAA3F9DE88CB8BE7F8,5.724403381347656,5.165035247802734,5.875664710998535,5.436073780059815
2269,7D7CA2D94591449098E71AB39C3E0E71,5.469770431518555,5.451537609100342,4.49650239944458,5.039523124694824
2270,ADB4D8EE454749399DDA880A47960320,5.659832000732422,5.460494041442871,5.755153656005859,4.937527656555176
2271,9F4AEF776B4B44B885B139915133CC2A,5.5379719734191895,5.548521995544434,5.827794551849365,4.879763603210449
2272,,1.123117208480835,1.123117208480835,1.123117208480835,1.1993095874786377
2273,4801FA4BF89E48E39EABF877E9699ED7,5.324894905090332,4.684276103973389,5.598773002624512,4.326629638671875
2274,480624F7D2124687AD60694DFA6D7702,5.370469570159912,4.991279125213623,5.491738796234131,5.05101203918457
2275,,5.769374370574951,5.869495868682861,5.902472496032715,5.289892673492432
2276,718C02EEBD6F495698710BC7337CF346,5.581773281097412,5.475473403930664,5.755597114562988,5.105383396148682
2277,,5.6007232666015625,5.737915515899658,1.2084962129592896,5.411888599395752
2278,A2F30B4B654D4C728139658DFB134E8F,5.567462921142578,5.754794597625732,5.901383876800537,5.15460205078125
2279,CE15965E495347DC9BFCD68E789C61B4,5.8375420570373535,5.664928436279297,5.765825748443604,5.623533248901367
2280,3C073C6DE9BE4F4FB014B07A289451CB,5.6274943351745605,4.930197238922119,5.428394317626953,4.701198577880859
2281,,1.123117208480835,1.123117208480835,1.123117208480835,1.1993095874786377
2282,2BE67863758E436BAB6D28C879D69ADF,5.309994220733643,5.630646228790283,5.680346012115479,4.791852474212647
2283,D109C168F2504899BC0168CE82FFB94C,5.446338176727295,4.787274360656738,5.403295040130615,4.905069828033447
2284,B6C338ADB8E14962A8A5BB40E2097D33,5.201776027679443,5.744048118591309,5.783729553222656,4.767518520355225
2285,BEF221BD24F3446AA29C0534100AF251,5.710142612457275,5.860647678375244,5.857724666595459,4.862762928009033
2286,848EEB79FC8147A2880C54BF6D9DBE04,5.913529396057129,5.848728656768799,5.631747245788574,5.421181678771973
2287,,1.123117208480835,1.123117208480835,1.123117208480835,1.1993095874786377
2288,AB772762F9A2441E981FE0303F9BAFFE,5.462580680847168,5.6595964431762695,5.811586380004883,4.789198398590088
2289,319E032E04894EFF8714701682900505,5.599620819091797,5.826855659484863,5.530600070953369,5.312757015228272
2290,CFB46DAD01B947579E0AE02CAEC228BA,5.759875774383545,5.46346378326416,5.693135738372803,5.661844730377197
2291,611A51924AB54625A816396B23C10A89,5.933844566345215,5.800209999084473,5.768353462219238,5.76802396774292
2292,,5.802255630493164,5.939671516418457,5.818341255187988,5.4584174156188965
2293,C605836AF3AF4A3C95B66C33E76EA782,5.581090450286865,5.784542083740234,5.807249546051025,5.202473640441895
2294,F47386A8FBFF4EE4B5938F4EBE4C7DD6,5.216331958770752,5.51120662689209,5.745621681213379,4.922132968902588
2295,,5.760647773742676,5.737555027008057,5.7306742668151855,5.271622180938721
2296,7C07D541967B4795BBA72544A7714B1E,5.887569427490234,5.798588275909424,5.531529426574707,5.310696125030518
2297,80C959EEBA3244619D364FBC8AE05F5D,5.547409534454346,5.308311462402344,5.076298236846924,5.186113834381104
2298,9AE653AC9D644EDDB5A7D9E511F3BDC5,5.352777004241943,5.821407794952393,5.186448574066162,5.33117151260376
2299,0320B3B1DD3C45D8AFF07F68D7C2EB4C,5.454065799713135,5.678866386413574,5.791172027587891,4.999389171600342
2300,35458781FA444543970696E3FA173B16,5.324900150299072,5.539420127868652,5.502182483673096,5.005217552185059
2301,A80175495ECA4559B84696A93B7C8E43,5.434949398040772,5.581456661224365,2.838409423828125,4.0677170753479
2302,ECE5D527AB23463B92A5EB029389F6C5,5.900735378265381,5.783735752105713,5.762279987335205,5.328115463256836
2303,ECB3615472864FE4B23007768E7790EC,5.841362476348877,5.895362854003906,4.00278902053833,5.357001781463623
2304,3634B7B96900498DB70832FE9720B416,5.882004261016846,5.789126873016357,5.389187812805176,5.314103603363037
2305,8D491C4D44874C3DB2C6D1BC89C08B16,5.292845726013184,5.571615695953369,5.807653427124023,5.023150444030762
2306,CF05EF295810428FB3DA66E86BC8DE59,5.834786415100098,4.961962699890137,5.905150413513184,5.459052085876465
2307,56BBEE1F87854686AE261F9660BCD457,5.689216613769531,5.860052108764648,4.850079536437988,5.6176862716674805
2308,86499D1E389048D9A2D90F4F00F5FE92,5.548741340637207,4.964105129241943,5.640676975250244,4.580223560333252
2309,C623A7ED9AC14DBBBF365351F4D0D03D,5.77280855178833,5.7693047523498535,3.9919912815094,5.188013076782227
2310,BCE75BF14AD0480292A141E0CC50A717,5.742635726928711,5.709936618804932,5.611718654632568,4.880227565765381
2311,74AF200637384EC79071D83472997B5B,5.451323986053467,5.445683002471924,5.5825514793396,4.529280185699463
2312,6711199FA4D04ADEB76371B1A3F1CE50,5.741243839263916,5.630320072174072,5.919355869293213,5.090503692626953
2313,850C0EDA29184C91AD3E069BFF8C617D,5.717293739318848,4.759614944458008,5.676750183105469,5.239876747131348
2314,A5C3D32B75AA485E895A9B529561FD78,5.850698471069336,5.484619140625,5.879343032836914,5.465678215026856
2315,C6AEEEC7BA4F42DA8D9AF49769A0BD96,5.424339771270752,5.777833461761475,5.487237453460693,4.691847801208496
2316,80F73BDF637441C68134824003DD8D40,5.745157718658447,5.734344482421875,4.454016208648682,5.306914806365967
2317,45CB965008064DF29DE172411EDB4512,5.504200458526611,5.263064384460449,4.379021644592285,4.803484916687012
2318,D14881628ECD4CF68081C0EBE1B01534,5.675616264343262,5.603870868682861,5.758796691894531,5.2415452003479
2319,7FBD9C78131B4705A584D9AE47A72229,5.422157287597656,5.159807205200195,5.7458086013793945,4.924686908721924
2320,E435BD0A63E44A47B07CF54DB7D6CBB6,5.847989559173584,5.88331937789917,5.680896759033203,5.238057613372803
2321,,5.46666431427002,5.506366729736328,2.7145864963531494,4.741508483886719
2322,,1.123117208480835,1.123117208480835,1.123117208480835,1.1993095874786377
2323,,5.204467296600342,4.615859508514404,1.514177322387695,4.640812873840332
2324,8895A89D6E824750B468DF8AB4441523,5.255027770996094,5.826006412506104,5.797672271728516,5.062110424041748
2325,70A6B605610E409A953B24FDBCD34EC8,5.471532344818115,5.599181175231934,5.66425895690918,5.251271724700928
2326,EBB3C9772E2D46669DC59CFDEEE492A8,5.269267082214356,3.97940444946289,2.548915147781372,5.078066349029541
2327,141DA6F52C1145FE88F48FA0763B085A,5.858645915985107,5.714297294616699,5.870710849761963,5.158133506774902
2328,,5.672863483428955,5.5024895668029785,5.282092094421387,5.128697872161865
2329,7265A1BB9EB046CAA0DB816A0FCEA926,5.614829063415527,5.566643714904785,5.801201820373535,5.245357513427734
2330,3D2526B4666F44B985B0153FC265D63C,5.778870582580566,5.543529987335205,,5.285984992980957
2332,,1.0050595998764038,,,1.0050595998764038
2333,78DAFA5B08694CA98819F982A7793FCB,1.0050595998764038,,,1.0050595998764038
2334,7A7B8914FACC4A64A4020D191D1DA3E4,5.761158466339111,,,5.761158466339111
2335,A564C1C5538C48D0874D3CC48612419D,5.663360595703125,,,5.663360595703125
2336,9789CC8D4FDF431CA369C054022B7E9D,5.840789318084717,5.859945297241211,,5.5516438484191895
2337,5394BCDF1458405DA37A6521F7854B37,5.840909481048584,5.837423801422119,,4.998726844787598
2338,60F72E2264D244679C4CD3ADCFC6F542,5.717597961425781,5.640724182128906,5.327400207519531,5.5357160568237305
2339,8F789E4DAC0C4E1697830CF0BB883924,5.551207542419434,5.925138473510742,,5.030057430267334
2340,2D84E4A1749B48D7A3D4C33C5EF151D9,5.660231113433838,,,5.660231113433838
2341,001400E1884C42678F8889EA2219D605,1.180172324180603,,,1.180172324180603
2342,8BD851996082479EBCFDE21AFE61FDFF,1.0050595998764038,,,1.0050595998764038
2343,A2E329052C0247C5A5568B29564CB5DD,5.609694004058838,,,5.609694004058838
2344,3159545D9712481296477F4DA28D3466,5.677084922790527,,,5.677084922790527
2345,6C65F86A348F40D6AA44636FA43E4808,5.645725250244141,4.553337097167969,,5.252781867980957
2346,F443A89EBD9F4899821617411CB7C18D,1.0050595998764038,,,1.0050595998764038
2347,,1.123117208480835,1.123117208480835,1.123117208480835,1.1993095874786377
2348,2EFB1C34FC6E4DA7B7B8A3CE1BEB9452,5.725049018859863,,,5.725049018859863
2349,0B454216618D4D1884D71951544E9AA5,5.808101177215576,,,5.808101177215576
2350,22CC45512F3143D187363CA47EC5C8DA,5.815449237823486,5.904261589050293,,5.465868949890137
2351,214E41BE5B29475D8B554B34A9290A07,5.718585014343262,5.79818058013916,,4.918351173400879
2352,7FDF352B782E459BAF0DE7DA57B022D6,5.863574028015137,5.418793201446533,4.449803829193115,5.19910192489624
2353,7718C1E05E4648C7840BBCEC85698BE1,5.540335178375244,5.781580448150635,5.767374038696289,5.028972148895264
2354,194B407920E54E169614F93C42925AB2,5.821615219116211,5.871607780456543,5.946187496185303,5.420794486999512
2355,969723714B1C4E13980088E601855790,5.950323581695557,5.93013334274292,2.343413114547729,5.608222484588623
2356,F256EF9BB2994F2BB820C0BBA828336C,5.829578876495361,5.920828342437744,5.925122261047363,5.712741851806641
2357,60BE0FA99CE245A38F9EC8259A527829,5.238156318664551,5.477546691894531,5.763410568237305,4.948091983795166
2358,B0EE0103A9584E619B56C4628C4729DF,5.42837381362915,5.582043647766113,5.6478681564331055,5.117297172546387
2359,3CEF4BA9AD5F473DB69D2321A2A4EDEC,5.6133527755737305,5.6598310470581055,5.9105377197265625,4.977532863616943
2360,D72AE8C7C19A48B19576D12199EA0F86,5.659049034118652,5.791384696960449,5.0751261711120605,5.0139336585998535
2361,B8E75EE288DA421D961AFB74A19F9B56,4.165680408477783,5.428944110870361,5.455077648162842,3.9984548091888423
2362,62F23E4044A846CFB4593062A041FFD7,5.745285987854004,5.840414047241211,5.650886058807373,5.476190567016602
2363,43877F81936448DAAC16605052405D53,5.616101264953613,5.619053840637207,5.472192287445068,5.081624031066895
2364,FBFFA9668C5A42609AC128588D065E25,5.629956245422363,5.864447116851807,4.972800254821777,4.987531661987305
2365,D84B39A51D0C47CBBCDCCE4DB4D2EE2E,5.76081132888794,5.784306526184082,4.865041732788086,5.191125869750977
2366,,5.817531108856201,5.2392168045043945,5.438377380371094,5.23569917678833
2367,8E27A75C1D0A47EB83866F75F0AFCA3F,5.615259647369385,5.153731346130371,5.230869770050049,5.174978733062744
2368,72BAFE6C8D9D444CADE96D4DED3E53D2,5.600290775299072,5.617911338806152,5.836437702178955,5.05227518081665
2369,821875A191014AC7AE9FC875C9699BDD,5.579635620117188,3.81099271774292,2.6714468002319336,4.435691833496094
2370,57D7A9DFA64642FC8C144B58D6DA877A,5.775074005126953,4.197375297546387,5.689948558807373,5.219852924346924
2371,5DDFB19028B54F328E83BBE1718CD271,5.528884410858154,5.762368202209473,5.564310550689697,5.134379863739014
2372,39F951D456CF4C9CA5A3685B9324CA72,5.900388240814209,5.855979442596436,1.609585165977478,5.502755165100098
2373,6BE9FFE193DF45F2944F621B45D12B29,5.370442867279053,5.512708187103272,5.727200508117676,5.019324779510498
2374,D264A1809477494590B57095BA88A476,5.795947074890137,5.704245090484619,4.407121658325195,5.23594856262207
2375,1A6684858C8C4038B81DF64110A172D4,5.733603477478027,5.472779273986816,3.0403683185577397,5.339482307434082
2376,3B768AC8B390452297C5E5C10BC430C4,5.691197395324707,5.060093879699707,4.965864181518555,4.974302291870117
2377,F1E2478966E44740BE8D2CB534AA9433,5.439051628112793,5.650316715240479,4.971155166625977,5.161015510559082
2378,,5.647411346435547,5.525346755981445,5.104892253875732,5.289229869842529
2379,4D04BBA0A78A4B59A2A7C748065B6ECC,5.7171783447265625,5.700314044952393,5.796403884887695,5.306851387023926
2380,5D2CE03DE0E64C7DA82F6324EEB87A25,5.725931644439697,5.589854717254639,5.809929370880127,5.457610130310059
2381,2D3152CF46DF486A9F1D933FA27BF0EF,5.811717987060547,2.0764412879943848,3.7726023197174072,4.798845291137695
2382,CA65C661DE394038893E1592E3BFBA1D,5.467330932617188,5.749992847442627,5.880033493041992,5.269852638244629
2383,8E8BC26DC0B74D72BEA975D5E528F268,5.603105068206787,5.550444602966309,4.664431095123291,4.788966655731201
2384,6FC8303435C340F6A79BADC8A136FF79,5.728405475616455,5.806826591491699,5.007245063781738,5.565247535705566
2385,C5E9DAC6A8314679A3BAFDDFD063A3B7,5.635530471801758,4.181690692901611,4.902003765106201,4.284221172332764
2386,C15175156E3A4ACEA593843725E82A0D,5.511743545532227,4.767214775085449,5.1573486328125,4.42995548248291
2387,7837F092ABDB4696B653011B7481CCF5,5.776069164276123,5.7568230628967285,5.667752265930176,5.150635242462158
2388,7B88E76B967A44E8A2A5EF73DC2F79C8,5.67968225479126,3.670812129974365,1.796934723854065,5.062134742736816
2389,690756D2BCB5447CB4D81CB828477C18,5.598916530609131,3.655410289764404,5.942487716674805,5.286533832550049
2390,98F1F2ACBEEF441A9A454C5FFDFCCB3B,5.693856716156006,5.395565509796143,5.4699320793151855,4.610002040863037
2391,034AA152656B4D7A978ECD958E2EC126,5.883975505828857,3.18488883972168,4.147242546081543,4.924394130706787
2392,6A114C41A97F4884923B907488FFB200,5.680460453033447,5.512055397033691,4.851608753204346,4.7809014320373535
2393,BCD84CD14F674899911A26F76CF620A0,5.762174606323242,5.667026042938232,4.969566822052002,5.180440902709961
2394,,6.068841934204102,3.696391105651856,5.610401630401611,5.215258121490479
2395,5DD2BC59FC1D4DE0BAF5724904132C0A,5.761562347412109,5.624980926513672,5.202311992645264,5.190743446350098
2396,DF4D43B0E8B0417892D4859443A1F41D,4.4022626876831055,5.796377658843994,5.743049621582031,4.698856353759766
2397,B107C12A2D5C47719A86DACB66EDFF97,5.748945236206055,5.609109878540039,5.5973219871521,4.789345264434815
2398,D02378D6C3034CC8A13097CF634CEE54,5.400989055633545,5.687497138977051,5.504622459411621,5.08539342880249
2399,A584903CF5BD4438BA6EDAE049FC3196,5.395535945892334,5.717822551727295,5.306930065155029,4.477268695831299
2400,B65EAA4BB3C9434A9CE7A71E7AC08FB2,5.555113315582275,2.377970933914185,2.25925087928772,4.651743412017822
2401,,5.480711936950684,5.391568183898926,4.538998603820801,5.176202297210693
2402,DDD6DE04140C4099AC77B15B9639F1F6,5.416747570037842,4.827235221862793,2.633126735687256,4.598556518554688
2403,C4F52E1AAD5E4409816EBB081DE95CF6,5.798462390899658,5.620649814605713,5.731712818145752,4.924783706665039
2404,6F0392DB16EA48B6AE71270E93CDB329,5.161306858062744,4.618277072906494,3.847360134124756,3.6254730224609375
2405,125F1933F86C416188AC7832956604BD,5.681342124938965,5.89874267578125,5.8619256019592285,5.0916900634765625
2406,EDD47FE619A5490FA1B4261F6C253767,5.819550514221191,5.723182201385498,5.870431900024414,5.410623073577881
2407,A58C7AD722694AA5BAE29F3E2AF124CD,5.013433933258057,1.585018754005432,2.4656848907470703,3.917646884918213
2408,,5.61438512802124,5.741477489471436,5.921545028686523,5.3126301765441895
2409,EBEE23F570EA4962B046D25900EDCA6B,5.769096851348877,5.894028186798096,5.893689632415772,5.636285781860352
2410,293F48BB42D7407C9552572E7D0841D8,5.506906986236572,4.065811634063721,4.752762317657471,5.1812286376953125
2411,111B9C01B7A24FB1BA760C980D409019,5.69135856628418,5.680014133453369,5.359813690185547,4.90098762512207
2412,906DB4F6D9734AF08B4D5BFCBD5E51B5,5.339014053344727,3.235737562179565,5.503508567810059,4.625855445861816
2413,,5.715455055236816,5.389648914337158,5.736454486846924,5.083705425262451
2414,5A1CDA8FF6BC41E69FE2314942CD7FC7,5.273746490478516,5.734172821044922,4.91213846206665,5.3478827476501465
2415,E33ECAC04F6B48BEA1E133FC7A4D5312,5.764946460723877,5.471559047698975,5.581235885620117,5.10401725769043
2416,D1A7C6B7170E424F8A81F411AF77C93A,5.663782119750977,4.682022571563721,5.597099304199219,5.084849834442139
2417,9C8D43F6B1714B2DA34A6D7FC81BB676,5.536198616027832,5.780439376831055,5.780366897583008,4.972131252288818
2418,3684B7AA011B49AB851560B323FED266,5.804811954498291,5.689813137054443,5.780977725982666,5.398742198944092
2419,2CD5B52F54EF4C468B6FB2E60B42ACA4,5.600895881652832,5.767456531524658,5.678579807281494,5.304961204528809
2420,74B1F894FE6B46679D47924AB2CD5C2A,5.386382579803467,5.497787952423096,5.6000590324401855,4.87518310546875
2421,D91277DE657B4ED8BCBD1B9755F24A36,5.531431674957275,5.756369590759277,5.8879570960998535,4.854480266571045
2422,220A65D632FD4E2F956E096BBA236D60,5.4625654220581055,4.1802897453308105,5.502041816711426,4.794060230255127
2423,A828D4A37A744DC1A2D13CC549BC11F5,5.220818996429443,5.859497547149658,4.433609962463379,5.006672382354736
2424,6425464B6A9045C5A4E1FB95E0CBD00E,5.630345344543457,5.7977166175842285,5.570897579193115,5.337360858917236
2425,0F0D9CC38A3E42058DC0FA76CDC0D801,5.701949596405029,5.64769983291626,5.828190803527832,5.360423564910889
2426,9696FCC6AC3345178BE1523A37625CB2,5.548664093017578,5.736928462982178,5.927823066711426,4.96199893951416
2427,2D0385A7CDE54C2F811511E03AB17936,5.153537750244141,5.644666194915772,4.5995941162109375,4.800382614135742
2428,10576D7607BA41749D4D082D5E448A8C,5.881015300750732,5.47149133682251,5.808882236480713,5.327728271484375
2429,1BBCE476D5224CB29E812365D16BC9C9,5.616027355194092,5.459353923797607,2.3277270793914795,5.398931980133057
2430,534A67DE7BDD460CAF4E8D786A74515A,5.865960121154785,5.881113529205322,5.646234035491943,5.503103733062744
2431,4E91FC54BEC246139C492F80B060840E,5.635242938995361,5.80051851272583,5.952881813049316,4.973039627075195
2432,5036969BCA2B46A2AC82367E3F164DBB,5.547676086425781,5.722809314727783,5.112575531005859,4.90678596496582
2433,D7BD0749ED9D463F831A6E2CD6890E70,5.864128589630127,5.531519889831543,5.869590759277344,5.300297260284424
2434,0C94287DC0824352AF4A948E9814E5F1,5.201883316040039,5.806285858154297,5.73099422454834,4.515087604522705
2435,,1.123117208480835,1.123117208480835,1.123117208480835,1.1993095874786377
2436,C1378E97050A497DA3DC2E05E339DE3E,5.67156457901001,5.565112113952637,5.629589557647705,4.887545108795166
2437,1BD3309355654DCBA10096C31AB3B835,5.616809368133545,5.834649085998535,5.670343399047852,5.059742450714111
2438,2C55D79052184907A780644A2B23EAB1,5.723792552947998,5.948111534118652,5.894319534301758,5.4500885009765625
2439,B77F18AD392148B0A4F5476480EA6199,5.641516208648682,5.650684356689453,4.976408004760742,4.932332515716553
2440,,5.50515079498291,5.584100723266602,4.945624351501465,5.18880033493042
2441,80081D7910DD4C43A24C4A813E39DD54,5.813345432281494,5.871104717254639,5.857423782348633,5.055538177490234
2442,432A8BC3271E4699A1CCD64712CE25DE,5.842309951782227,5.840433597564697,5.509177684783936,4.902683734893799
2443,F050412A692D446599932C61B626CFDA,5.798981189727783,4.833457946777344,4.697046756744385,5.0866379737854
2444,B8182E0324BD4CA4AD8774570DDA9BD6,5.615128993988037,5.724265098571777,5.708342552185059,4.941030979156494
2445,732D43E0FBB84EAFBAFB768ACE9078B5,5.500333309173584,5.865955352783203,5.795065879821777,5.088334560394287
2446,,1.123117208480835,1.123117208480835,1.123117208480835,1.1993095874786377
2447,3FBE48BD58064589803796AB9E813C23,5.138030052185059,5.582511425018311,5.792969703674316,5.009112358093262
2448,D7E65C5133824633A8ECFBB7B05AC853,5.436250686645508,5.697175979614258,4.653943538665772,5.236568450927734
2449,D68EAE626F094FF3B074C69057E72762,5.860632419586182,5.3968186378479,5.569145202636719,5.187901496887207
2450,5F0E1E7CAEFD40B5A4EA89F84FC5DD1D,5.39629602432251,,,5.39629602432251
2451,,1.0056995153427124,,,1.0050595998764038
2452,5D0E0D3D0FC64E27B8B78D071C664A7A,5.671923637390137,,,5.671923637390137
2453,79C56560B0AD4495B7790F587A0358C5,5.791889190673828,,,5.791889190673828
2454,A29E243C916A45308C8FCD1BBBC2385E,5.615017890930176,5.599113464355469,4.7726922035217285,4.625551700592041
2455,E87464EC709C4CF08C92001C817EB726,5.520893096923828,4.856122016906738,2.266615152359009,5.032495021820068
2456,2FE4331C127B4D2BA55F7CE52142FC8F,5.769860744476318,5.831917762756348,5.309883117675781,5.499424934387207
2457,A1772D0777B24AE18FB40F185CE9F3D5,5.6414971351623535,5.48411226272583,4.330230236053467,5.080918788909912
2458,BB4A114625684DCEBA869E32BA183226,5.717700958251953,5.582376956939697,1.895698308944702,5.233855724334717
2459,964A3AF0A91F4824B5E04AE14E945EDB,5.641046047210693,5.353864192962647,4.858205795288086,4.356229305267334
2460,63EA528A87D94505AE02841B19E75EA8,5.736158847808838,5.1603875160217285,5.774960994720459,4.337604999542236
2461,,5.581015586853027,5.660981178283691,2.3407351970672607,5.305078983306885
2462,007E3D7B0AA44CB4AFD6EC9EE176C09F,5.7951483726501465,5.813236236572266,3.531687498092652,5.374953269958496
2463,52EF957DF40C48168266092156F5E355,5.755420207977295,5.5635762214660645,4.1944499015808105,4.906082630157471
2464,727B05A651684630A9CDD327BE702D63,5.788572788238525,5.749829292297363,5.805126190185547,5.158947467803955
2465,4D9EDF961C9F4398AFA4D09CC016CD9C,5.728522300720215,5.497814655303955,5.745077133178711,5.310431003570557
2466,BB276C4A31E843C78ABD416522D3B5BC,5.583350658416748,5.896519660949707,5.469188213348389,5.4970550537109375
2467,,5.841996192932129,5.795113563537598,5.809939384460449,5.221151351928711
2468,533DAC5171CB465BB97738A816ABCFBF,5.819193363189697,5.806886672973633,3.290569305419922,4.9666948318481445
2469,5C513C62DEBA4EF2B60DAD7F655A9E45,5.7994537353515625,5.632876873016357,5.694916248321533,5.112575054168701
2470,,5.718773365020752,4.925133228302002,3.9141926765441895,5.182603359222412
2471,EEB15A8208234BFEBAD0338006BF750D,5.452829360961914,5.689847946166992,5.173853397369385,4.999319076538086
2472,7EEDCA69773649809EE88FA909C4F973,5.5983734130859375,2.841692447662353,1.6098281145095823,5.376615524291992
2473,73974A002C81435DA1140346A75BDA17,4.858748435974121,5.790703296661377,5.837113857269287,4.844567775726318
2474,A313FDAFDBD44A68A189E03957931BAB,5.830657005310059,5.720120906829834,4.81895923614502,5.277660846710205
2475,BF781B1B7BCE4342BC8444E6A664ADA5,5.7856950759887695,5.800236225128174,5.705217361450195,5.132432460784912
2476,025215C368C44B6293EC0867AF952F12,5.317654132843018,5.5981764793396,5.693472862243652,4.861794471740723
2477,CF6A02C249ED48279D5B5053033E1C4B,5.629026412963867,5.564264297485352,3.8350541591644287,5.411141395568848
2478,847EDB8FF83E45CAA73B381F383D67F4,5.618228912353516,5.883171558380127,5.691612720489502,5.210341930389404
2479,1542E6F75D704E3BA0D5726CF3CA1F43,5.660938262939453,5.874485015869141,5.923840045928955,5.110160827636719
2480,B46D6931E1F449788B461531C751E516,5.803345203399658,5.540478229522705,5.264183521270752,5.205875396728516
2481,59BB9CFA7B324787B8C33B3720507929,5.51046085357666,5.650233268737793,5.783535003662109,5.062146663665772
2482,47D58FE1963F4C4EBFED29872820F809,5.5087714195251465,5.817140102386475,5.751197814941406,5.1971755027771
2483,B9F8D13D5FBC4BEBB7BEC0A603E1B61E,5.471363544464111,5.536587238311768,5.224842548370361,5.139431953430176
2484,5EDC44AB316B44EEA5DA815741C08256,5.791391372680664,5.922291278839111,5.5953545570373535,5.374204635620117
2485,72E5ECFD90DE49E19E166A6D4EEE2C27,5.709469318389893,5.862833499908447,4.6118927001953125,5.134824752807617
2486,A62C0773F31142F0B53DF19F4C6CA35D,5.4929633140563965,5.634481906890869,3.91823935508728,4.921537399291992
2487,CBEDA408DCA14955A4F7E01D264E95D1,5.825649261474609,5.736931800842285,5.354182243347168,5.153951644897461
2488,,5.329465389251709,5.861875534057617,5.095415592193604,5.006191730499268
2489,BC9E6A6E734741679910D6D1A22E7643,5.7114996910095215,3.9073965549468994,3.2278292179107666,4.956186294555664
2490,,5.63302755355835,5.128598690032959,5.633200645446777,5.127442836761475
2491,83499359DA8445C58593880B7BD1935D,5.54783821105957,5.700841426849365,4.419256210327148,5.098771572113037
2492,,1.123117208480835,1.123117208480835,1.123117208480835,1.1993095874786377
2493,7C998485827347399AD3E184F7F114E7,5.72977876663208,5.681130886077881,5.801631450653076,5.223246097564697
2494,52E4D7F0CDCC4B2985711DC664B61ECF,5.736983776092529,5.631614208221436,3.370521306991577,5.05640983581543
2495,59F3FD3917B349429ACF28270C442770,5.812138557434082,5.844153881072998,5.8431315422058105,5.337368965148926
2496,,5.354092597961426,1.1784648895263672,1.4124606847763062,4.559836387634277
2497,5751F20D33A744DAAB41F12DC4D3DA19,5.6591081619262695,5.308559417724609,5.243259906768799,5.363958358764648
2498,A9C6357E212B498F806278F81A7EE407,5.761072635650635,5.583740711212158,5.609958171844482,4.927689075469971
2499,0F4CC486FCEF48E99DE6DDCDCB734089,5.724695205688477,5.591161727905273,5.340225696563721,5.031822681427002
2500,,1.123117208480835,1.123117208480835,1.123117208480835,1.1993095874786377
2501,DBA683D3F6E14A6AADF8F6499BE436F6,5.660365104675293,5.660358428955078,5.906223297119141,5.1391425132751465
2502,17223F112C5A47AE9B530EA3B97C3BBA,5.782247066497803,5.029370307922363,5.879857540130615,4.853066444396973
2503,BE0F1C49B9574D498DF8719A4646347E,5.614712715148926,5.775315284729004,4.766915321350098,5.320383548736572
2504,BA87EF5AF7CD4863B1401C8500D97F02,5.046355724334717,5.78481388092041,5.521427154541016,4.984559059143066
2505,AF490B61965E48C18F2E6FA04077A84D,5.735414028167725,5.862915992736816,5.811935424804688,5.285358428955078
2506,BF4EF0FA97D1430FB583CD44795E8670,5.823742866516113,5.765476226806641,5.860701084136963,5.327637195587158
2507,,5.863748550415039,4.93461275100708,4.018418788909912,5.343505382537842
2508,6561D0B6536D4611BF525FD5ABFB011D,5.690189838409424,5.503444194793701,5.190193176269531,5.412816047668457
2509,333EBBD183C14B108FF69B994DECBAD7,5.58062744140625,5.887904644012451,2.674316883087158,5.143458843231201
2510,5D86BC7D233C4407AB4E55D5C3DD523F,5.508060932159424,4.07415246963501,4.15948486328125,4.073256015777588
2511,180BDA272B474D36AF9FA9EC01779D78,5.8115949630737305,5.505793571472168,5.666110992431641,5.193197250366211
2512,D6A91180C106458D9EE11B4A661A6C0A,5.628984451293945,5.650631427764893,5.466107368469238,5.409775257110596
2513,3B23BBF2A3014790BA4B47E62F829896,5.788348197937012,5.511739253997803,4.935131549835205,5.201181888580322
2514,D8789D1C3C7A482E82088F5A66FC1DC0,5.596169471740723,5.563515186309815,5.736920356750488,5.004849910736084
2515,337AE362496042D28DF745CB51DDE2E9,5.795466899871826,5.72824239730835,5.42836332321167,5.106687545776367
2516,,5.756256103515625,2.84790587425232,3.111799478530884,4.992324352264404
2517,3BFBDC65C28E4B2FA8EDA187DB8AC711,5.648209095001221,5.485142707824707,3.952544689178467,4.928752422332764
2518,C9439BEA746F47A2B81E3D8B1B7CE47E,5.718462467193604,5.7573771476745605,5.262524127960205,5.265100479125977
2519,,5.666000843048096,5.73237943649292,5.681287288665772,5.286148548126221
2520,DD9E8EDD23F743E0A27F5DECE27D6407,5.6161322593688965,4.643510818481445,5.223686695098877,4.795422554016113
2521,7B455B9CF1E245439F592B564E34F8F5,5.736474514007568,5.706927299499512,5.32983922958374,5.249413967132568
2522,93A410F441A54BA1B25CA56C8974C7D1,5.648022174835205,5.445829391479492,3.773196458816528,5.187020778656006
2523,C2527D180A8D4FF7B530F2912D56BC45,5.616816520690918,5.73043966293335,5.842317581176758,5.286135673522949
2524,,5.310737609863281,5.520613670349121,5.507273197174072,4.870138168334961
2525,,1.123117208480835,1.123117208480835,1.123117208480835,1.1993095874786377
2526,CE6BEC28247E442C9534CF9849D30801,5.841700553894043,5.776230812072754,5.844841003417969,5.209977626800537
2527,22AB2A9C4D62424C977E676960E2A08E,5.317792892456055,4.82433032989502,5.127100944519043,4.854955673217773
2528,,1.123117208480835,1.123117208480835,1.123117208480835,1.1993095874786377
2529,6ADDB587691442DABBCF72C13B1A5AF2,5.801669597625732,5.808475017547607,5.82786226272583,5.518826484680176
2530,828E2A52D0464DA7A578F8E46E3DACCB,5.465158939361572,4.980023384094238,4.205982208251953,4.987748622894287
2531,18B0CB68ACAA4701AC3C9320DA644712,5.709197521209717,5.890181064605713,5.780359745025635,5.645307540893555
2532,C5F739838F84491FBB3DF6EB57A21B8C,5.701531410217285,5.5692973136901855,2.201261281967163,5.19027042388916
2533,CE9587BB11034485A452A9FCF656A08D,5.817716121673584,5.772207736968994,5.841283798217773,5.125909805297852
2534,635F276053E3445AB8DF36CDB529E2F6,5.549811363220215,5.611520290374756,1.682337760925293,5.149866104125977
2535,,5.545548915863037,5.614807605743408,5.886670112609863,5.1351165771484375
2536,33E7DB64BC584412AB6DDF27AEB0D41E,5.599262237548828,4.089364528656006,5.046478271484375,4.167847633361816
2537,67550B0A8CC84323BF8A30B2D0D33B6B,5.904299259185791,5.876857757568359,5.845942974090576,5.517082214355469
2538,B42980F82ABC4E609E8D69777B61F1BA,5.630029678344727,3.853455066680908,3.4798853397369385,4.9896087646484375
2539,9E7674721CFE43FB93C752065AC75389,5.676690578460693,5.540417671203613,5.852275371551514,4.631410598754883
2540,53AEB0EBFB3B4C24A634F1B7C7285E25,5.822278499603272,5.758110523223877,5.754222869873047,5.421979904174805
2541,B01B3D8B3DEE401F90FF1C5A966EBF88,5.455362796783447,2.374346971511841,5.138021945953369,4.808738231658936
2542,B8BB6FC43C0C41839C801FF4BEB7DB02,5.794313430786133,5.738883018493652,5.808172702789307,5.239228248596191
2543,98A98368B1044ACAAD74A1B950F1A70D,5.736433506011963,4.464895248413086,1.1702861785888672,5.180971622467041
2544,FE962D03691C4BD0B6CF7847FB896AB7,5.403964519500732,4.699046611785889,5.932421684265137,5.274146556854248
2545,EE535AD5529641CD9680D959A2A06DFF,5.699605464935303,5.546751499176025,4.4462714195251465,5.411171436309815
2546,87950366290846B892B9AF4559FCD9E2,5.478623867034912,5.696827411651611,5.545388221740723,5.293702125549316
2547,B0D7A8F91A6A4BF1A96BE72FB8E7FD6B,5.528869152069092,5.724086284637451,1.5991755723953247,5.075028419494629
2548,A4598FB416B84B3D8F700C65E26A36AB,5.614030361175537,5.403950214385986,5.826294898986816,4.864656925201416
2549,82B6FC8426614076B7499C59D9A5C59D,5.632963180541992,5.850468635559082,5.64963436126709,5.637899398803711
2550,0CF01309AD5942F5A8D4E0319EBA3E44,5.693801403045654,4.821445941925049,5.491709232330322,5.148659706115723
2551,,5.428202152252197,5.869882583618164,5.434780597686768,4.947846412658691
2552,3308F050A81C4AB887BE6090B17C31F4,5.68966007232666,5.823456287384033,5.783324241638184,5.187546730041504
2553,8224EFD1CEC1438FBE59C0CDF9BB6981,5.57369327545166,2.871414422988892,3.637578248977661,4.693199157714844
2554,C57A2DB009C54BE4B7A643E5C7178572,5.7893147468566895,5.95967435836792,5.963950157165527,5.42842435836792
2555,DDF33EBAC95D4E4EB52DD1208C48BBF0,5.753967761993408,5.47907018661499,5.882427215576172,5.142630100250244
2556,1BF219FD16654D2984BCAD607B5A595C,5.633327960968018,2.968651294708252,1.150884985923767,4.879204273223877
2557,,5.724582195281982,5.937541484832764,5.816682815551758,5.290515899658203
2558,A18B470CC5C54875B523705FEEB60E6B,5.819863796234131,5.900519847869873,6.062206268310547,5.611934185028076
2559,,5.319772243499756,5.057973861694336,5.757380962371826,4.793708324432373
2560,4C1EF4DABA5F458FA960B85F12A52A33,5.660372734069824,5.424903869628906,5.689957618713379,4.968390464782715
2561,B1A06E09C98D4863AA9688D4DE70EF55,5.476540565490723,5.608649730682373,4.737369060516357,4.701186656951904
2562,067DD6498E3641409AF8F040B518EEE5,5.788539409637451,5.819972991943359,5.774463176727295,4.877100467681885
2563,5645F0F9A19B4B3183CEA4707EE8925C,5.765808582305908,5.774177551269531,5.378724575042725,5.529553890228272
2564,992A1A2E0A01408CAE52BD46A54CE44B,5.484156131744385,,,5.529896259307861
2566,,1.0050595998764038,,,1.0050595998764038
2567,95A19873C46B4736B31F37314E3D7773,5.737061977386475,,,5.737061977386475
2568,1E5D97A9F9824C839F1CE14BCD1A2E2B,5.88122034072876,,,5.88122034072876
2570,82BA3A2C573D4AE9A92DC8BF231C4322,5.358938217163086,5.525697708129883,1.8936280012130735,4.99480676651001
2571,78E1648616D146B6A8097CD444A6B41B,5.466164588928223,1.9908117055892944,4.924001693725586,4.965692043304443
2572,F3F275A906894C5A8E6F2F8FE6E21C77,5.393091678619385,5.627496242523193,3.3697986602783203,4.901888847351074
2573,,5.538215637207031,3.3914542198181152,1.1021325588226318,4.732680797576904
2574,8AA3A2F9DF504339A83EA2DE6E11CA91,5.445945739746094,5.368533134460449,4.287473201751709,4.470942974090576
2575,090C2C2C579C410ABB7E60595B30EA2B,5.615615367889404,5.589945316314697,5.579401969909668,5.494328022003174
2576,,5.324707508087158,3.201976776123047,2.4331603050231934,4.982158184051514
2577,,5.8355817794799805,4.550230026245117,5.324447154998779,5.742890357971191
2578,24C5D400CCFD4E969375AE304094A55C,5.5827226638793945,5.551921367645264,5.485669136047363,5.235928535461426
2579,B90B293930CE4EB4B0BEBA8CB19730D9,5.742965221405029,5.48298454284668,5.815494537353516,5.554558277130127
2580,0CDB37B39DAA456CAC5E5317B2C8367F,5.53315019607544,5.8663649559021,5.7754106521606445,5.675877094268799
2581,39454208C7A14D16A534174A29F3C135,5.661405563354492,5.802512168884277,4.036091327667236,4.976611137390137
2582,,1.123117208480835,1.123117208480835,1.123117208480835,1.1993095874786377
2583,AD5993CF4D3C4DCC8A62F2D5EE70755D,5.5825300216674805,5.737142562866211,5.024343967437744,4.827568531036377
2584,E6D8CA859A494D2ABA9CB4B77D2EA518,4.10358190536499,5.6806721687316895,5.643930435180664,4.364168643951416
2585,077EBB20179F4DDF9DA032AF2B7EE4F4,5.4282660484313965,5.816678047180176,5.739603519439697,5.159331321716309
2586,31320CD6D1C54F5FAA92935EBFB26801,5.784480094909668,2.07912540435791,2.750392198562622,5.511464595794678
2587,F9CF9A3E0C724342A877886466160760,5.741043567657471,5.561805725097656,5.756781101226807,4.9312825202941895
2588,,5.244633674621582,3.88206148147583,4.879244804382324,4.075830936431885
2589,27846D4655C8469894AFEE887B1DB11F,5.618259906768799,5.313301086425781,4.572568893432617,4.737267971038818
2590,B79D445EB93F49078DD9D1AD49582BD2,5.7661895751953125,5.609291076660156,5.717905521392822,4.864888668060303
2591,168E08BE269E4A4B950DD0E7CE7395C9,5.582866191864014,5.44972038269043,5.841931819915772,5.387996673583984
2592,80B46D6DFD4040AC85642BA950218BC1,5.583089828491211,5.85923957824707,5.632829189300537,5.043052673339844
2593,,1.123117208480835,1.123117208480835,1.123117208480835,1.1993095874786377
2594,CFF240242D414ABAB2943C3D4FA98939,5.609543323516846,5.38498067855835,5.393240928649902,4.860081195831299
2595,C284A9A51A2D4DF78B3FFFA62795D7F6,5.103546142578125,5.109645366668701,4.248536586761475,4.391380310058594
2596,22E492A741D541719F3F4A32D1FDD283,5.616097450256348,5.801550388336182,2.8388028144836426,5.352921009063721
2597,160F3210920D4FA183BBBDB1324B866C,5.39081335067749,5.767529487609863,5.736138820648193,5.213315010070801
2598,,5.1099042892456055,5.709272384643555,5.34848690032959,5.34771728515625
2599,075547609C19467DA5E1EFE1807931CF,5.79863977432251,5.88094425201416,4.278639316558838,5.67056131362915
2600,1ABFFC0D417E470797239BD1BDCDB11B,5.763518333435059,5.705504417419434,5.639647006988525,5.123867034912109
2601,502060A98610498DBC32348A33A1EE33,5.749783992767334,5.428015232086182,2.20712947845459,5.174917221069336
2602,7212A11FA0C24EB0B7E4CAEEF6A4363B,5.860803604125977,5.8547043800354,5.952608108520508,5.454078197479248
2603,455F20AF46F94DE9B6146EC8C2219AEF,5.454949855804443,5.240633010864258,5.680499076843262,4.994075298309326
2604,,5.489104747772217,5.847236156463623,3.5878281593322754,5.188835620880127
2605,3CEB50BF94384D338758A8EB94E688EE,5.630457401275635,5.417480945587158,5.617330551147461,5.393933773040772
2606,,5.647693157196045,5.266209602355957,5.070478916168213,4.32248067855835
2607,,1.123117208480835,1.123117208480835,1.123117208480835,1.1993095874786377
2608,FA361C6B5B294CD8B3F4D2C3207E99A2,5.680280685424805,5.512885093688965,5.719921112060547,5.265306949615479
2609,396EC494592E487C9CE8F92297DDBB8D,5.546993255615234,5.881801128387451,5.613987445831299,5.155092716217041
2610,67B45DC549E84E40A8DA9B55BB090663,5.664829254150391,5.578742980957031,5.107212066650391,5.337305068969727
2611,C6BEF133CFB74BFD9C7F25FB48C667F7,5.575750350952148,5.407482624053955,5.66852617263794,5.254676818847656
2612,37DBD2018F1845EE979C304DA07DA823,5.6793389320373535,5.780649185180664,5.535653591156006,5.325181484222412
2613,B4CF0FA0AAC341E99A4359668D2CE23E,5.609546184539795,5.730329513549805,5.510721206665039,5.186961650848389
2614,3880C72DF6714D9F8722A987549DAB2B,5.824628829956055,5.901026248931885,5.49104118347168,5.232698440551758
2615,3B38A5254DE54246AF0CED838E6E24A3,5.664601802825928,5.284877300262451,5.589339733123779,4.954632759094238
2616,5541C9843ED54076B4CF581033B51652,5.722815990447998,5.022945404052734,5.882495403289795,5.160873889923096
2617,3FD79C99AC364B2EBB19D7558375D942,5.883298873901367,5.846717834472656,5.398645401000977,5.138673305511475
2618,6E2A1B9B9C9246C5958862B5F53E19FC,1.0050595998764038,,,1.0050595998764038
2619,,5.81364631652832,5.785531520843506,5.882337093353272,5.158260822296143
2620,0733DF0CEE944F27A88F19CEB570AF4A,5.78194522857666,5.835189342498779,5.916046142578125,5.25439453125
2621,2583756F3E164C5483728003BC76B2C9,5.527040958404541,5.521811008453369,5.321221351623535,5.1329193115234375
2622,78E54D96AFFC4D699F42B291C105AA16,5.75218391418457,4.998714923858643,1.9275950193405151,5.292450428009033
2623,2339BC361C9940F5B3570FA3BF206E87,5.863036632537842,5.840677738189697,5.7567877769470215,5.232885360717773
2624,8E8EF0EC9F264A9FBE87F6A2D7EF0ACD,5.660463333129883,5.671262741088867,5.875215530395508,5.163719177246094
2625,,5.758694648742676,5.546000957489014,1.7606191635131836,5.003427982330322
2626,95F4CA32339242059670CE56F6865B44,5.779675006866455,5.850963592529297,5.791360855102539,5.443626403808594
2627,0314E9F1674F490BAD79B4319F136C83,5.664699554443359,5.663047790527344,5.563271999359131,5.02318000793457
2628,,5.894949913024902,5.1396484375,5.257069110870361,5.129820823669434
2629,44DA3FC1A51546699160A8544EF35A8E,5.561125755310059,5.322803020477295,5.873194217681885,5.391519546508789
2630,,1.123117208480835,1.123117208480835,1.123117208480835,1.1993095874786377
2631,,1.123117208480835,1.123117208480835,1.123117208480835,1.1993095874786377
2632,4B3F294D297E460683BA9E2D2E1F7E36,5.200570583343506,3.3278253078460693,1.5983705520629885,4.129557132720947
2633,E71BD9864D2F4A05B28E17E29EDCD0D3,5.735692977905273,5.54235315322876,5.5908637046813965,5.186202049255371
2634,,5.678823471069336,4.651406764984131,5.381098747253418,4.850003719329834
2635,,5.699965476989746,5.799690246582031,5.475048065185547,5.444710731506348
2636,AD3ABD00B3C645A6948AA069F9E50CFE,5.7101006507873535,4.235780715942383,5.763883590698242,5.394853591918945
2637,C697C1558F8149498D65C17025EB6CBB,5.7923994064331055,5.440045833587647,1.1814411878585815,5.26462459564209
2638,15320287CE574BA982689DD555E81480,5.794703006744385,5.632840633392334,4.684613227844238,5.204247951507568
2639,67F79D2CE9BA4DF9B9A4A09E064F8980,5.513225078582764,5.905716896057129,3.5551469326019287,5.686628341674805
2640,7C265F1A2EA549C5998E71602D5561E3,5.696861743927002,4.469296932220459,4.888294219970703,5.042054176330566
2641,1C2D2BC675A54F30A496DDEEFDA7BC31,5.858691215515137,5.669425964355469,5.5002031326293945,5.595963001251221
2642,7B18305834694FFAA1CA319D23E87B25,5.741511821746826,3.679616928100586,4.395520687103272,5.342591762542725
2643,9FCF8BEB93194C739F23E3C2B023EB13,1.0050595998764038,,,1.0050595998764038
2644,467535A5E255478A97460136960AE30C,5.301736354827881,4.56380558013916,4.802308559417725,4.483712673187256
2645,0C957C6024B8411186541E553778689E,5.801528930664063,5.8069167137146,5.217617988586426,4.641603946685791
2646,BD27902CF5B841EBB8B948B6A7CC9B8B,5.516026496887207,5.472215175628662,2.523529052734375,5.131741523742676
2647,,5.641060829162598,5.660736560821533,5.709492206573486,5.074905872344971
2648,ECC263BA41CD4B639BDC0BA632EC8B31,5.616628646850586,5.563398838043213,5.77720308303833,5.414770603179932
2649,8CEF6F2D5942438ABF5D94BF0E4D4E56,5.583688735961914,5.620332717895508,4.767350673675537,5.0523457527160645
2650,8FDB4436C83A472D9C703368E81AC551,5.419261932373047,5.0919294357299805,5.055278301239014,4.858126163482666
2651,1938D7A0E8B74512AC6DD8AEB952A725,5.883572578430176,5.72411060333252,5.307568073272705,5.410128116607666
2652,EA1DDBB0D9E5471381D5FD3553DC8E12,5.85980749130249,5.837298393249512,5.880988597869873,5.426522731781006
2653,72FA9C6241E348578734E2AA95DE8595,5.582594871520996,4.357478618621826,1.8114973306655884,4.925045013427734
2654,4364D011A8F84919A5C6B347E62EB848,5.628462314605713,5.745419979095459,5.435025691986084,5.227883338928223
2655,3D57AC1420314470954BBF22A67A54A4,5.568662643432617,5.908470153808594,5.54010534286499,5.493553161621094
2656,FF5A3F481B1B48168B13CF577E3F353E,5.6000752449035645,2.618272542953491,1.342029333114624,4.180243015289307
2657,1BC0A2F4795F44D7961BFC619B0A78C2,5.439958572387695,5.549326419830322,5.646456241607666,4.95856523513794
2658,0C988943E24544AAB0F7289E953CC257,5.359237194061279,5.147493362426758,5.185383796691895,4.855500221252441
2659,BC8AA91A1A0D4CFE82ECC7F609FEE325,5.269409656524658,5.642887115478516,5.689674377441406,5.187209606170654
2660,01BDCB71123048979A77AB656EEBD585,5.649648666381836,5.717529296875,5.494556427001953,5.206874847412109
2661,,5.601287364959717,3.134739875793457,5.229696750640869,5.20033073425293
2662,,5.651622295379639,5.019233226776123,5.609167098999023,4.81533145904541
2663,,5.496712684631348,5.730289459228516,4.708954334259033,5.509994983673096
2664,429276F57209418C8A457834684638CB,5.633833885192871,5.618741035461426,5.338791847229004,5.373412132263184
2665,,5.512871265411377,5.276641368865967,3.919591665267944,4.915247917175293
2666,47D14085382242C2BAF40C561743460C,5.36118745803833,4.915846347808838,1.514186978340149,4.788412570953369
2667,C3F6E345BD0A463985CCEBA1D3C73835,5.661168575286865,5.701865196228027,4.510556221008301,5.362363815307617
2668,29099C005ED247DEA9BD01DD247C8428,5.709011554718018,3.225015163421631,2.773820400238037,4.953455448150635
2669,24D8A43E913A4B9D921B5F9234706131,5.269598484039307,5.1573991775512695,5.79482889175415,5.060035705566406
2670,EFA1E05ACC9F47088C011202FE946B5F,5.885898590087891,5.679535865783691,5.843038082122803,5.35312557220459
2671,1A0314D120FB4A51A37CB97DD9F8C766,5.783851146697998,5.898861885070801,4.140026569366455,5.587757110595703
2672,,5.610018253326416,3.0552031993865967,1.886574149131775,5.02245044708252
2673,2ABC6ED4106141FCBBF98AF2778DA134,5.771683216094971,5.310306549072266,4.156408309936523,4.856820583343506
2674,6977D45C374747D3AE4F6A8EFC5CA4A2,5.829136371612549,5.825769424438477,5.880421161651611,5.279831886291504
2675,3ACA5629045140EA8F0C8375D72B18DF,5.616898059844971,5.682211875915527,5.829746723175049,5.058017730712891
2676,DBB84AEC03ED4E18A11B228D33442C40,5.428353786468506,5.498408794403076,1.7629553079605105,5.161458969116211
2677,1A0154347E7D4EE288D559419A5F17FA,5.736149311065674,4.420283794403076,1.2697913646697998,4.410814762115479
2678,0733FF06AD3546A6BCC7A9CA4D996427,5.844156742095947,5.701601028442383,5.880199432373047,5.529334545135498
2679,DD0D27503B88469AAB822A53357FF732,5.771268844604492,5.942946910858154,5.7315354347229,5.062251567840576
2680,9C10DB6E2C624CDCAD168E0D69613ED8,5.701125144958496,3.215551853179932,1.5845540761947632,5.380444526672363
2681,512FED05A72842BF9658B966FBD7F076,5.840813636779785,5.782111644744873,4.214544773101807,5.5456976890563965
2682,9F386406929B4EF8B7C2BCDB0F2349B1,5.616848945617676,5.824589729309082,5.841556549072266,5.309248447418213
2683,79B12F5EF43345FCA2410457E5ABCE52,5.244745254516602,5.339988708496094,4.334502696990967,4.092604637145996
2684,3DD59A5E3F3D4AD4A0CBC6702625D9E0,5.690825939178467,5.75023365020752,2.899587869644165,5.044373512268066
2685,9315995873EA4610B492459EA7C829A0,5.678147792816162,5.523810863494873,5.801854133605957,4.99430513381958
2686,50702036006D4A2EB5A1D51F641BEF19,5.642230987548828,5.565601825714111,5.118778705596924,5.32923698425293
2687,9D17585F39C74D1F8634E8604728D5A1,5.844264030456543,5.848089694976807,5.724222660064697,5.556746006011963
2688,1105F280E99348E591456C83703A3BBF,5.835456848144531,3.514549970626831,2.019374370574951,5.503655433654785
2689,CF8AA02F56A8464586728850B5EEB786,5.651523113250732,4.934288501739502,5.262149333953857,5.221261501312256
2690,164679906AE8406A830DB3F47BEAB4D8,5.791598320007324,5.6321563720703125,5.805419921875,5.316310882568359
2691,7035EB625E24442B908157408E655E3B,5.710962772369385,3.629019260406494,1.8183740377426147,4.792318820953369
2692,,5.044914245605469,5.529144763946533,5.524209976196289,4.89334774017334
2693,,1.123117208480835,1.123117208480835,1.123117208480835,1.1993095874786377
2694,68120B46CB69461497F320EBEBAAFBBA,5.633674144744873,5.3539628982543945,5.502357482910156,4.848416805267334
2695,8344B8C5451E4B6A8D0EB1E07DAB6163,5.65179967880249,5.613160133361816,5.515497207641602,5.396474838256836
2696,1E107EDEE61042F29462D27824A6B420,5.578805923461914,3.5231173038482666,3.2515714168548584,4.90106201171875
2697,FEC3263CF3E141E39B7DF08F9AA8020F,5.543654918670654,2.802075147628784,5.385624885559082,4.372472286224365
2698,17E164CD84AC4F23B1D843EBD341FFDA,5.765372276306152,5.915894508361816,5.200287342071533,5.486576080322266
2699,5FE7F4F5F60A49A58BFF4FC6CF8A47EC,5.700160980224609,5.597734451293945,1.4502640962600708,5.409819602966309
2700,6A0A586FB05F420A841FBC8DEA128215,5.681378364562988,5.772168159484863,5.254255771636963,5.478371620178223
2701,BD328A277060445EBEFF2477096A0B82,5.829757690429688,5.5973734855651855,4.238943099975586,5.210348606109619
2702,D99590F1FB0E4A0BB009E1CB207C2E9C,5.792945384979248,5.065316677093506,3.0566554069519043,5.408795833587647
2703,CAD2D567F9CD4F55B1D8080285E24044,5.491186618804932,5.825934886932373,4.831964015960693,5.242961406707764
2704,,5.493683815002441,5.428615570068359,5.466796398162842,5.306265830993652
2705,CDEE966897F34CCAAA29005F206F50F0,5.584171295166016,5.822150230407715,5.862186431884766,4.945348739624023
2706,E0DF4B6813434F90A1BBCC44CE94AA93,5.668828010559082,5.816357135772705,5.9920654296875,5.236540794372559
2707,,5.393143653869629,4.31598424911499,1.408669114112854,5.117080211639404
2708,F68A17F24BF54D0F8311E22C17361B66,5.765834331512451,2.4385666847229004,1.2438700199127195,5.396090030670166
2709,6C7821FF1EB14921AF10C25B00D8ACD5,5.7176194190979,5.800100326538086,5.630565643310547,5.219521999359131
2710,590080F1D7C744C498F968F0B6DCD02A,5.576385974884033,3.327998638153076,1.5280344486236572,5.010069847106934
2711,A699A5BD5CAF498BB628DCFC0E454DED,5.844178676605225,5.463560104370117,5.630606651306152,4.907211780548096
2712,,5.882584095001221,5.75822639465332,5.103680610656738,5.336552619934082
2713,6E865AC43A234CE6BDF0B6F9FD471BF3,5.032463073730469,5.763988018035889,3.922093152999878,5.107482433319092
2714,,5.510697364807129,5.430638313293457,5.147800922393799,5.318346977233887
2715,8CB4783FC18B4A3FB135F624FF83B33A,5.346408843994141,5.528458118438721,5.234492778778076,3.9480538368225098
2716,6BE3DA06F4D942F5A730CBD421A304C1,5.773155212402344,5.946597576141357,5.863492488861084,5.24690580368042
2717,E2047E298CF54A09AC5096D16E35328E,5.6973395347595215,3.213916063308716,3.834880828857422,4.673640251159668
2718,A2243BDA2F7746DAA622C12DC04CF070,5.547734260559082,5.735967636108398,5.76287317276001,5.051029205322266
2719,85DDE07013CC43B083117014A898A92C,5.596371173858643,2.8143484592437744,2.1815648078918457,4.7684197425842285
2720,E41CA38F3EC144C2B14D433EA59D04FE,5.744000911712647,5.783087730407715,4.284729957580566,5.65348482131958
2721,122CCF43D69544DB9A8EC86DA60AABC6,5.346478462219238,5.630222797393799,5.672616481781006,4.949425220489502
2722,CC04EB65088C4878AF7DD467E6F5FA14,5.717903137207031,5.307940483093262,1.5688637495040894,5.378190994262695
2723,,1.123117208480835,1.123117208480835,1.123117208480835,1.1993095874786377
2724,DC8A38B72B8945C49E2A5B163C978BC9,5.507051467895508,4.094249248504639,4.530842304229736,4.681667327880859
2725,F9E998D1F7FD4763BA48455B0A2AF97F,5.620359420776367,5.662380695343018,5.320286750793457,4.864741802215576
2726,C160C7C6D7154072A4706A222B84796E,5.630284786224365,5.081091403961182,5.378659725189209,4.621119022369385
2727,FB904CAB52294B89902731940D768C20,5.696434497833252,5.866633892059326,5.610076904296875,5.465100288391113
2728,124E724F13954961B0E310F48BC7BE5F,5.494108200073242,5.758570671081543,5.566442966461182,5.102817058563232
2729,96660CDCD4F0448DB7D77EA116E2A2A8,5.615560054779053,5.438718318939209,5.868978500366211,5.422044277191162
2730,C8DDD9EB33864E949D658851F59BEE9C,5.274661540985107,3.8183207511901855,3.4277777671813965,4.325906753540039
2731,AD32990099DD4A2D952760FD939242A6,5.527428150177002,5.249571800231934,4.873570919036865,5.134792804718018
2732,32B72EC2E7344792A27E839D9A4EEDFE,5.646904945373535,3.848919153213501,1.1144967079162598,5.382081031799316
2733,D045E23D4D054EAEAE633B563A62B9DA,5.760803699493408,5.719884395599365,5.262415409088135,5.195773124694824
2734,F26D571E5EF143E68D7E1AAF2CB4A8C8,5.562645435333252,4.95864200592041,5.53700590133667,5.10235595703125
2735,9E1F7934ABEE4FB2BEA4E8B4C7624604,5.316915512084961,5.303252220153809,1.8099689483642576,4.793283939361572
2736,,5.760639667510986,5.757076263427734,5.718097686767578,5.419405937194824
2737,9FA3BFE6B96E40248E7499F0580672C7,5.735839366912842,5.493056774139404,5.566889762878418,5.223599433898926
2738,E358E5F6B8E446E79FD5CC64BEA4FA30,5.6764726638793945,5.526076793670654,5.617229461669922,5.253689765930176
2739,FD0F66F303254868A810F2EBAEEBEE9A,5.447152614593506,5.403875350952148,5.176718711853027,4.489251136779785
2740,F22A46BF804C4EBFA61463ADB9BC97AF,5.777807712554932,5.7285685539245605,5.755642890930176,5.445357799530029
2741,FBE43D1FCAE84EDBBD1EBD3D94E73E9F,5.648561477661133,5.660812854766846,2.7718493938446045,5.42046594619751
2742,03DE8461A90E4AE08F72F2258BBA7832,5.759146213531494,5.9195637702941895,5.9247660636901855,5.118495941162109
2743,C75BEA1D10384608A4CF9573F3921C5F,5.67133903503418,5.830662250518799,5.840132236480713,5.138639450073242
2744,,5.6282477378845215,5.677797794342041,2.0822174549102783,4.871126174926758
2745,76A65F3D304A4BCD8EC4ACEAC05BED01,5.678241729736328,4.61082649230957,5.132351398468018,5.102595806121826
2746,4EA3683028C04B39B151A1CFE966BD7C,5.327489852905273,5.126097679138184,2.599731922149658,5.152165412902832
2747,,5.500101089477539,5.583316326141357,1.6835004091262815,5.039581775665283
2748,A6356714C84F46FE8395A3E464B92FEC,5.671219348907471,4.546833038330078,5.140292167663574,5.013370513916016
2749,F2DC044F31E54A00A6D9BA62AE5452C3,5.74354362487793,5.731054782867432,5.842588901519775,5.003571510314941
2750,,1.123117208480835,1.123117208480835,1.123117208480835,1.1993095874786377
2751,A2E119E9A6D245F3B722B2E14697DB8E,5.176693439483643,5.738041877746582,3.4934558868408203,4.760658264160156
2752,4DB697190F6044AEA9A034054552B2E1,5.709639549255371,4.167415618896484,2.495823860168457,4.5008544921875
2753,8DBA5185ADFB41CA85F7D53B55493848,5.769205093383789,5.798251628875732,5.300021171569824,4.912946701049805
2754,4AAAF30F5B9349E4B8D844AD91FE0336,5.494392395019531,5.49627685546875,5.7041521072387695,4.548856735229492
2755,213DA1E1CA854DC193797E6F8B7BADA1,5.829575061798096,5.913381099700928,1.864542245864868,5.499233722686768
2756,CF30C46B949646D1889DFCD1ED8E40D3,5.451390266418457,5.7362380027771,5.746072292327881,5.131219387054443
2757,8DF117383F534E7F9CA0375B70B0371C,5.597121238708496,5.6968865394592285,5.679866790771484,5.290477752685547
2758,36B83176DA574D56976600B92F7A1593,5.691124439239502,5.901515007019043,5.936383724212647,5.410782814025879
2759,5C4CFCDF55C9401EA3009A8BDE811A8C,5.580806732177734,5.2719340324401855,2.6484665870666504,5.434050559997559
2760,782AD18C8F354036A8D29613A93CE3AB,5.757081985473633,5.268958568572998,5.111782073974609,4.767704486846924
2761,7A86A53CB04B4A4D99DDF2670A5A822B,5.822896480560303,5.820531845092773,5.731184959411621,5.332552909851074
2762,,1.123117208480835,1.123117208480835,1.123117208480835,1.1993095874786377
2763,,5.599775314331055,5.764784336090088,5.811849117279053,4.869481563568115
2764,B0F3D828DA0648879DD759D0EBE637EB,5.817064762115479,5.581246852874756,5.681607246398926,5.335892677307129
2765,DF011FC195104845887434C8E2642FB6,5.629497051239014,5.740307331085205,4.816149711608887,5.336091041564941
2766,E91B7FA515394FF9827FD06B318814FC,5.766224384307861,5.7726149559021,5.71019458770752,5.603513240814209
2767,755C7C5CE4484172AE56E660292E151F,5.057240009307861,5.491779804229736,3.508999824523926,4.626331806182861
2768,87BAD4F8C1E04124B7B34948449D58EA,5.781527042388916,5.736481189727783,4.1497883796691895,5.479703426361084
2769,83FFDFF45A60445B930C6A2FF0D3F69A,5.640454292297363,5.800422191619873,5.627776145935059,4.351406574249268
2770,B52463AC7B8C41F996A80DF0856B4E8B,5.16046142578125,5.154128074645996,5.474215984344482,4.961400508880615
2771,8DFA07C880FC4350BCAE8401C5098747,5.711060047149658,5.761553287506104,5.729992866516113,5.257458209991455
2772,8598208A9C454A6393CC0777FB32C48C,5.488993644714356,5.532241821289063,5.900267124176025,4.995879173278809
2773,8B61C758D3E14957BD22BC6B6EB9E98D,5.615483283996582,5.580898284912109,2.6583728790283203,4.775416374206543
2774,,5.779808521270752,4.381112098693848,5.32792329788208,5.13047456741333
2775,12A944F70DA04BADBAC467534256AEE7,5.548839092254639,5.435585975646973,5.10596227645874,5.034321308135986
2776,741D39B905E041D38944FF802CA6CE20,5.532034873962402,5.797504425048828,5.818925380706787,5.142272472381592
2777,,1.123117208480835,1.123117208480835,1.123117208480835,1.1993095874786377
2778,218B7F0C706E4DDABC314AD5124EA5D0,5.496047019958496,5.83900785446167,5.511177062988281,5.019234657287598
2779,11C928CBCF6C4661BD61754FE522A9B4,5.883546352386475,5.791362762451172,5.863134860992432,5.536595344543457
2780,3834958C0CBC4693A057C18E611A023D,5.487255573272705,5.677872180938721,2.805593967437744,5.054099082946777
2781,4462A0930F004CF6A5E56E5E33F97692,5.559585571289063,5.889201641082764,5.762833118438721,5.351851463317871
2782,33EA8481033D40D085A8FA4AF8B0ED69,5.733151435852051,5.7082109451293945,5.7837324142456055,5.677667140960693
2783,7399B6BD32704C6DA0F3C3E4370845BE,5.615715026855469,5.350949764251709,4.7410149574279785,4.590361595153809
2784,B157D5CEE1FE433EA49A56AC1EFCDF9B,5.568061828613281,4.00470495223999,4.885029315948486,5.190874099731445
2785,5B97A2F49B9A4249879238C1E5173672,5.66011905670166,3.4692885875701904,5.914807796478272,4.982650279998779
2786,8F60D57CB25948A7A7E8054E621D7571,5.842885971069336,5.744799137115479,5.547646522521973,5.157230377197266
2787,56CBA0A59C2E46379B381905BA0A2C3B,5.421499252319336,5.080987453460693,4.958399295806885,4.567064762115479
2788,089D82A5517A4F8DBE81B68F9B619986,5.660303115844727,5.636123180389404,5.600065231323242,5.427048206329346
2789,CE52314C66114DAFA23330FAEE8AFA75,5.631078720092773,5.287043571472168,5.780595302581787,4.864461898803711
2790,EAAAEBFA94524E8F9583D354E056D324,5.718306541442871,5.69322681427002,5.194919586181641,5.465181827545166
2791,,5.533497333526611,5.5811920166015625,5.671003341674805,5.198009967803955
2792,F1C7E1BFB52544638E1EB02FE1D34F49,5.765113353729248,5.7702836990356445,5.946567535400391,5.139111042022705
2793,75B7E17B71B840568DF71AE43662AD2D,5.668874740600586,5.841670036315918,5.885335922241211,5.253844738006592
2794,FE5C856C9ADC441B86D20593084A5A48,5.763733863830566,5.790818214416504,5.58311939239502,5.411184310913086
2795,2C1FAB16527D44AE9D8E424932793470,5.844466686248779,5.582955360412598,4.917140960693359,5.07346773147583
2796,BF9CB3BA1FA042CAB85F0961DA4ADE5C,5.628408432006836,5.596190452575684,5.709147930145264,5.093526840209961
2797,4BB5D0EA2A824B0A8F51B7A32D9A1AA5,5.735488414764404,5.630974292755127,5.477165222167969,4.590700149536133
2798,BE6A4B4F69B84371897C11865196DDB6,5.616196632385254,5.903777122497559,5.85986852645874,5.235910892486572
2799,49503DFCE7BA46E0AFA0427A02FFEF2D,5.570208549499512,4.959997177124023,4.7177348136901855,4.445583343505859
2800,,5.544054985046387,4.859438896179199,5.628664970397949,5.055030822753906
2801,7078BB7021844B8F80161C1E64B7DFFB,5.760433197021484,5.277679920196533,1.807592272758484,5.462839603424072
2802,,1.123117208480835,1.123117208480835,1.123117208480835,1.1993095874786377
2803,,5.724408149719238,5.7073283195495605,5.581334590911865,5.36278247833252
2804,4AA6944E8BB14324946B17702F45E683,5.7039794921875,5.588399887084961,5.6009955406188965,5.089515209197998
2805,357C54F95FA3411692D233B19AE52059,5.475877285003662,5.641195774078369,3.864306926727295,5.138500690460205
2806,6666A4FCD3E74567B821EE5C649CDB12,5.76568603515625,5.450244903564453,5.416949272155762,4.683566570281982
2807,4ACCCC9AD4714A4DBE23C0E2A231206B,5.614509105682373,4.978603363037109,5.634445667266846,5.241973400115967
2808,E2BA261EE3984C92856ED3B622A4932B,5.356621742248535,2.1300055980682373,3.888707876205444,4.693103790283203
2809,ABE9DF866F0047DDB4A5DAD0B421EBE6,5.263509750366211,5.906739234924316,5.870380401611328,4.854960441589356
2810,D0D0401BCD224FB58549CB6463AC1C09,5.897971153259277,5.738679885864258,5.8191118240356445,5.633793354034424
2811,6F14030C39164461949CC58F3ECC38BE,5.690510749816895,5.011712074279785,3.1904327869415283,5.630429744720459
2812,8E64D0D211FE4C73817E2854AFC6B4B1,5.47321891784668,5.451765537261963,4.8538689613342285,5.002618789672852
2813,,5.091696262359619,5.860037326812744,5.450181007385254,5.2900004386901855
2814,,5.77606725692749,4.780044555664063,2.019416093826294,5.200438022613525
2815,D96BE663FF364DE4B822B4E51E343663,5.128498554229736,5.768533229827881,4.929426670074463,5.609003067016602
2816,B0DE645961FE41D1AE4B437A371FE709,5.944204807281494,5.793812274932861,5.489165306091309,5.294271469116211
2817,,1.123117208480835,1.123117208480835,1.123117208480835,1.1993095874786377
2818,,5.736494541168213,5.782275199890137,5.770227909088135,5.2046217918396
2819,7A900E127913497B825273240834AAA0,5.882345199584961,5.780482769012451,5.690271854400635,5.536904335021973
2820,444EA235474A47BC916342CE3081FA62,5.5983991622924805,5.391490936279297,5.7081379890441895,5.024613380432129
2821,C1CF0EDA238346C28DB4E3A361547E2B,5.844698429107666,6.073369026184082,5.59266471862793,5.519855976104736
2822,441575BA018C4CE89F2398FC4C37893E,5.119167804718018,5.751104354858398,1.858358144760132,5.337382793426514
2823,FDD3729232DF41CF864D8A8C920AE641,5.424414157867432,5.647861003875732,5.731439590454102,5.235517978668213
2824,708EB2F14A9F4DB7BDD32840F596A760,5.76553201675415,5.865154266357422,3.866982698440552,5.013228893280029
2825,C9461329CF474223A3D2CCE1DBA83A3A,4.94797420501709,5.274935722351074,3.789572238922119,4.591641902923584
2826,D5585E0FA0BB444D88475766BFC02B00,5.568291664123535,4.306411266326904,5.662749767303467,4.78754997253418
2827,,5.531958103179932,5.697321891784668,5.785969734191895,4.683163166046143
2828,73749B678BEB495C81718F0A68FBDA53,5.593879222869873,5.8287129402160645,5.619645118713379,5.133523464202881
2829,D8DE81D0C4564C36B5A4DBBD0C09B799,5.660322666168213,5.627697467803955,3.850441455841065,5.291423320770264
2830,F3C48AC3BBE84A04A77D8E564C87FB7C,5.5144219398498535,5.272700786590576,5.560573577880859,4.767423629760742
2831,0A6D46A7A59A4E3399BBB88B118F7BD5,5.697201251983643,5.165774822235107,2.957155466079712,4.842300891876221
2832,B0816C11EF7D49E887F8D5A820C01CAA,5.581923961639404,5.48752498626709,1.554990530014038,5.422908306121826
2833,396AC09EA4BA401EB79BE417061B79C2,5.311520099639893,5.548386096954346,5.4200968742370605,5.1881842613220215
2834,DF5E6DF781444634BFCFB953677B38F2,5.681247234344482,5.287120819091797,4.4458909034729,4.390093803405762
2835,F77F837A62F9462AA8712CF9C99F54B3,5.115449905395508,4.741031646728516,4.900823593139648,4.643061637878418
2836,84ABA52DD5554EADB49B0DF41C5EB4B6,5.691591262817383,5.7336297035217285,2.262811183929444,5.134433746337891
2837,C814A4CB422E4A38AA99D0C517F16667,5.724273204803467,5.652228355407715,2.6600146293640137,5.003468036651611
2838,,5.31361198425293,5.385754108428955,5.358575344085693,5.253554821014404
2839,,1.123117208480835,1.123117208480835,1.123117208480835,1.1993095874786377
2840,428E88458CA14B5A8C97DC8D8E7A30DE,5.724937438964844,5.032397747039795,5.634912014007568,4.9379096031188965
2841,0AC825E584F64AD2A7E3C8D1C3D9DE0B,5.04072904586792,5.811895370483398,5.68993091583252,5.190933227539063
2842,,5.844640731811523,5.639132022857666,5.562626361846924,4.788003444671631
2843,902F86C6312840469A66DC4BA9824724,5.719268798828125,5.5114827156066895,5.6109113693237305,5.214511871337891
2844,5CC2AFA206C148919C5CAFA49031A44B,5.736532211303711,5.731441020965576,5.854916572570801,5.273955345153809
2845,,5.534698963165283,5.486510276794434,2.616635322570801,5.447623252868652
2846,,1.123117208480835,1.123117208480835,1.123117208480835,1.1993095874786377
2847,,1.123117208480835,1.123117208480835,1.123117208480835,1.1993095874786377
2848,171B2E65F1C743E0ABE96BE1FAEB6D56,5.822200775146484,5.765833377838135,5.556981086730957,5.762206077575684
2849,EA844ABA8AD74DDBAD3415187F1D913F,5.709952831268311,5.797593593597412,5.904548645019531,5.421822547912598
2850,EF267AB9DC6A4FD0A96BEBCCE110ACBC,5.8185553550720215,5.862377166748047,3.662329196929932,5.598034858703613
2851,4036C28BC46F499B9AFEC585026DD0C5,5.461461067199707,5.862918376922607,5.667632102966309,5.373777866363525
2852,D6A922F340684EE9995A25F57F90193B,5.740724563598633,5.577822685241699,5.76119327545166,5.188565731048584
2853,DCC0E30B534E4431BA67CDD0CE647903,5.317707538604736,5.674245834350586,3.103074073791504,4.684524059295654
2854,508E8BDD7E264215B7EA211093E30F92,5.609614372253418,5.556346893310547,5.818137645721436,5.158353805541992
2855,E8A58F217B034D6CB65EBF89F6C8E323,5.659915924072266,5.724822998046875,5.620064735412598,5.023797035217285
2856,CE8677ED97EF4B179C8158FB58FDD6AC,5.359191417694092,5.456862926483154,4.422045707702637,4.794844150543213
2857,08590A5B2D464E66ADCA09AE090599F5,5.883578300476074,5.677440166473389,5.807233810424805,5.079091548919678
2858,4890ACD4825C4A71AE140441B6D2D64D,5.600971221923828,5.819188594818115,2.166711568832397,5.421657562255859
2859,6FD41A8A1620416695916AF250ADA33E,5.74444580078125,5.730975151062012,5.842289924621582,4.968187808990479
2860,,1.123117208480835,1.123117208480835,1.123117208480835,1.1993095874786377
2861,E9C554921A30473FABBA12ACC64EA139,5.565011024475098,5.6600847244262695,5.200561046600342,5.315140247344971
2862,,1.123117208480835,1.123117208480835,1.123117208480835,1.1993095874786377
2863,,5.833255290985107,5.734189510345459,5.948477268218994,5.373509883880615
2864,8175B21300A54FF3978ECD6D50130295,5.814830780029297,5.887199401855469,5.867668628692627,5.54069185256958
2865,E6B28EBB913043C18933494E08FA055A,5.839554309844971,2.791893720626831,1.804256558418274,5.597114562988281
2866,85B5D11D37FE42EAB19201577086AE81,5.497787952423096,5.59516716003418,5.719147682189941,5.186600685119629
2867,,5.360805988311768,5.009344577789307,4.238160133361816,4.363722324371338
2868,AB945BC5BA1848C2BB70C34F087459D0,5.791388988494873,5.581454277038574,5.459915637969971,5.513494968414307
2869,AF33B9F92D0E4FE591B505C818303CE1,5.744460582733154,3.6844000816345215,5.247711181640625,4.7510986328125
2870,9E119F6D0C0F499F971DA34AC8872E36,5.67625093460083,5.987673759460449,5.701695919036865,5.78229570388794
2871,C660CAE15237476383C4E47D6B573CB8,5.810434818267822,5.717857837677002,5.793659687042236,5.021435737609863
2872,32AFF7C626094B2D933C7FB90999BFF1,5.511053562164307,2.5646002292633057,5.893463611602783,4.828011989593506
2873,606ECA7ADFD54A03AE5ADAF318F02188,5.111082553863525,5.495284080505371,4.60628604888916,4.742969989776611
2874,,5.690060138702393,5.876836776733398,5.916282653808594,5.567851543426514
2875,2A407D201F0C4742B4C84C3CDF38312E,5.43379020690918,5.891897678375244,5.8963141441345215,5.062376976013184
2876,DCB515C0A8DE4FC48B2DB2919D7C2484,5.5726165771484375,5.647183418273926,5.8199968338012695,5.309981822967529
2877,AAD8E8180B9547378454557236AC1735,5.689768314361572,4.473428249359131,4.990145206451416,4.976401329040527
2878,2286DE3990434D7E8EFF030519CEBCD6,5.831671714782715,5.849224090576172,5.235434055328369,5.34600305557251
2879,5D5917F78B504228B24E7BA1D4AE2633,5.773388862609863,3.5833077430725098,1.940709352493286,5.156565189361572
2880,47FDBD463AEA4B3697C720C600B69789,5.617093563079834,5.727479934692383,5.547712326049805,5.348517417907715
2881,10F9EB571E8F4893B63292EDAB04F3A0,5.861416816711426,5.8843183517456055,2.082453966140747,5.311338424682617
2882,EA56ABEFDB944A599095C4775BCD6A06,5.158808708190918,4.625222682952881,4.36932897567749,4.492403030395508
2883,,5.724155902862549,5.781643867492676,5.8148369789123535,4.979736328125
2884,338F15A79C6B43BFB61340999A2F9AEB,5.886559009552002,5.1284260749816895,4.567279815673828,5.399275302886963
2885,A4CD57CECE224E6F8DC4667CFBE2AB48,5.308481693267822,5.426451683044434,5.7494096755981445,4.695714950561523
2886,E7C92332CD4B4053974815BCE8C815CF,5.129301071166992,5.3204755783081055,3.884624481201172,5.115755558013916
2887,BB66F8CF81084681AA009BF46F622491,5.681135654449463,5.810334205627441,4.925603866577148,5.297703742980957
2888,,5.803931713104248,5.842053890228272,1.4985270500183103,5.53328800201416
2889,44186CFF828743288C16817BA3A492F7,5.397076606750488,5.949535369873047,4.615047931671143,5.535879611968994
2890,,1.123117208480835,1.123117208480835,1.123117208480835,1.1993095874786377
2891,443E9FD8B49141CDB6DB8638483C78C3,4.323905944824219,3.7261881828308105,5.646791934967041,5.013162612915039
2892,75EC7F595C7C49CAA74840B4B441AFEC,5.73647403717041,4.091121196746826,5.45007848739624,5.242363452911377
2893,,1.123117208480835,1.123117208480835,1.123117208480835,1.1993095874786377
2894,DAA33C1E233247BCBF8F2DB21C11ECC6,5.689798831939697,5.668920516967773,5.822927951812744,4.662607669830322
2895,C29B3A32B5514CC3A905F7229B6844AA,5.876375675201416,5.756585121154785,5.357127666473389,5.376387119293213
2896,BD76FAAD76234B99943F0CF92EBEA383,5.350891590118408,5.478569030761719,4.799712181091309,4.954394340515137
2897,402B09FF1DD5417CB39FB5BECE8F89D7,5.724165916442871,4.969918727874756,5.437298774719238,4.566509246826172
2898,C2018F956F2B49F19575F350C793A870,5.554919242858887,5.677823066711426,5.66361141204834,4.949545860290527
2899,34E7AA07F1D4417FB1C52A8419E77995,5.462960243225098,5.396279335021973,5.768903732299805,4.940877437591553
2900,E90EDFFD34A24F91BDFC4FCFD026CB9C,5.7371110916137695,5.968733787536621,5.756370067596436,5.385177612304688
2901,,5.751291751861572,3.8999197483062735,3.962252616882324,4.892792224884033
2902,704649DC3E254F468E9C24763DC05289,5.521099090576172,5.529804229736328,5.734888553619385,5.108327865600586
2903,784607F2578A4DC298BF4146345D8433,5.795780658721924,5.810035705566406,5.672431468963623,5.445077419281006
2904,,5.398658275604248,5.69996452331543,5.807626247406006,4.931322574615479
2905,0563AEDA22FE44379014F594A1FB97C4,5.328585147857666,5.04674243927002,5.944636821746826,4.525064945220947
2906,793BBA17C5924CF9BE7BFE71DC640818,5.3168792724609375,4.935319423675537,5.488962650299072,4.753448963165283
2907,94544A63C0E34D93BD1CA885C0D0D0A1,5.8730058670043945,5.809037685394287,5.35408353805542,5.610931396484375
2908,,5.628958702087402,5.63071346282959,3.601678371429444,4.54718542098999
2909,59C10E4230D4445983B0D3CD5E0A8912,5.630581378936768,5.495649337768555,4.880448341369629,5.079327583312988
2910,B480F8A5265B482CAFB6C133462E2FE6,5.5459513664245605,5.716854095458984,5.314212799072266,5.354830265045166
2911,,5.729081630706787,3.600149631500244,1.1145341396331787,5.076771259307861
2912,7A1FB2140549403990895E162B8D070A,5.661946296691895,5.663508415222168,5.190392971038818,5.386610507965088
2913,,4.585851669311523,5.790896415710449,3.798605680465698,4.802672863006592
2914,0719562D653E4EC8985BBF7C484A12FE,5.768527030944824,5.469554424285889,4.166206359863281,5.004918575286865
2915,57D16FF618E449028084875C941CEC52,5.63251543045044,5.448068618774414,3.733387470245361,4.904431819915772
2916,BED5F505203F460BBC0A52533A0F93E0,5.661032199859619,5.760620594024658,6.004497528076172,5.3841233253479
2917,8629D06659DE40C28BECB6CC28781A86,5.582046985626221,5.522266387939453,5.815087795257568,5.233883857727051
2918,9193D0B8CF8942C0A3F23286EECF1CEB,5.680001735687256,4.967942237854004,5.523856163024902,5.219029903411865
2919,3B6C3184A4E244F597BC4C2CB138C46C,4.847476482391357,1.5194885730743408,1.596343159675598,3.941159963607788
2920,881A4ED574D94C9CA491782966BA959E,5.327453136444092,5.678275108337402,1.9722803831100464,4.839666843414307
2921,53A14B1CCC5249C194B57AEAD5FBBCC2,5.60076379776001,5.0460052490234375,2.398306369781494,5.184133529663086
2922,C90A736CBD2E42469E67DBD9712850A3,5.487465858459473,5.549151420593262,5.563113212585449,4.707154750823975
2923,D92F5DFDB6194D919231B4EFCF34BAF0,5.363955020904541,5.629705905914307,5.528790473937988,4.487802982330322
2924,2FB0B50FBD6646FCA58F05AD41B53FE1,5.612395763397217,5.634659290313721,5.862297058105469,5.401792049407959
2925,DD97BD10DD9E4ECCB1B26FC7D4AFD74C,4.830856800079346,4.085638523101807,4.084140777587891,3.6926093101501465
2926,,5.757343292236328,5.852442264556885,5.83683967590332,5.187201023101807
2927,DCF25DF61CED467CA26C4822A8FD6FDD,5.572990894317627,5.358754634857178,4.01903772354126,5.109407901763916
2928,F00911B0567A435195AFB0B5DD49A180,5.680935859680176,5.35211992263794,5.460613250732422,5.36138916015625
2929,677FD744366942D08F1D27A7C43844F7,4.472195625305176,5.14081621170044,4.429495811462402,4.459228515625
2930,DEE27AC01C254F0EB0429C7C2539E10E,5.567313194274902,5.615805149078369,5.396176815032959,5.264246463775635
2931,069FBE244A0447DD818AFFB5451DADFC,5.816279411315918,5.513798236846924,5.660586833953857,4.9797186851501465
2932,FF28EC064DF24793821C63101E2A5D40,5.806294918060303,5.805967330932617,5.902511596679688,5.495547294616699
2933,747B8A229C9244B486F98788B18B3149,5.480871200561523,5.717063903808594,4.0115156173706055,5.125557899475098
2934,6C7FC329ADB74544A11ED5AAEE514656,5.38994026184082,5.055028438568115,2.174689054489136,5.053933620452881
2935,07B408114B4545CA8B587B7E09BF1A01,5.810483932495117,5.889945030212402,5.8771138191223145,5.634037494659424
2936,DC63283306B34D168E0B81039A75DD95,5.701375484466553,3.9594104290008554,1.3420039415359497,5.3154401779174805
2937,,5.284353733062744,3.548407077789306,5.239259243011475,4.750162124633789
2938,BC25365477F3460096FA1E023F8E418E,5.586338520050049,5.729761600494385,5.904685974121094,5.31627368927002
2939,AACF23FB508143C5AF0544B26D0FEF98,4.206315517425537,5.316987037658691,1.6528966426849363,4.784761905670166
2940,FA93E8D3888A49B8AFA7A9191749C879,5.700534820556641,5.43438720703125,5.35915994644165,5.053169250488281
2941,242540AED1C7463890838C715C926676,5.728556156158447,4.141279697418213,3.5884642601013184,5.214593887329102
2942,D1F9C5CDFDA941B5A2183BB6F1143CC8,5.346266746520996,5.529898643493652,1.4132710695266724,4.741894721984863
2943,8334DFF9CE074EB4BEB45F79E36D758D,5.750725746154785,5.865056037902832,5.3865227699279785,5.502414703369141
2944,,5.620271682739258,4.900172233581543,3.651015996932984,4.907095432281494
2945,727E90A6EC6A4C15B528D4E11CCB044B,5.475970268249512,4.357092380523682,3.2998859882354736,4.868037700653076
2946,1E7E3D7A5A5948DFA7B6FBB147749B4F,5.240264892578125,5.601226806640625,5.598838806152344,5.284748077392578
2947,99A1BA09109D44898786604C0F4F3D9C,5.146396160125732,5.546698570251465,4.535187721252441,4.6322760581970215
2948,D825204083F046B289FD908534766DC2,5.681695938110352,5.576643943786621,5.62074089050293,5.1694440841674805
2949,EBF4665CBA31442DA826DA4C0A93E27B,5.404140949249268,5.6411871910095215,5.489255905151367,4.76231050491333
2950,A43A7A98DC4B4362AAA83EE0B8C428D0,5.843681812286377,5.932740688323975,5.943069934844971,5.397747039794922
2951,4CE09503493040F0B389B919B8133C2C,5.472789287567139,5.645252227783203,5.173067569732666,5.269097805023193
2952,6B86D53EB3DD41AF9B985BC509063665,4.96992826461792,5.367783069610596,5.329257488250732,4.560433387756348
2953,445AC1F6941F4922BB96044C033D18D8,5.646646499633789,5.634359359741211,5.699652194976807,5.185043811798096
2954,0DF4A59C61574D059D3FD9D0057020DB,5.579967498779297,5.873311996459961,5.648592472076416,5.110700130462647
2955,,5.93839693069458,5.584855079650879,5.787836074829102,5.5335693359375
2956,C4E5A5A22F8B41CA92F0750E2118C545,5.726971626281738,5.865654468536377,5.809306621551514,5.487334728240967
2957,AEF1EB7A11EF4AED896D87482DF5FE21,5.46484375,4.015298843383789,2.672642230987549,4.879153251647949
2958,1A50C83D22B447A992C00AC1C88619DD,5.762635707855225,5.94205379486084,5.807427883148193,5.326772212982178
2959,14790771352D4EACA720F0E454E1FD1B,5.469631195068359,5.504231929779053,1.7487348318099976,4.449278831481934
2960,479598F3E3BB4A4196588B0B9FBF014A,5.744080543518066,5.937511444091797,5.944962024688721,5.27648401260376
2961,66AC8445BBD340BB927F66ED30F1DF88,5.694569110870361,5.805505275726318,5.6959967613220215,5.225035190582275
2962,0C61C99BAE774D43A60D85D526B251F1,5.704494953155518,5.044406414031982,4.5694580078125,5.3275651931762695
2963,AD9DEF3415E84F8D9D2C64A9899A6F00,5.697752952575684,5.776575565338135,5.703138828277588,4.915688991546631
2964,,1.123117208480835,1.123117208480835,1.123117208480835,1.1993095874786377
2965,,5.745928287506104,4.923416614532471,5.458395004272461,4.852565765380859
2966,,1.123117208480835,1.123117208480835,1.123117208480835,1.1993095874786377
2967,6A2F5883EA93483B96CFC67AF03EB821,5.385498046875,4.567378044128418,1.609590768814087,3.838162899017334
2968,,5.534149646759033,4.978127956390381,5.416457653045654,4.849554061889648
2969,,5.36116886138916,5.766932964324951,3.894034385681152,5.10429048538208
2970,53161FF5BB2C4DC7900D6DBED0826678,5.779168128967285,5.801541328430176,5.536403656005859,5.215345859527588
2971,F1D2763E403A4134AD2B97B073378695,5.812709808349609,5.845159530639648,5.905276775360107,5.547371864318848
2972,CBDB9ABD3EFB4292A61DEB5B5A0B4F3F,5.443516254425049,5.390093803405762,5.845822334289551,5.141077995300293
2973,02673988CCD94CD29BC5AA5599730EE4,5.690599918365479,5.758923053741455,3.974306344985962,5.632443904876709
2974,99B03A25695346E59A0AA5274C008575,5.549607753753662,5.748771667480469,5.631914138793945,5.152725696563721
2975,825625E572134E228B96C7B46F6CDF57,5.364491939544678,3.077535390853882,2.642451047897339,4.683429718017578
2976,62BB4C3041A04D078588FE8C8DC40E3D,5.749517917633057,5.784900188446045,5.941544532775879,5.09007740020752
2977,D261371C2F354313BC719020BECE505E,5.090496063232422,2.4197707176208496,3.984484195709229,4.500789165496826
2978,06918BB67F2E425D9B5D2777BD9E768F,5.743621826171875,5.792031288146973,5.660751819610596,5.509597301483154
2979,9FC9F5CDEA05414EAA6D5EE662A4FB96,5.762665748596191,4.69285774230957,4.028830528259277,5.410585880279541
2980,EF5BB9F6B3A24CE0B2A34A4FCD2F33B2,4.827648162841797,5.724706649780273,5.747003555297852,5.214523315429688
2981,FFC4B454D7694DBA8F627CAF97E748E3,5.195683002471924,5.386486053466797,5.229837894439697,4.448063850402832
2982,DAB1072AF9F548579D685778FFF62520,5.838805675506592,5.864997386932373,5.680341720581055,5.323956489562988
2983,B6090CF5C59A4B6DA756114F5EC2352C,5.779122829437256,5.880286693572998,5.881735801696777,5.582452297210693
2984,62EB20B81A284D258F50A30241CFFF86,5.489017009735107,5.486114025115967,5.55999231338501,5.159202098846436
2985,971EA2EA6F5148F4B49D71C60242DEFE,5.512857437133789,4.0043792724609375,5.057375907897949,5.132084369659424
2986,C5AF928339E04282A78E0D7D1C0B8097,5.8232245445251465,3.8266489505767822,5.342339515686035,5.261860370635986
2987,19D62C33900147E78E809ABE24C30FEE,5.89574670791626,5.750537395477295,5.538299560546875,5.603358745574951
2988,6B3DF04DE00E4796B85EB4E757CC08C8,5.824757099151611,5.782698631286621,5.506179332733154,5.718299865722656
2989,,1.123117208480835,1.123117208480835,1.123117208480835,1.1993095874786377
2990,,5.494696617126465,5.776173114776611,5.81229305267334,5.086383819580078
2991,A86E1DBE95DF4A6F987AE1042DB8DD1A,5.614174842834473,5.842194557189941,5.4528117179870605,5.494926452636719
2992,,5.583580493927002,5.764971256256104,5.608576774597168,5.159684181213379
2993,,5.857424736022949,5.760605812072754,5.22527551651001,5.528277397155762
2994,6744FFB1930346628868207FA394E387,5.884808540344238,5.755967140197754,5.612493991851807,5.393566608428955
2995,CE791658D24940268E2D468FDC7A2F88,5.617663860321045,5.809114933013916,5.602587699890137,5.304862022399902
2996,9E550A5C2D564713B92461A1D4D37F98,5.84901237487793,4.620169162750244,3.250880718231201,5.53204345703125
2997,D7E522A921CD4AFCBFB8B0863CF50FDF,5.813582897186279,5.934504985809326,5.804792881011963,5.30532693862915
2998,C809D394C2CD4B3296F6F24D523DE626,5.961551189422607,5.813769817352295,1.8629372119903564,5.325366973876953
2999,DF243E04841E4ECB8A3B35D547E6039C,5.69966983795166,5.202157020568848,5.614673614501953,4.811441421508789
3000,8A13F40B3189462D988B9DE1480DD3EB,5.314262390136719,5.660728931427002,5.489371299743652,4.5777668952941895
3001,,5.829891681671143,5.544764518737793,3.770338296890259,5.401137828826904
3002,00733809B26D472B84E607A9F56CA0B3,5.502508640289307,5.782336235046387,3.178165435791016,5.162072658538818
3003,BB0F5374BA4C47BBAA6EE579BAC37702,5.095118999481201,5.490954399108887,5.99342155456543,4.682153701782227
3004,7E553EDCD9C949A984A200B0681A8B0B,5.527066707611084,5.40293550491333,5.404050350189209,4.559925556182861
3005,3A0F7CE06869478BBF908FF38CC4ED4F,5.817061424255371,5.5135040283203125,5.806889533996582,4.910092830657959
3006,,5.40474271774292,5.530958652496338,3.152310848236084,5.283840656280518
3007,F2943C549B9E465D8EDD0686618FA830,5.565828800201416,5.660884857177734,4.844884395599365,5.445656776428223
3008,D18ED015F71A43EDB2FB43DAED18BEC2,5.091841220855713,5.510440826416016,3.0115134716033936,4.844387531280518
3009,91C0FA8E9A5046EE8D508A930C2E5552,5.583175182342529,5.793735504150391,5.271551609039307,5.272755146026611
3010,057071BFAB3646AF8A7361C5A4DD2DF1,5.806122303009033,5.78539514541626,5.836916923522949,5.693163871765137
3011,941C07C7A2B847ADAF39196E22F605D2,5.678469181060791,4.947396278381348,4.438278198242188,5.10161828994751
3012,,5.133022785186768,5.037784099578857,4.197754383087158,4.200109004974365
3013,A3225197A57D498187805738CB466F18,5.359101295471191,5.599384307861328,5.723987579345703,4.350096225738525
3014,289563D6BCAF43739083EEA3D931B2A4,5.749407768249512,5.710462093353272,5.549773216247559,5.418733596801758
3015,,5.811788558959961,5.01226806640625,5.472864627838135,5.3512043952941895
3016,9BC4F648BF014D19B752E6F50CC82367,5.806955337524414,5.683306217193604,5.805227279663086,5.286293029785156
3017,,5.2356791496276855,4.234310150146484,3.399737596511841,4.512938499450684
3018,C8E6F59C1E084342BB73DA4B19EAAD23,5.716940879821777,5.90132474899292,5.809106349945068,5.621506214141846
3019,691D0768874740D2AD373C0BF175962E,5.6815996170043945,5.600543022155762,5.9505534172058105,4.82884407043457
3020,F6586134F687435A9064E1C721EBC99F,5.847304821014404,5.6905293464660645,5.284829139709473,5.3898749351501465
3021,7C3EE43422584C66B0831357DDC27618,5.502678871154785,5.746868133544922,5.677527904510498,5.028958320617676
3022,76B0C2F3E59A4260A60FB3B507F1D716,5.628730773925781,5.230569362640381,1.6737488508224487,5.228724002838135
3023,,1.123117208480835,1.123117208480835,1.123117208480835,1.1993095874786377
3024,B49FFE7A3798495E9CD3B5056A0475E0,5.431862831115723,5.698155403137207,5.844807147979736,5.133506774902344
3025,,5.456205368041992,5.4402923583984375,5.938119888305664,5.429656028747559
3026,B88A0C344E0A47DE883251E8A7D573CD,5.559651374816895,4.672775745391846,4.5336079597473145,5.03911828994751
3027,4B0F30768B9348BFA5E23510F3AB32CE,5.81570291519165,5.840344429016113,5.852388381958008,5.507654666900635
3028,,5.660425186157227,5.770346164703369,5.71592378616333,5.145554065704346
3029,13B9F33091CD49BEACB6CDB88C0FBBDF,5.907117366790772,4.335098743438721,5.820322036743164,5.006388187408447
3030,4467DF9E59C94C3FAF1E7880FEE558F4,5.769320964813232,5.818678379058838,3.911372423171997,5.345099449157715
3031,5771BBE6465940CA82548F137A6790D9,5.557985782623291,5.542925834655762,4.799943923950195,5.446516990661621
3032,E20A3C55A733464A85005A46D8150ED7,5.708756446838379,5.679994106292725,5.876216411590576,5.1834893226623535
3033,B8516729E55448099B401A66D91B1AA0,5.724905967712402,5.837357521057129,5.30021858215332,4.91274881362915
3034,1E9F2DF0EAC14FE5ACF9DC801B872A3F,5.532068729400635,5.4077253341674805,5.074290752410889,4.803300380706787
3035,DF112150C6E241C8B4269DE4B384F16C,5.693511962890625,5.601324558258057,5.659356117248535,5.410072326660156
3036,7CE0FB3B651540BB9FE766417C01C839,5.543698787689209,5.615275859832764,4.984879970550537,4.728233814239502
3037,,5.284686088562012,5.477606773376465,5.690046310424805,5.212058544158936
3038,B20BA3D9617743198C5B18C512F7DFC2,4.90422248840332,5.92122220993042,5.80208158493042,4.752721786499023
3039,D3000077244949BF9247948A39FD4632,3.69806718826294,4.09724760055542,4.308364391326904,4.075845718383789
3040,7F79F8F0F2D9427EB682EDEC690E2C13,5.338705539703369,4.467488765716553,5.381048679351807,4.982762813568115
3041,036D9C8010574494A5069728410F3D88,5.484981060028076,5.775701522827148,5.530613422393799,5.332805633544922
3042,65F9D4592C174BD39829942508A82DDA,5.510951995849609,5.774550914764404,5.009867668151856,5.3017578125
3043,A7136440AEEF4FF1B77B36B47E2DD30D,5.671717643737793,4.706747055053711,4.935287952423096,4.702933311462402
3044,D5DE0F46EEF341A383C94F3271F02925,5.419727802276611,5.423242092132568,5.484441757202148,4.870362281799316
3045,,1.123117208480835,1.123117208480835,1.123117208480835,1.1993095874786377
3046,0CC6EEE9478C4898BF4028C7E27A40CF,5.735501766204834,5.54266881942749,5.805787086486816,5.393618583679199
3047,B0B432A614AD452297CD57C85B1A2B8D,5.725517272949219,5.562706470489502,3.8610782623291016,5.152111530303955
3048,41727315B3A04DBCA4151E0725E83D93,5.8556318283081055,5.827185153961182,4.884119510650635,5.670792102813721
3049,1A34FA8D1D1947E7B5F62D1717AE2C24,5.757823944091797,4.222635269165039,3.4906704425811768,4.862777233123779
3050,61E3A7AB87CA46758367DA75D701DCD6,5.274997711181641,5.749422073364258,5.563338756561279,5.22105598449707
3051,25525D5C2C144CAA884FD10300D6C036,5.718728065490723,5.6500325202941895,5.692689418792725,5.529441356658936
3052,3A47BE994BF14AF4A8483FA3579FF261,5.324714183807373,5.750242233276367,4.772400379180908,4.806565761566162
3053,D31AA0E668DD491CAA17C6CD0036AF7D,5.543231964111328,5.887876033782959,5.272335529327393,5.22920036315918
3054,30F3F734AFB648BC87DB49F5943AE4A4,5.864809513092041,5.850767135620117,5.317473411560059,5.410242557525635
3055,BF62AD49624B48068FC7FAC00F8D2632,5.639077663421631,5.620637893676758,5.547544002532959,5.055756092071533
3056,953F0E88A63E4974A796294BE1B9228C,5.7352614402771,5.709933757781982,5.917493343353272,5.139508247375488
3057,E905D6A9884A44019A23B6EEEF9E0B9A,5.680005073547363,5.480644226074219,5.705061435699463,4.460158824920654
3058,AC4CE91271A84AECBB2EC74048AC0C61,5.351111888885498,5.773502349853516,3.330986738204956,4.831507205963135
3059,95EC76E91FDC40EA86580067D1D9773B,5.941064834594727,5.78066349029541,5.487823486328125,4.97922945022583
3060,ED9A8849B97549E7B49FF01230BC550F,5.536949634552002,4.821676254272461,5.831846714019775,5.21213960647583
3061,,1.123117208480835,1.123117208480835,1.123117208480835,1.1993095874786377
3062,6A06B6F8B27C480A96A7AAD9879B484D,5.562503814697266,5.778202533721924,5.735747814178467,5.395780086517334
3063,662F1C5700C64333AEB98D53170569F1,5.532952308654785,5.808992385864258,4.159429550170898,4.631618022918701
3064,EACEC23FAC784366A4E1937DCEA84882,5.791577339172363,5.955124855041504,5.972528457641602,5.465100288391113
3065,,5.789596557617188,5.863256931304932,5.840120792388916,5.518130779266357
3066,911CEBE379F04DB68758A3FA9418973B,5.870160102844238,5.6536712646484375,5.828457355499268,5.583286285400391
3067,2AB9D9679DE3406EACE629638F177A8E,5.530613899230957,5.709343433380127,5.728274822235107,4.9681243896484375
3068,2C5D3BDDA0F544BAAD486963BF33D093,5.504339694976807,5.837484359741211,5.838961601257324,5.078786849975586
3069,,5.719662189483643,5.845058917999268,5.745022773742676,5.761961936950684
3070,D4437BD316794BE8BA031B78B5C85780,5.7358717918396,5.514307975769043,5.649606704711914,5.158038139343262
3071,85B3E3D7A422419980B16A7BFC3595AE,5.429558277130127,5.854276657104492,5.806509971618652,4.977107048034668
3072,,5.850642681121826,4.840036869049072,5.583155632019043,5.588843822479248
3073,B0253FE237AF470A97721F9510913545,5.865708827972412,5.88890266418457,5.818778038024902,5.577932834625244
3074,,1.123117208480835,1.123117208480835,1.123117208480835,1.1993095874786377
3075,F3D2F553EEA44FDBA8A8E22C383E9BD4,5.767011642456055,5.689200401306152,4.9638671875,5.378820896148682
3076,EFA29BCB415B496FB8E7FFB7840FE3C0,5.51072883605957,4.356611728668213,3.4751808643341064,5.055508136749268
3077,465B7A471BE5490880A9CDF8CCE62484,5.659029483795166,5.115231990814209,5.4178900718688965,5.084593296051025
3078,6DF4BAC26DEE4F9FA7C0B8D08891B590,5.567965030670166,5.705539226531982,4.948141574859619,5.37277364730835
3079,20EF074F1BE845968571A16911384264,5.934510231018066,5.882791519165039,5.935905456542969,5.299754142761231
3080,533AF04CF70C4868BF4C50172A52A5B7,5.609604835510254,5.760087966918945,5.816225528717041,5.289444923400879
3081,3765DE826DE6446F867FF77A69F2AB4D,5.665019512176514,5.830601215362549,5.6552557945251465,5.399885654449463
3082,53BE6A9FC3C846F58424DF7D57A99C2B,5.71748685836792,5.5046820640563965,5.773128032684326,5.337316989898682
3083,02A990D7ED6F42E783E9F3C815C70624,5.618549823760986,4.721702098846436,5.153786659240723,4.856128692626953
3084,42FFCCE89DD8468ABBC4FB4D8E427A95,5.701362609863281,5.6407999992370605,5.806412220001221,5.118017673492432
3085,00020013B09747E38456608B83C1DD3D,5.750223159790039,5.923629760742188,5.824068069458008,5.506794452667236
3086,95054BBAD8F844C8840440AAD9CC2907,5.4541120529174805,5.709413051605225,5.603083610534668,4.558797836303711
3087,,5.584504127502441,5.438286304473877,5.840981960296631,4.889032363891602
3088,F4EC577D0AE44D6EA1E498533D5C8C76,5.693549156188965,5.753437042236328,5.011431694030762,5.132584095001221
3089,C16D8C6DFB9345708434787CBEAD2A70,5.722291469573975,5.724578857421875,5.731570243835449,5.542586326599121
3090,,5.745555877685547,5.843259334564209,5.730325698852539,5.713963031768799
3091,,5.025784492492676,3.4045233726501465,3.8576624393463135,4.3992533683776855
3092,,1.123117208480835,1.123117208480835,1.123117208480835,1.1993095874786377
3093,E6CFB1C1602F44BAB28D5909C1142C38,5.66390323638916,5.325965881347656,3.257556200027466,5.113104343414307
3094,8FF4E93AECD743C481BB827E6440F927,5.8403520584106445,5.785172939300537,5.812077522277832,5.123923301696777
3095,668703D4C675497BA09AE5588BDC518B,5.664958953857422,3.772576332092285,1.3264906406402588,5.156213760375977
3096,6759C9180A254756AFAA44CED4A84688,5.790918350219727,4.710126876831055,4.357051849365234,5.161891937255859
3097,266B9DA741E84F38BEDDA5454A2D86E6,5.56398868560791,5.651735305786133,3.799659729003906,5.023590087890625
3098,AD8C85DE3B83433E9915124ECE80F49C,5.676775932312012,5.865464210510254,5.780261993408203,5.398810863494873
3099,2CA3A04477C04E21A1EB0C7F511EEB3F,5.744462013244629,4.979955196380615,4.2845072746276855,5.2341814041137695
3100,52599D8AD46D4499ACECA3ABD4047F61,5.364609718322754,5.681524276733398,5.843039989471436,4.990271091461182
3101,A0DAB917E0F04DFFB9E0A1022D85A0D2,5.709283828735352,5.381277561187744,5.079317569732666,5.079302310943604
3102,015D95BA960E4D8387F933A0C7E87F69,5.724387168884277,5.277744770050049,5.201885223388672,5.068220138549805
3103,4C630A217D39499A9F1693F94935560E,5.274763584136963,5.736429691314697,4.287050724029541,5.255035400390625
3104,,5.7783403396606445,5.849256992340088,4.93342399597168,5.217166900634766
3105,03052B77A43E44FC838893BF4443EBD4,5.7920427322387695,5.883546352386475,5.680853366851807,5.507551670074463
3106,46C317071AFD46D9990A9FE0853F144F,5.780726432800293,4.207177639007568,2.5512468814849854,5.006654739379883
3107,7023CD303E094FE9B785377B92248313,5.152689456939697,4.040346622467041,2.258847951889038,4.053988456726074
3108,,5.284989833831787,5.704581737518311,5.8118391036987305,4.941372871398926
3109,0D4573619FE44AFBA261F7767D276C07,5.691142082214356,5.812309265136719,5.359757423400879,5.307171821594238
3110,,1.123117208480835,1.123117208480835,1.123117208480835,1.1993095874786377
3111,D86D48F60B164871ADF1029C81984A27,5.843366146087647,5.708195686340332,5.67241907119751,5.326656818389893
3112,,4.977280616760254,3.473621368408203,1.2579286098480225,4.235169410705566
3113,5238D021ADCB4B01A28B831A9B9F9484,5.548839569091797,5.768816947937012,5.2806549072265625,5.105714321136475
3114,4DCEB1014B8642D7884A601A5BD80E3E,5.157294750213623,4.685141086578369,5.494044780731201,4.527431964874268
3115,6CF8EA6BE2114D349EF14A42D3F4B331,5.897975444793701,5.127935409545898,5.552645683288574,4.64320182800293
3116,,5.847471237182617,5.213201999664307,5.84818696975708,5.567032337188721
3117,982D87BF6D58455181C094D378B6A11A,5.814653873443604,5.737945079803467,4.787952899932861,5.545290946960449
3118,F9B4CE0F2970452BBA71011E2E8BE56D,5.794613361358643,5.940333843231201,3.3052611351013184,5.30236291885376
3119,463C367C45DC44E38525FE5FAC32F2D9,5.668881416320801,5.496715545654297,3.574459314346313,5.501652717590332
3120,82D88B29D40F4C5A910237120499A0A7,5.546663761138916,5.224864482879639,2.697345972061157,4.906458377838135
3121,B6D37FE8496C4F2A94228003CE3C155E,5.616400718688965,5.752303123474121,5.557458877563477,5.465644359588623
3122,,1.123117208480835,1.123117208480835,1.123117208480835,1.1993095874786377
3123,1D008EE3614A43F98C20BBB9E079587F,5.407456398010254,5.469926357269287,5.602528095245361,4.976644992828369
3124,48472C882A06488AA52B65B834034476,5.668779850006104,5.828717231750488,3.5532121658325195,4.355170249938965
3125,EA88E2928CED4F1A8E11AE117204A597,5.464284896850586,5.254968643188477,3.599792242050171,5.2437591552734375
3126,81BFA6DB2AEA4A3BB089E04822014D27,5.48763370513916,5.695005893707275,3.158315896987915,5.637411117553711
3127,28C06D84EADE4596BD7C585E8466F72F,5.503099918365479,5.791231155395508,5.83400821685791,5.266107082366943
3128,,5.404046535491943,5.383553981781006,2.809638500213623,5.411733627319336
3129,82AE6AD1BE4D41389B59F5A165F97E30,5.74619722366333,5.127397537231445,5.767220973968506,5.630312442779541
3130,,5.616330146789551,5.779847145080566,4.92225980758667,5.191170692443848
3131,DBF872E19A0D495DBB18F43ABF42E439,5.581585884094238,5.178493499755859,1.638767123222351,5.123106956481934
3132,D2338A026E6D4615B76DCCB6AD9A523F,5.7005934715271,5.676285743713379,5.376776218414307,4.947177410125732
3133,EF2A831487A04CA089AF344E42845AC4,5.883683204650879,5.808135032653809,5.905840873718262,5.754489898681641
3134,2A2B6FF9D90943D99D47115FA01CAA82,5.487886428833008,5.727294445037842,5.711734771728516,5.169802188873291
3135,45BB0319012C4B6399D4EBE3972C2432,5.869330883026123,5.848307132720947,5.20366907119751,5.750185966491699
3136,2BE850FEF17146DA925C004E3460D697,5.314453125,5.365112781524658,5.329826354980469,5.098366737365723
3137,3D85EB88F85D4467A3F5EDEA63FCDD5B,5.647714138031006,5.2409749031066895,4.476001739501953,4.962131023406982
3138,9DF0D8F6557749E19A6908681C71A23B,5.780450344085693,5.709617614746094,5.827602386474609,4.944900989532471
3139,403C8227C620406B9F6826B882F2AF5B,5.69547176361084,5.498247146606445,5.629968166351318,5.495672702789307
3140,FDFFAF4C40CF4124868EF23BC33DD001,5.798604488372803,5.903040409088135,5.644258499145508,5.382711887359619
3141,D3FF5A67D04E45AC9C1F4278BD6210FE,5.697911739349365,5.66085958480835,5.6292500495910645,4.789337158203125
3142,33526936A0F040A586BF3257A573D35D,5.3566412925720215,5.5074143409729,5.700535774230957,5.149552345275879
3143,583B48DB907C40209E1A17E7E6700800,5.580373287200928,5.77780294418335,5.270843982696533,5.154411792755127
3144,924AF4F85C9147C1AB35CA01CE1BE33B,5.749379634857178,4.5515336990356445,3.740535974502564,5.19420337677002
3145,,5.0407490730285645,2.6044797897338867,1.6942757368087769,4.246839046478272
3146,2B6E7580A0964CABA9A80744D910F58F,5.862104892730713,5.854774951934815,5.426749229431152,5.556028842926025
3147,F6C2C2975E2D47A29BB1DC4817243718,5.6955108642578125,2.8048460483551025,4.598833560943604,4.805206775665283
3148,09EFBDA9CEE54220897289B04F25FCB1,5.638731956481934,5.651874542236328,5.813100814819336,5.3279948234558105
3149,819D94F205F74F23B5F6D8547801AA9D,5.701627731323242,5.634407997131348,1.357774019241333,5.369437217712402
3150,02B0C9B821B547208FEA092A7E611EFA,5.5025410652160645,5.709654331207275,5.7912774085998535,4.801564693450928
3151,41004804288D4A3D95427E1601059930,5.529635906219482,5.511712551116943,5.15737247467041,5.504572868347168
3152,13B171878B054E45B82D05151F7E5B42,5.502466201782227,5.615707874298096,4.213460445404053,5.233576774597168
3153,373ED6D666184C09A4BF0422482B9013,5.271224498748779,5.628856182098389,5.946571826934815,5.445279598236084
3154,,5.724161148071289,1.345530986785889,5.2801594734191895,4.7730913162231445
3155,F97CB49AD42B45039635662F6357F4FE,5.317347526550293,5.724881649017334,5.487401485443115,4.999723434448242
3156,9920A908C84548B0A954636B95675625,5.742984294891357,5.798252105712891,5.630693435668945,5.420942306518555
3157,55613BD4C71E44DF83C415B64BBDEB2A,5.661303997039795,5.515218734741211,5.679632663726807,5.532730102539063
3158,,1.123117208480835,1.123117208480835,1.123117208480835,1.1993095874786377
3159,,5.332404613494873,5.689969539642334,5.364752292633057,5.091738224029541
3160,2A1867E1E3054B85BCA7AA614A39C2B5,5.351141929626465,5.815510272979736,4.82970142364502,5.203185558319092
3161,2BBE5937BBFE4785B52F3D7C76ECA488,5.691125392913818,5.5488104820251465,5.7466959953308105,5.320720672607422
3162,1AC5B87B8AE146579545F45E38946B82,5.824417591094971,2.888141870498657,5.066841125488281,5.057468891143799
3163,62E1F065767E4EAD8EB1D6A8558C841C,5.704606533050537,5.418489456176758,4.64513111114502,5.014049530029297
3164,6CB68DA1AE894B6C92D61002A8E24051,5.310139179229736,5.5157904624938965,5.352252960205078,4.966855049133301
3165,B401D3A4F7BE443FAC5AEA0AD572589F,5.487178802490234,5.660880565643311,5.915347576141357,4.949547290802002
3166,BA13C9F8BDE84BF085C5025BB854177D,5.547553539276123,5.671322822570801,5.5781989097595215,5.234489917755127
3167,2423D06BF94748319D7210CBA0D5EBD6,5.454071521759033,5.324848175048828,5.263617038726807,5.394705295562744
3168,40DB9746BFD545C5A5EA1D527FE1BB92,5.445979595184326,5.599609851837158,5.193305492401123,4.430685520172119
3169,4A4B96E4A0B5496FAF82FD103651405F,5.66530179977417,5.706469535827637,5.8704118728637695,5.507122993469238
3170,FBB988AD6F894EE2A5A8EC0778797614,5.663006782531738,5.780677318572998,5.816144943237305,5.337767601013184
3171,B055CA7C3B4444F4BD5E13EC298695AB,5.549788951873779,5.709423542022705,3.7084169387817374,4.852789402008057
3172,B0E250FD20A94B4484FF07F9AD38A338,5.850733280181885,3.316333055496216,4.345337867736816,5.152835369110107
3173,7663257DEC16401182D351BFB670F683,5.31968879699707,5.937159538269043,5.720467567443848,4.65028190612793
3174,F8A70518458C4659BD0DDC3F25182A9E,5.837934494018555,5.132850646972656,1.3743462562561035,5.236430644989014
3175,,1.123117208480835,1.123117208480835,1.123117208480835,1.1993095874786377
3176,410757414AA94B3BB70FDD2009691170,5.783734321594238,2.9796454906463623,1.2197929620742798,5.389912128448486
3177,DF10643681514084A58F7050CDD10CF5,5.779482364654541,5.647054672241211,1.4254757165908811,5.408550262451172
3178,,5.528734683990479,5.737145900726318,5.807355880737305,4.807048320770264
3179,,5.709959030151367,3.21870756149292,3.817744016647339,5.005093097686768
3180,ECB6DD4EC2D74804995F4A796C0F7428,5.738089561462402,5.77230167388916,5.841389656066895,5.309078693389893
3181,,1.123117208480835,1.123117208480835,1.123117208480835,1.1993095874786377
3182,06CE1448F099432681A5B0CAB2ABBAD3,5.611824035644531,1.2440557479858398,1.1206514835357666,4.647055625915527
3183,4942888CD07A4145B8244F61F8C318A6,5.784440040588379,5.839010238647461,5.717889785766602,5.277400970458984
3184,FD3A8D9D48E8403FB416B8CEBDA8B2E6,5.799863815307617,5.663732051849365,5.774874687194824,5.506462574005127
3185,1946CFB44F40468FBFC20DB8DA6087FB,5.563109874725342,5.793292045593262,5.8774518966674805,5.023877143859863
3186,A582A73A64A3418C9CBE9F57455BD059,5.79439115524292,5.800286293029785,4.837062835693359,5.57982063293457
3187,DA69570119B24065909EFD08179AB45A,5.562599182128906,5.8454790115356445,5.307113170623779,5.104143142700195
3188,D79DA03865C346D08A79CCA135C1C512,5.596625328063965,5.789588928222656,5.842249393463135,5.393962860107422
3189,6B133EBA6A164322B2B53CED8B923C7E,5.664687633514404,4.281769752502441,5.420557975769043,5.254693508148193
3190,D6056D878D9E410C8D1EB4520E3F8728,5.669753074645996,5.817477226257324,5.529831886291504,5.692472457885742
3191,,5.709014892578125,5.820128440856934,5.83566951751709,4.822880268096924
3192,E89A884774AA4B878ED00025681E9C8A,5.398693561553955,5.855482578277588,5.861766815185547,4.787405967712402
3193,22FDC5C139DA4C9BAF405E9138CE5AC7,5.550530433654785,5.883769989013672,5.349536418914795,4.956255435943604
3194,DE33E7E9ED6444C796570315560F54AB,5.287062644958496,5.53057336807251,5.741566181182861,4.58998966217041
3195,8ED6F7996DDC4D52B102F96AE4670CAA,5.747770309448242,5.709616184234619,5.77191972732544,5.241264343261719
3196,16BD92D3744F4002919E927F42836452,5.649496078491211,5.719016075134277,5.351108074188232,5.384976863861084
3197,299F876D71444B63A97416210993AB60,5.710617542266846,5.404685974121094,5.3139262199401855,5.139642238616943
3198,F7945E36A9B14A9397CCE64D22A9E450,5.499876499176025,5.429823398590088,5.280319690704346,5.129770755767822
3199,E01DB9AB72A2459CB7161748C0AA67D7,5.58835506439209,5.660490036010742,5.740827560424805,4.432680606842041
3200,11CCADB4BB58465D8ED9969CB4C1B9FD,5.697262763977051,5.724730968475342,5.768548965454102,5.324563503265381
3201,63F399204284405BAE816F3F4048A19E,5.708964824676514,5.563559055328369,5.661769866943359,5.087136268615723
3202,,1.123117208480835,1.123117208480835,1.123117208480835,1.1993095874786377
3203,,1.123117208480835,1.123117208480835,1.123117208480835,1.1993095874786377
3204,7924E5B4A3934D72ACBCF2676CF4678B,5.429905891418457,5.400062561035156,5.631836414337158,4.866977214813232
3205,CB6A6BF01B3B44D897DDEB37312E7022,5.522008895874023,5.699157238006592,5.719495296478272,4.9080071449279785
3206,1732B2536CDC4CB2A85C0AF2B8A2F39C,5.628695964813232,5.690276622772217,5.806965827941895,5.326457977294922
3207,919B02BFDADA46E886B09BB34DE9F2FB,5.843557834625244,5.861482620239258,5.817882537841797,5.576931953430176
3208,14FAB1BF5EE241F4AC1E2B8279B866AA,5.310243129730225,5.6968994140625,5.609947681427002,5.184689521789551
3209,FB0347364C044A688510D933C2307E24,5.651607513427734,5.778482437133789,5.584527015686035,5.5393500328063965
3210,,5.61534309387207,5.817717552185059,5.425750732421875,5.170632839202881
3211,D2B938F19088472D9DD2B82A3280338A,5.352935314178467,5.469972610473633,5.523770809173584,5.188138961791992
3212,1543A978F1E5447D81CA1A605FBD99CE,5.583279132843018,5.240477561950684,4.645065784454346,4.2693963050842285
3213,0207800282DC461FB786F34E978670DB,5.799972534179688,5.821778297424316,5.398491382598877,5.31940507888794
3214,,5.717471122741699,5.651690006256104,5.402863502502441,4.9033684730529785
3215,9FFD3561FAA94952823394751D690258,5.798068046569824,5.84132194519043,5.856400489807129,5.509178161621094
3216,65A8103839D64838AB3E4BF2319E81FA,5.584949016571045,5.7365312576293945,5.046247482299805,5.348160743713379
3217,66373272E90C45208AF0CF76BFC68628,5.793875217437744,5.855585098266602,5.789115905761719,5.3359904289245605
3218,E6EA10D13F744B7B865BF90143E9A2E4,4.071273326873779,4.756532669067383,3.775044441223145,3.39982533454895
3219,,5.886606693267822,5.830437183380127,5.802028656005859,5.53724479675293
3220,,5.8451247215271,4.138090133666992,1.1814864873886108,5.615114212036133
3221,6950DD7A06E3421BA91745B20FCE63A7,5.727200508117676,5.856446743011475,5.908178329467773,5.622482776641846
3222,F8DF3CAD316D4F439A7843444353D542,5.728318214416504,5.669000148773193,5.839208126068115,5.626704216003418
3223,DCC85FF3F54142CFBE419E868FE3046D,5.652316093444824,5.897416591644287,5.824231624603272,5.242318630218506
3224,6C4AF62E16584F91A4659E18F83A2553,5.559726238250732,5.314272880554199,3.1372084617614746,5.181901454925537
3225,1D7343B38ECA44758C4993C48B60B93B,5.237772941589356,5.597985744476318,5.844252109527588,4.922212600708008
3226,,5.431253433227539,5.601523399353027,5.63048267364502,5.057313919067383
3227,B440FE24A9A64CDFB2C8EC45048EF252,5.840207576751709,5.807187557220459,5.758609771728516,5.356589317321777
3228,14DC7F13EFEA4D6C953D4F121C2D9132,5.599891185760498,3.5146374702453613,5.69177770614624,5.110589981079102
3229,,5.466726779937744,5.800124168395996,5.597702026367188,4.932727813720703
3230,,5.410323619842529,5.582228660583496,5.437931537628174,4.883931636810303
3231,E29DEBF81BFD499FB98C2E5FBE185C4E,5.723813056945801,5.784596920013428,5.244757652282715,5.490858554840088
3232,25B64462723E45CB91EE367453B8AF7E,5.898850440979004,4.676370620727539,5.55672025680542,5.324005603790283
3233,5FF566A217DD4693B3BD43A587CACEC4,5.440328121185303,2.7045769691467285,,5.011183738708496
3234,06CE1448F099432681A5B0CAB2ABBAD3,3.502758264541626,,,3.5564124584198
3235,B1171200AFF0454D911388E2AFCEC1A4,5.857080936431885,4.519047737121582,,5.548199653625488
3236,E3D89FAAD7E8413983C99ACB313C9A60,5.667027950286865,,,5.667027950286865
3237,163C805BE8584A6E913B86EEA4B70971,5.17595911026001,,,5.125199794769287
3239,10B1280462AB482D9E7D1476747D4AF6,5.843121528625488,2.5045740604400635,3.3519933223724365,5.63594913482666
3241,89600608694747B38E0DC8F47E04AF6D,5.308535575866699,,,5.308535575866699
3242,F5FDC6DC336444FAA9A4012E0F66D095,5.78184175491333,,,5.78184175491333
3243,,1.123117208480835,1.123117208480835,1.123117208480835,1.1993095874786377
3245,,5.468327522277832,,,5.468327522277832
3246,,1.0050595998764038,,,1.0050595998764038
3247,625E9C4ADE9D46D5966BDD8C8BEECAE0,1.0050595998764038,,,1.0050595998764038
3248,,5.363000392913818,,,5.363000392913818
3249,D13E8F4BE6C64F39B17CC07AB7B0367E,5.4771881103515625,,,5.4771881103515625
3250,39AEB6B776C04EB099FFF56DE62B14C4,1.0050595998764038,,,1.0050595998764038
3261,CA6D9DDED9F14A3EA9F64DE18338AD96,4.441921710968018,4.673530578613281,4.067622184753418,4.464815616607666
3262,5FA5C3EF9195444A832F0AE438613FE8,2.731727838516236,2.880330801010132,3.0958170890808105,4.168530464172363
3263,B997B0CEEC2D4077969B778D9499165D,2.4126431941986084,2.7976748943328857,3.333746910095215,3.744255542755127
3265,5D84E7FEE554447E86288ADD31896E83,2.6622154712677,2.4022445678710938,2.3337976932525635,3.505653381347656
3266,878E72361B994511ACF42CFCDCF85F7A,2.5089573860168457,2.777588367462158,2.5316293239593506,1.8972245454788208
3267,,5.758694648742676,5.545982360839844,1.7606111764907837,5.003427982330322
3268,CAEF35C4ABF64864977558F2756421D9,2.512197732925415,2.61594295501709,2.918414354324341,3.40247106552124
3269,CAEF35C4ABF64864977558F2756421D9,2.512197732925415,2.61594295501709,2.918414354324341,3.4084811210632324
3270,E4BCBBA7CB934BB7B10517742C137FBD,2.7284305095672607,2.7384345531463623,2.171762466430664,3.145981788635254
3271,3845F856F95445989C5399AC3A4D14F6,3.97650408744812,4.849449157714844,5.381476879119873,5.319339752197266
3272,8B045A74597B47FCB5FFAE595C7422DB,5.894949913024902,5.201499938964844,5.257069110870361,5.129820823669434
3273,E5D3FE9DF5104D21BF2043F90D919278,5.053409099578857,5.354104518890381,5.100102424621582,5.301833152770996
3274,78D237079BFA483B8892E98A6C78CF19,5.70841121673584,5.570832252502441,5.765277862548828,5.307053565979004
3275,EBD186A0CF844658B12AA7CA721DE555,2.95507550239563,3.2416388988494877,2.697345733642578,3.519495248794556
3276,DABD7F22A5884FE582A1BB0824A130AC,2.533754825592041,2.891519784927368,3.186352252960205,3.3021490573883057
3277,5A4271B5E62442DF849626E815631C7D,5.722511291503906,5.802372455596924,5.769970893859863,4.982335567474365
3278,2D2D2BC64C8A402DA88B12389CEDC273,2.3011622428894043,2.3153436183929443,3.424128770828247,2.8577046394348145
3281,2E1285824AC44F9CB95675ECC936E53C,2.338491201400757,2.738224029541016,2.6372478008270264,3.055272102355957
3282,785E5BACBCDA41879A9782865D0C9B93,4.464131832122803,4.275966644287109,4.001807689666748,4.747763156890869
3283,6E8BAEB18AB14989AFC78C3D9A8CD2B5,5.678823471069336,4.651406764984131,5.381098747253418,4.850003719329834
3285,,2.387993812561035,2.9860620498657227,2.8445112705230717,2.551269292831421
3286,6265E6719CC74F818FEADEF2DD050744,4.004272937774658,4.651055335998535,4.948538780212402,5.06137228012085
3287,35DC9B00884A40EEBF10C569D4588E9C,4.543035507202148,4.956636428833008,4.78085994720459,5.158447742462158
3288,39A8866323644614BAB13A9CEDB3E402,2.37097692489624,2.7101290225982666,2.720711708068848,3.179294347763061
3289,5D494EDDAE23435D93B9FE8A42AC4542,2.757908582687378,3.1605448722839355,3.5620193481445312,3.548072099685669
3290,268A77DCC33A496DBE1C086D0717C820,5.001243114471436,5.563669204711914,5.031145095825195,5.536993503570557
3291,BA2BCA7CCB1C4030859B5BC1E915D44D,4.839151859283447,5.683149337768555,5.344184398651123,5.46686315536499
3292,BEB7852BA58641CAA0986354E13DE627,3.851156711578369,2.8060882091522217,3.271847486495972,4.07183837890625
3293,D5290727013E42A08D597800BBF4EE17,2.3922536373138428,3.3317761421203613,3.5173044204711914,3.510342597961426
3294,ADDBE78355E240D8AF1E859572FDF233,2.8622171878814697,,,2.9022104740142822
3305,DE590B4A0B2E416E812D5EE23852D334,2.731632947921753,2.425696611404419,2.745774745941162,3.4705331325531006
3308,370D4E31F2944616B669B378381D26F8,2.210227727890014,2.438541889190674,2.9490740299224854,2.8188695907592773
3309,542C8FC44AB6446F92D18292E2AE4FE7,3.8909037113189697,4.4980010986328125,5.117054462432861,4.3138275146484375
3310,EEB8A221C4DF475A89ED8D72490A1DD4,5.620077133178711,5.660736560821533,5.709492206573486,5.074905872344971
3313,8616880A8D194BDFA9C143F7170367FE,3.3098013401031494,2.813154935836792,2.696649074554444,3.0374796390533447
3314,79A6CA4A11904E1A92F92385D609E206,4.467259407043457,5.630306243896484,5.230343341827393,5.152156829833984
3315,086CA0EE50924484BA40BE283B35A167,5.421637058258057,5.476846218109131,5.6090617179870605,4.782425403594971
3316,FA3C2313B81444E09C7821BF4B9C18AA,4.5646820068359375,5.083903789520264,5.531761646270752,5.172520160675049
3317,806D226A01364D8CA035AF355D331A09,2.294973611831665,2.778745412826538,2.720787048339844,3.5598013401031494
3318,E6B070FD81DB4B41B90995BF2EC29068,2.1698644161224365,3.0645551681518555,2.813751459121704,3.434654951095581
3319,5F2597959DAF4493B833C6B242550D95,2.1641106605529785,2.72796630859375,3.0241944789886475,2.4219565391540527
3320,A9401333581446C79C19DC592D58CC6E,2.149565935134888,2.482255458831787,2.5930304527282715,2.44265365600586
3321,2F3660111C5648EE934D115C34124599,2.4417312145233154,2.524233818054199,2.593100547790528,2.276421308517456
3322,9F482F5EDFD14D00B7BD78E60DF1FFBC,2.122528553009033,3.02966046333313,2.809444665908813,2.3158087730407715
3323,D24AE6F9642D4D808E8ABD389BA93DAA,2.039785385131836,3.1097776889801025,3.273587942123413,2.657534599304199
3324,6DD3F01138B1437F84357DA4197312F9,2.4728474617004395,3.243762254714966,3.13074278831482,3.6010067462921143
3325,19070CA538064147BED3C79A28E7C09A,2.7088096141815186,2.034867763519287,2.1949167251586914,2.4563682079315186
3326,66B1C81A5A3D4DF48FDD6FA831513593,5.088420391082764,5.353986740112305,4.9913434982299805,5.188624858856201
3327,EC645E7F80C242CBA5232FAC323E4571,5.601287364959717,3.1473307609558105,5.229696750640869,5.20033073425293
3328,8FFD8A377311493BB0085175099606BB,5.619068145751953,5.019233226776123,5.609616756439209,4.81533145904541
3329,D41CB348E50F40EB969B97D565451026,5.45913028717041,5.730289459228516,4.708954334259033,5.509994983673096
3330,5B9BB96029434960AD960E48B74806BF,5.3661699295043945,5.575250148773193,5.232884407043457,5.470700263977051
3331,FB485164F6DF4179954E551DF7B4722C,1.8655345439910889,2.3512842655181885,2.3683178424835205,2.4748294353485107
3332,CB6F1634BB4B4F059970BCC2FA9F785D,5.512871265411377,5.276641368865967,3.932885408401489,4.915247917175293
3333,087D9030446F4708A77326B5446D41EA,5.186573028564453,5.206803798675537,5.583425045013428,5.274429798126221
3334,E7403536FA54483B8A59905B91672F6B,2.940566301345825,2.8364925384521484,3.005480527877808,2.8410398960113525
3335,71E8ED262A90475E90E0C265D106194E,2.2655558586120605,2.631667137145996,3.4105987548828125,2.7095870971679688
3336,FB7B167CA9764A978A853C08D3D1D84E,5.022754192352295,4.4407477378845215,4.922872066497803,5.188821792602539
3337,EEC1B671FC4C4C4BBA59C4C618C1CEB0,5.610018253326416,3.0552031993865967,1.886574149131775,4.951994895935059
3338,5B5C3D85087A4E16BBF4767641D407C0,2.3390135765075684,3.2131588459014893,2.9319307804107666,2.8316383361816406
3339,CB2A62D186194087B8BBDE2AA49F9EEE,5.630897521972656,5.782944679260254,5.825097560882568,5.525546073913574
3340,2C9AF02F32E74B3CB12A9FF465453E50,2.9959871768951416,2.485668420791626,2.702322483062744,2.656133890151977
3341,C91C479CD4854176B4D9C53D334C5CA8,2.0976431369781494,2.588524580001831,2.6248559951782227,3.089411497116089
3342,07994856BD944213BD589A588737BEBC,2.555696487426758,2.4716408252716064,2.7268176078796387,2.8331527709960938
3343,15FB8938DB8B4885A5A995ABADB04697,2.9247381687164307,2.6713125705718994,2.69931435585022,2.467923402786255
3344,7797BD34431940B396C57112D07CE38E,2.3081040382385254,3.278844118118286,3.5052943229675293,3.152048826217652
3350,35C167A8A69C44C6901146BCBDA40868,5.298042297363281,5.361235618591309,5.735504150390625,5.333332538604736
3354,DE486C956E5549A0BD5552CD8C34C086,4.564630031585693,5.435177803039551,5.845436096191406,5.142999172210693
3359,8772FA5CB29247CCB540DAE99E0A1258,2.172127246856689,2.545541286468506,3.240226984024048,3.232334613800049
3360,5EF44FDA4E464CDEA4370DB69E23EBC7,2.3529114723205566,3.5019328594207764,2.9000635147094727,3.7360680103302
3363,E819F5E2256B468294066D645AF49ECC,5.044914245605469,5.529144763946533,5.524209976196289,4.89334774017334
3364,DDD2730E405143CD97260529527F21AD,5.005339622497559,5.3276896476745605,5.040762901306152,5.2887349128723145
3365,DDB99884AF4343C381DF8165F1D29DAC,5.830763339996338,4.98249101638794,2.164723873138428,5.320931911468506
3366,07C6B00CD8004F00A697063E4768921D,2.666829824447632,2.312723159790039,2.784937620162964,3.492546558380127
3367,BBED2CF19D184C97ABDDC6EECCC8D6A2,2.371798276901245,3.1958954334259038,3.6196463108062735,3.4331021308898926
3369,DC0318ADEE46488A96EF25BC30DB3A7E,2.4391653537750244,3.1655919551849365,3.822434663772583,4.294486045837402
3370,1FD74281BB4C493197941F7A59EF21F7,2.3941707611083984,3.0317587852478027,3.218804121017456,2.96213960647583
3371,87E19F0A0B31461484704A06DB9A84C3,4.813807010650635,5.231022834777832,4.571879863739014,5.290774345397949
3372,2F73EF0BA49545179129AA63CFD67E99,2.0964343547821045,3.501091718673706,2.947387456893921,3.632900714874268
3373,D3062FE806514773B1E4338EE9726DC2,2.245778560638428,2.659064292907715,2.802922248840332,3.502293825149536
3374,2FA543FD1C31419CB8107888D3E03B01,2.62780499458313,2.784898281097412,2.18074369430542,2.8355398178100586
3375,898D3B50103647B1A4905F69CDAA54BC,2.5920932292938232,2.9990389347076416,3.3708198070526123,3.524803400039673
3376,AE171F9326C64AD5BC1F5ED42CC29474,4.985509395599365,4.9323930740356445,5.396581649780273,5.393111228942871
3377,8DD39C1AB44D47159D6350D3F4CAFD1D,2.465567350387573,2.6110377311706543,3.057389259338379,2.9684762954711914
3378,D087FE7AF00D49E189475F4A458CC6C5,2.322047710418701,3.021658182144165,2.490175485610962,2.9677610397338867
3380,31244268C4AC40E8881BBACD6157C8E8,5.529253959655762,5.451634883880615,5.466796398162842,5.306265830993652
3381,4CB1B32B8BFE46BFBB0B8E687AC32613,5.307218074798584,5.153852462768555,4.7880377769470215,5.125052452087402
3382,BF34F4F148474915979CE7B993D45F33,5.433550357818604,4.31598424911499,1.408669114112854,5.117080211639404
3383,D8A029B725344D868E107E4658F9004C,2.555380582809448,3.187499523162842,3.00565767288208,3.1633591651916504
3384,25F71B7E7775470FB337FF448B9AC304,3.1319353580474854,3.128675937652588,2.606781244277954,2.2898240089416504
3386,B328D7890C6C4C1A9CD1168BB13E3ADE,2.242882251739502,2.5652692317962646,2.449651002883911,2.490931272506714
3387,6C83E4A277D4435B8C934578B6E0D6B1,2.813807249069214,5.3447113037109375,4.734621047973633,5.15933084487915
3388,1D71A5F423D14CCDAC4CFD7D6589BDBE,4.548105239868164,4.870992183685303,4.572076797485352,5.0896735191345215
3389,F849868C696F4EFF8D1B6893343715E4,5.882584095001221,5.757723808288574,5.103680610656738,5.336552619934082
3390,4B5689E738C540B8A3ED1C64A1C95EFF,2.612310647964477,2.515264749526977,3.0042288303375244,2.840927839279175
3393,FD02F9088B8146508FD789851FADCE92,2.5846846103668213,2.818070411682129,2.3329665660858154,2.397458553314209
3394,FA3BED3C33C047EAB2768EF5172A1310,2.263218641281128,3.350597381591797,2.555497169494629,3.397988557815552
3395,84C2244FADF24EA28CC26AC2EC025530,2.6446423530578613,2.44612455368042,2.271888017654419,3.257580041885376
3396,21FE3C17A65D4A13BA52DA9AB4EEE824,4.336283206939697,5.495513439178467,4.52024507522583,5.159276962280273
3397,68884E94D0C64052A798012702D22A17,2.4180266857147217,3.2149734497070312,2.9307119846343994,3.538784503936768
3398,B2A36B9B11A04CA6A8258ECCEA9A6539,4.045130252838135,4.976123809814453,4.719966888427734,5.26065731048584
3399,1105F280E99348E591456C83703A3BBF,2.4233222007751465,2.5849900245666504,2.6355934143066406,2.395016431808472
3400,17B67E5365D44002A4DFAEB37E3D4E53,2.1828553676605225,2.602060079574585,2.711604356765747,3.461956739425659
3401,457DE29BD7DE4BA3A54C9F5CEAEEC89A,2.646873950958252,2.658339262008667,2.764049768447876,2.772423505783081
3402,754AB8D0184141E18588457E91463CDB,2.2183268070220947,2.2546982765197754,2.7570080757141118,2.5741400718688965
3403,9C8064431E6F40B7A228D800BCB7690E,4.421189308166504,5.620310783386231,5.479045867919922,5.520751476287842
3404,9A44EDA2992D4580A37F2BE6CD39C450,5.609717845916748,5.544888019561768,5.80412483215332,5.507647514343262
3405,4E74BFB9A9064D54BC731E4F67F13B5D,2.3184618949890137,2.943852663040161,3.221342802047729,2.840013265609741
3406,1C0A5F63DFD849ADB3C15383741B09E8,4.034316062927246,4.7568464279174805,5.211236476898193,5.153985977172852
3407,C76241B0450D4C849AF44993EF743529,2.6170380115509038,2.659644842147827,2.352223396301269,3.0313942432403564
3408,96C6E669C6AE49678B7DD48FACF0C11C,2.483722925186157,3.263284921646118,3.6033742427825928,4.184661388397217
3409,DDE7380303C1448CADD95EEEC03E4328,4.7766876220703125,4.362776279449463,5.042823314666748,4.775654315948486
3410,CB4076485DBF43DB877AE8C2633A1B1F,5.122629165649414,5.261935710906982,5.277242660522461,5.628783226013184
3411,67175439A1D844C494F854A2DC028565,2.600867748260498,2.44356107711792,2.7643802165985107,2.7997384071350098
3412,5E2B9F78CC234959823388FE0E7378F0,2.7536959648132324,3.4893808364868164,2.473503351211548,3.475032091140747
3413,85593860D1EE44CAA07CD014FD26575C,2.1583268642425537,3.0739262104034424,2.8976619243621826,3.547293901443481
3414,407422007B99479785EA11A19D7609E7,4.502369403839111,5.801543235778809,5.680670738220215,4.692113399505615
3415,080C25F037B24973B21CDB7E76851B09,5.736158847808838,5.757076263427734,5.718097686767578,5.419405937194824
3416,3D97B3A8899445649086C32172768C9D,2.732434034347534,2.354367733001709,3.158482789993286,2.997314214706421
3417,A8FC5F2843B04830926AA3936D92175E,5.732142925262451,4.663547515869141,5.01929235458374,5.378923416137695
3418,3D7D72CEA1F6413D961CE185176CE502,5.6282477378845215,5.677797794342041,2.0822174549102783,4.871126174926758
3420,CAE8BA3E4ABB4E9FBED972FE568F0249,5.495667934417725,5.066627502441406,5.223546981811523,5.2677531242370605
3421,1358E123C96B40AD9578730D671647EE,4.331462860107422,4.166309356689453,5.298041820526123,5.353592872619629
3423,924DDC80B7E840C7A98C14888F8453EC,2.6157495975494385,3.000415325164795,2.8653275966644287,3.6393792629241934
3424,3D7E5E51E8D34A0D9EF85BB85DFCD54F,2.287704944610596,2.540388584136963,2.49634861946106,2.409473419189453
3425,1D65A2E5B24D4176B9B911310BF0D5B7,5.049240589141846,5.669424533843994,3.614037752151489,4.913210868835449
3426,DCE159BEC1C64CBA9AA794EC01939247,5.500101089477539,5.583316326141357,1.6839834451675415,5.039581775665283
3428,F3B8E51696CF41DAB16FF9C615AFD294,2.4095304012298584,2.3490147590637207,3.0615663528442383,3.271028757095337
3429,134D66F095CF414CB8235B8F98DB0D9C,5.680685043334961,5.848746299743652,5.615122318267822,5.399051189422607
3432,35C3D0CEE8644273B0838BA58308A4EC,3.052407503128052,4.184223175048828,3.434433698654175,3.423168182373047
3433,C943E9E375944A26B242EDCAEC590A78,2.3800337314605717,3.4052107334136963,3.263235330581665,3.3815371990203857
3434,CFCE3B34EC6D47A0880FD37C287DF4B1,4.996496677398682,5.336832523345947,4.9256367683410645,5.204928398132324
3435,C524079402F0478A8C5155E4D907C437,5.867987632751465,5.404408931732178,5.163057804107666,5.294632911682129
3436,C9EB7383669A408DBEF0B53F961861A9,5.599775314331055,5.764784336090088,5.811849117279053,4.869481563568115
3437,12FDF1E462534A958855E4C0F43B052D,2.340423822402954,2.1903481483459477,3.1092395782470703,3.33712100982666
3439,028687F82CEF4E15B1B596ED0A8BD7A1,5.761561870574951,4.381112098693848,5.32792329788208,5.13047456741333
3440,3E50E5C7826942788933DA580797EAEB,2.6248176097869877,3.957627058029175,3.5144472122192383,4.017399787902832
3441,77E6245293BD46C9AF404714A5325C3C,2.9424848556518555,2.6867926120758057,2.5244643688201904,3.273132801055908
3442,964FF143DC2F455EAFC2BB86EB87F19E,5.460453987121582,4.854670524597168,1.6113314628601074,5.39736270904541
3443,62838902987043DC8C214DA159DA012A,5.5290117263793945,5.670553207397461,5.012339115142822,5.386983871459961
3444,B5AEAD4633F343DDAE27DD35EA73CEE4,3.214316844940185,3.4507434368133545,3.8605973720550537,3.133571147918701
3445,40C2B12BAF114E29AADE0DD4B5F9DEE9,2.4048120975494385,2.821619272232056,3.144864559173584,3.52231502532959
3446,13AEBA33F4AC481480EFDE135AD00B81,3.2329792976379395,2.678109169006348,3.4926154613494877,3.713777780532837
3447,916FC0A5C8A34B31A0E0D8D6E02591B0,5.165563583374023,5.168224334716797,4.296668529510498,4.4332804679870605
3448,CEC7A4B04C6A45F18B8573869B6F8D88,2.773533821105957,3.154258251190185,3.013136625289917,3.585904836654663
3449,97C1A638F5244A6BBE5607072B9BA1F1,2.173651695251465,2.819132804870605,3.5189332962036133,2.466640949249268
3450,67398118ACF140429F4D0D8BBA7EFF7B,5.548320770263672,5.765774726867676,5.726584434509277,5.109090328216553
3451,450BA15B1E9D4B76BC0DCB0D9BF11DAB,2.134582042694092,2.356884002685547,3.009441375732422,2.713705539703369
3452,87444F07543943A2A8CABB5A4BAAF4C7,5.533497333526611,5.614145755767822,5.671003341674805,5.198009967803955
3453,7A90DDC79B354F57AF968AF47FAC3006,2.0765092372894287,2.5822198390960693,2.7156238555908203,2.982511043548584
3454,1C0FC937A2AD40F29F415265BEFD4B60,2.390746831893921,3.0768465995788574,2.773940086364746,2.60044264793396
3455,3BF34FD5578E41868E532FC03DC2D3C6,2.6080901622772217,2.785968065261841,2.9009783267974854,3.3588614463806152
3456,1029ECA6AC464C7AB9C32696E49DC835,5.0886101722717285,5.492945194244385,5.225495338439941,5.372988224029541
3457,3EE7421518B44A5F8EF9940751570B86,2.647426128387451,2.6338109970092773,3.2883098125457764,3.206624746322632
3458,31D4175571A14F4E84BF88D248E92969,5.476721286773682,5.639315605163574,5.693648815155029,5.328970432281494
3459,416EBD8D331F46B39221A4C38A815F35,2.200290441513061,3.305255889892578,3.401524305343628,3.1483559608459477
3460,1B09C78C043F4DDEA71F2D279298A0A8,5.120288848876953,5.715454578399658,5.746841907501221,5.540616989135742
3461,5A9770086BD04D3392F149047113805C,4.248189926147461,3.858976125717163,3.847987174987793,4.488257884979248
3462,076C84CD834A4EC3A5D6ECE1E4C5EFB1,4.315067768096924,5.055020809173584,5.185284614562988,5.148721694946289
3463,236117077413497587AB587EB79F2356,2.3354685306549072,3.0190796852111816,3.065868139266968,3.7465357780456543
3464,619C1DE380C64DC08BEEA5E3E1B5DA05,5.542149066925049,4.859438896179199,5.628664970397949,5.055030822753906
3465,E11B95FC06CF453988BB2D548228184C,2.9157514572143555,2.701084613800049,2.420811653137207,3.4088211059570312
3466,A952A507EDCF4968AE0E868D78C0E2D9,3.0040669441223145,3.3579227924346924,3.1866466999053955,4.006495952606201
3467,C73E0A59673D4DE5BD415556C83B1351,5.829770088195801,5.717322826385498,5.847855091094971,5.18659257888794
3468,7AF5460E1336410498413EC7637774AC,5.724408149719238,5.66547966003418,5.581334590911865,5.36278247833252
3469,9ADB17A7AA144C3382E815FD4DEB6D7A,2.18323278427124,2.94077205657959,2.58323335647583,3.1479203701019287
3470,57904678F35C442D87F9B8D96EF4FF95,2.1867377758026123,3.2453951835632324,2.512122392654419,2.4003376960754395
3472,1911DB1FA0D04991A0DD8EE19AA60F5C,2.001577138900757,2.4287803173065186,2.86003851890564,3.1198647022247314
3473,3D56B864176F49D0AC42E3036A4C98F4,3.931010007858277,5.239687442779541,5.711059093475342,5.572173595428467
3474,9CAB3C84E979458D9AAD1E45477A9219,2.5757997035980225,2.698758363723755,2.8418757915496826,3.202359437942505
3475,3C66CEFE105C420CBDB539B9DCB3843C,2.498909950256348,2.8645682334899902,2.689711332321167,2.70013689994812
3476,8937A50CFD474B4A80410E766E29F094,4.7132649421691895,4.873138427734375,5.238295078277588,5.038089752197266
3477,897E4E7B0E024D858AC5A23AD18B4CB5,5.091698169708252,5.860037326812744,5.450181007385254,5.2900004386901855
3478,A0D00061575B499A8080DBF3CACA6A08,5.775788307189941,4.780044555664063,2.019416093826294,5.200438022613525
3479,E45110DA93C5482DA92B44F3C81BDC76,5.583508014678955,5.530614376068115,5.305030822753906,5.331537246704102
3480,5272D29B1B084E63B81F7CA7D7559977,5.329084396362305,5.2810773849487305,5.697923183441162,5.615871429443359
3481,9D1A0770BA8B4EEDBAFD5FE8BBAABAB3,5.740603923797607,5.69038724899292,5.432008266448975,5.218067646026611
3482,2399C091D54344CEB00EDE97ADEE5D59,5.736494541168213,5.759983062744141,5.770227909088135,5.2046217918396
3483,CF0AA90062C943E991CBAEA9D63F10B8,2.728245735168457,2.4374449253082275,3.0706899166107178,3.853368043899536
3484,,5.531958103179932,5.697509765625,5.785969734191895,4.683163166046143
3485,B336CD14B1614BA3B17FEADD0AD234E2,2.5287957191467285,3.4829254150390625,3.48340106010437,3.5581328868865967
3486,46F47A528A7D40EE9335E5DA0D74B7CF,4.925156593322754,4.987855911254883,5.383779048919678,5.543803691864014
3487,8572A0C72D3545A0A3B982DCA5521469,2.4977972507476807,2.361469984054565,2.6460394859313965,2.218496322631836
3488,C5E774F495294417AD94D9C4611140D3,2.561885356903076,3.3206686973571777,3.3208141326904297,3.1040167808532715
3489,F60D0E39B9B341108C330D7B6A8D6DEF,3.1984188556671143,3.640928030014038,3.3368661403656006,3.5911405086517334
3490,0F07CDB90B904FB79C385106E46337DE,2.593151330947876,2.831099510192871,3.1718227863311768,3.179431200027466
3491,C7890E0F40F94E5EB8602AADAD680BCC,3.429945707321167,3.610575675964356,5.252685546875,4.498449802398682
3492,E46D7A0406C843309BBC7A16E2F896B0,5.3191986083984375,4.95026159286499,5.40830135345459,5.272862434387207
3494,7DD8D339CEE14D6CAE0E9AA89421E55B,2.248463630676269,3.1091442108154297,3.1689162254333496,2.965144634246826
3495,2CFC520F25DE458DAFA94B97813B94C3,4.436662197113037,5.269667625427246,4.766488552093506,4.855316162109375
3496,3DDBCB20A9834E41934460119365B58E,3.84889817237854,2.6976184844970703,2.955008029937744,3.6132972240448
3497,BD7A119AA6294C0DB0768E33E0E4A403,2.5963823795318604,2.836543560028076,3.193082332611084,2.734074115753174
3498,70B5BC8D2C8C4E2DAAD6DA4592444B14,3.860976696014404,5.118832588195801,5.122934341430664,5.157374382019043
3499,CA714E7531B142E0912788F616A2D216,2.2407379150390625,2.622479200363159,2.3802907466888428,2.58856463432312
3500,B8FDA3AE71BA455F9F53DAB94B1AAABA,5.583284854888916,5.613308429718018,5.284468650817871,4.677818775177002
3501,D0F64A9BB3F54C1587E1C926D291C7A0,3.246452808380127,3.127168655395508,3.911707162857056,4.492981433868408
3502,470B1E0E71A3465181D73DDA83E66D55,2.980414867401123,3.1155362129211426,3.447273731231689,3.5807199478149414
3503,919FE9C8241B4D9384F98DCD217F87A7,5.910107135772705,5.527418613433838,5.191174983978272,5.180051803588867
3504,D3041545B120407588C50868ACA7A507,2.06950306892395,2.383917093276977,2.8658769130706787,3.567685604095459
3505,9793A19549594627874E30D4DC00894D,2.4044265747070312,2.7466094493865967,2.673466205596924,3.1762757301330566
3506,510B9A3CEB074E129925438081F5F19F,5.844640731811523,5.639132022857666,5.562626361846924,4.788003444671631
3507,A5286C165E4A423280368BF2A4F20013,2.4708852767944336,2.1374552249908447,2.723848581314087,3.5731890201568604
3508,D503D41A56C747E580B25692E2394C7F,5.534698963165283,5.561701774597168,2.616635322570801,5.447623252868652
3509,CE19814B039849239B22C486C717A9CD,4.692624568939209,5.055153846740723,5.555094242095947,5.268656253814697
3510,4EFF0F01D3F94531835DF155CC8B22DD,5.266445636749268,5.486520767211914,5.51110315322876,5.039581775665283
3511,FD0B7D4C35364A1C9E3BDB41AE469A68,5.475893497467041,5.65180778503418,5.744812965393066,4.911923885345459
3512,CB57E8075D5C4A07A4B3C6FE4A757CB1,2.2257394790649414,2.4512486457824707,3.1114039421081543,2.948298692703247
3513,317733C516464C9D837A0BDA9B4D2710,5.261261940002441,5.54938268661499,5.82046365737915,5.79449987411499
3514,5302B454B6034EC6B5CAF4FDE66B67BA,4.5444655418396,5.469761371612549,5.042778015136719,5.4951348304748535
3515,46C36D77E4B247AE95721BC9779FE422,2.263252258300781,2.7733657360076904,3.5170881748199463,3.382468938827514
3516,AE341C099F464C02A6DDCFAF0C8CAFD7,4.638001918792725,5.378715515136719,4.941701412200928,4.855437278747559
3517,B743D90FAABB4143A26003B83404E3FD,3.295869827270508,3.0177364349365234,3.834567070007324,3.796118497848511
3518,0870B39E7CB348DBB74699311458D574,2.861480951309204,3.298783540725708,2.811028957366944,3.775037050247192
3520,,5.811953067779541,5.770073890686035,5.596024990081787,5.30702018737793
3521,62233F0A7FAD4283BF8CD77F9DC02863,5.040815830230713,4.721474170684815,5.00139045715332,4.978646278381348
3522,80029BBEB5964A6E8F03EA88D86FF2D9,2.618511438369751,3.0117506980896,3.2733383178710938,2.708040952682495
3523,6250F15D5FDD49BAA18ABC80D64307E1,5.824097156524658,5.86519193649292,5.483161449432373,5.500692367553711
3524,2F4A7BBC451C470CB90EB34046F5E4E1,5.817099571228027,5.734189510345459,5.948477268218994,5.373509883880615
3525,B868828BB0BC458F8361F812C1B03950,3.7694859504699703,3.2863686084747314,3.184980630874634,3.99277400970459
3526,FC70D095303B48A580D4AF27415D74D9,2.5684974193573,3.003149032592773,2.5827949047088623,2.62289834022522
3527,62F845DA81FF4D948AEAC0A541012217,4.914875507354736,5.616779327392578,4.360280990600586,4.588392734527588
3528,F860F8EEF9FD447A9E4FC932141E9CEE,5.360805988311768,5.009344577789307,4.238160133361816,4.363722324371338
3529,245C359634154BB4BD502B646AAD3CF4,2.258485078811645,3.09433913230896,2.9451334476470947,2.7672042846679688
3530,758C5184A0E34222A34A4544D7732CD5,2.320054531097412,3.00663423538208,2.949436664581299,2.1699295043945312
3531,18BDFB63C00F45EAAF36A1523167E72A,2.449182271957397,2.8316123485565186,2.796912670135498,3.455157995223999
3532,89D50DCA07A14E67870EC65D9551E1B5,5.011752605438232,5.161040782928467,5.034502029418945,5.404690265655518
3533,1622AF8EE4EE443AA49A981DF47B3F20,3.1262199878692627,2.7683358192443848,2.649827480316162,3.2428791522979736
3534,FA3C13CCC4DD41B7918C5F61EF555CDE,5.278132438659668,5.705142974853516,5.939817905426025,5.43669319152832
3535,58B50B0330FB4CF1999F5BD11ABC0950,3.6934654712677,4.0790228843688965,4.380345821380615,3.327576160430908
3536,C9C2B45B9BAC4E2BB5A728002F2849D7,2.585878372192383,3.749509811401367,3.5386579036712646,3.577104091644287
3537,33E25313BDE249ABABF0C76022012B56,2.980164766311645,3.6471784114837646,3.8842148780822754,4.005278587341309
3538,A1FECAA4554A439384DB3762F624DF38,4.293853759765625,5.607493877410889,5.682680130004883,5.031511306762695
3539,58CBADD914294AB69955A7541368516C,5.24146032333374,5.1610612869262695,5.400101661682129,5.089247226715088
3540,B4CD28CFA95F4F78AF8596820DCEA8C2,5.724155902862549,5.78169059753418,5.8148369789123535,4.979736328125
3541,990B2A5D98AA442DB091C14AD6F1E96E,2.3027400970458984,1.7361164093017578,2.723721742630005,2.904398202896118
3542,77BCB91AD68445499F0FE58BF2616AA4,3.861238956451416,4.55083703994751,4.344387531280518,4.297631740570068
3543,1075DDBB613A424F83ECEC34A276C563,2.7818171977996826,3.5445806980133057,4.095647811889648,2.5380983352661133
3544,7732F490FE5143C1AB9D25403E7537F1,2.5687623023986816,3.006900787353516,2.5431087017059326,3.583338499069214
3545,A38803A9795C439EAB69D019AA84EBE8,3.1442625522613525,2.9959616661071777,3.592201232910156,3.219430923461914
3546,4A83FD8211ED465BA2EF3CD4305340D4,4.776850700378418,5.257599353790283,4.953361988067627,4.907571315765381
3547,F4A8A8F3DA274D4F882C1F84208C1F0B,5.5638427734375,4.971401691436768,1.2312519550323486,5.069912910461426
3548,620A0737096A40D6B0B59EA75BBA3FB1,2.303004264831543,2.468000888824463,3.1572015285491943,3.249701976776123
3549,6F2AD7583EB240299F8BF11D92B30A12,5.803931713104248,5.827155590057373,1.4985270500183103,5.53328800201416
3550,A07E42DEB5924CD3BA76956E4DD9A0FE,2.616501808166504,3.5855302810668945,3.3505501747131348,3.8247551918029785
3551,C91D6A4B446D490A97FEA6B904B2B830,5.908048152923584,5.865133762359619,5.809440612792969,5.28778076171875
3552,B2AE6B6C6C6C448E944D560048796462,4.735513687133789,5.244293212890625,4.902784824371338,4.640977382659912
3553,C72683EDA05644BF8FEE172FFA9A3392,5.507744312286377,5.706915855407715,5.461997032165527,5.16739559173584
3554,4AC2D07456B545ACB8F6D2550AAF4504,2.4319310188293457,3.371178150177002,3.7534501552581783,3.466790676116944
3555,08D772DD15AE4E60B08F007E0ED2A561,2.5284550189971924,2.735491991043091,2.299076557159424,2.769364356994629
3556,DB53125D33AF4794973F98BF23E81EB3,2.7706170082092285,3.457104206085205,2.715597152709961,3.383537769317627
3558,5E10352F316A494EA63ED2AF84C8F206,5.767955780029297,3.8999197483062735,3.962252616882324,4.892792224884033
3559,AC4AEC5569B443E883546DA96F650E5D,2.4126362800598145,2.6501882076263428,2.5615413188934326,3.0362372398376465
3560,779F41AB59084F58A77A2E818CAE8E8F,4.237844944000244,5.384015083312988,4.669773578643799,5.207437992095947
3561,148BCE8EC3FA40E1990F1B7018402078,2.719733953475952,3.297398805618286,3.929245948791504,3.8006556034088135
3562,40D9093DEF654A2BAB0F478B4D929E28,5.398658275604248,5.69996452331543,5.807626247406006,4.931322574615479
3563,D7F49450FE394EF381E3AC83CE62A1E3,4.913682460784912,5.439936637878418,5.476809978485107,5.6461029052734375
3564,EBE9ABEE438845838C78581A2451858E,5.659576416015625,5.63071346282959,3.601678371429444,4.54718542098999
3565,308EA3A6D1B0476B97CA33AB867F3DFD,2.837957859039306,2.8206825256347656,3.349096775054932,2.5438132286071777
3566,D17BAA8C308F4C2790ACA81DBAD83F9D,2.899017095565796,2.278703451156616,3.450862407684326,3.2599008083343506
3567,DA8B15BC54254E0FBD50D7B01A50DBE8,4.290183544158936,5.383777618408203,5.237844467163086,5.4291534423828125
3568,31472ECF54DA43F89EAF30D6759420E8,5.729081630706787,3.600149631500244,1.1222381591796875,5.076771259307861
3569,21C9CCA31AAC4871AF17A99AF86F6B8B,2.3100738525390625,2.275165557861328,3.22335147857666,3.0713295936584477
3570,859637A2BD5949DF95C047186873A69D,4.585851669311523,5.790896415710449,3.798605680465698,4.802672863006592
3571,CA18651398984F8E92B3B55836F8F406,2.324558019638061,2.7064781188964844,3.248831272125244,2.809947967529297
3572,EB7BD15FCFF04945A3274B88DC7673E6,2.30396580696106,3.780861854553223,2.925975799560547,3.438811779022217
3573,6CD36AE80CAC411BAC6609488CAB2F25,5.238245487213135,5.786556243896484,5.232642650604248,5.262653827667236
3574,31013C2B7FF14D1190DB5446856900EE,2.441457748413086,2.791842460632324,2.456664085388184,2.6485583782196045
3576,333E1A6198C24C9999D0FB9EF92BBAF1,2.808617353439331,3.0906789302825928,3.256218194961548,3.3166778087615967
3578,50FF9C3A32B24A50B9782E0B8DFDCDD6,3.774160623550415,4.283041477203369,5.235771179199219,5.160057067871094
3580,C543A1313F974F03B538F3D38573C2CC,2.9188194274902344,2.631382942199707,2.770185947418213,3.4105987548828125
3581,2C840F5C8F454238B2C06276815C9128,2.3998537063598637,3.233903646469116,2.8985018730163574,3.401139736175537
3582,98C9A51E4BF842C78957693EF843F947,5.4754319190979,5.779536724090576,5.4603271484375,5.004030227661133
3583,154EFE492C03495AB7D6D6F9B8017FA4,5.756805419921875,5.852442264556885,5.83683967590332,5.187201023101807
3584,1EB7F52970164AACBC49562BC0DDD1F8,5.203495979309082,5.493016719818115,5.275472640991211,5.343993186950684
3585,790D6B7C59B74510A2B35D4239BB5B9C,3.330919027328491,3.5142476558685303,3.4340198040008545,4.032984256744385
3586,,2.0720407962799072,2.7384729385375977,3.151934862136841,3.383396625518799
3587,17F76C77FFDA4939A5241C48FD944FF7,2.819758415222168,2.791329860687256,3.4235901832580566,2.6904664039611816
3588,01213A8CB5FB46289C06CC398B5FA3CA,2.768447160720825,2.123773097991944,3.0688745975494385,3.4490561485290527
3589,A7011234C0434A788B32678FA03EE316,2.302441120147705,3.0076382160186768,2.2431318759918213,2.77463436126709
3590,A1D4724F178C4CC49F5EF9B628B51F0A,5.284353733062744,3.548407077789306,5.239259243011475,4.750162124633789
3591,26460D000F174ADBAA1112D1FA7795CC,4.302834987640381,5.384700775146484,4.875612735748291,5.043160438537598
3592,1444980EFE8A49AC831BFF95587A2598,5.520662784576416,4.783469200134277,2.50325345993042,5.52177619934082
3593,E185075D55AB4DEBAA9C9D0621EDF80D,1.9663350582122805,2.473546028137207,3.1639726161956787,2.908230781555176
3594,3C378F2716C04C0EB4FD62856B8C2152,2.8804028034210205,2.424246311187744,2.6112096309661865,3.3088746070861816
3595,C1EF808C529B4C3D97D058F86845F561,2.515523195266724,3.866024494171143,2.5654220581054688,3.637926340103149
3596,4B45043408B246788F3CDCB4490EB13B,3.0070366859436035,2.429363250732422,3.5250444412231445,3.613511562347412
3597,6AC50035E0A743AC807F520756570900,5.620271682739258,4.900172233581543,3.651015996932984,4.907095432281494
3598,21F6CDCB97C142B5B2BD10FB787C8CE4,4.472292900085449,4.989292621612549,4.990583419799805,5.431542873382568
3599,3419143C9E9C4AD49DA3356693A6670E,5.128873348236084,5.704715728759766,5.5150532722473145,4.856167316436768
3600,8E77F51F5FAF4544B3D1CB7E19D43424,2.287235975265503,2.679743766784668,2.3730409145355225,3.1464219093322754
3601,06509ABF49A94142B88DC712411A996D,2.225374221801758,3.7668943405151367,2.8445138931274414,3.3891618251800537
3602,861B6EF57A784130BB075C7D607E810E,4.512208938598633,4.754351615905762,4.689441680908203,5.337970733642578
3603,20256F004D8649048966FE9AA4A66BCB,2.4928553104400635,2.6466481685638428,4.907524108886719,4.30359411239624
3604,87B45C75439E40809963DEB00A1275C6,2.3731393814086914,3.296905994415283,3.1785085201263428,3.3087921142578125
3605,,2.306272268295288,2.729100465774536,3.548427104949951,4.14932918548584
3606,587C9E7D042D4F4D892DDBBA1A3E8F38,5.661511421203613,5.036903381347656,4.648466110229492,5.206251621246338
3607,E8B8DD55BECF423AA5FB0CD3A547A315,5.336840629577637,5.543349742889404,5.27240800857544,5.547777652740479
3608,DBF56BEFCAB740E8BF5DFB8A850D1955,2.4732069969177246,3.063133716583252,3.8228237628936768,3.957350015640259
3609,B8805DDF80A84F7593E0D7880D73E6BF,3.09008264541626,3.027658224105835,3.5848259925842285,3.156770706176758
3610,871B28185211428E991355A272E37CC8,2.739718198776245,3.100379943847656,2.9666569232940674,3.429291248321533
3611,50437DB8F9994C248E7B9A7FB7EA4F58,2.392005681991577,2.671089172363281,2.872647523880005,2.6562154293060303
3612,2FF4161DD15D44B089E7DDC376C6AF1D,4.597757339477539,4.937464237213135,5.503139495849609,4.631775856018066
3613,7019748AD07B412A80A2CA8F7B7B9BDD,5.578537940979004,5.604642391204834,5.741177558898926,4.816493034362793
3614,F1BECE3AC7CE4EFF928312170774F376,5.745928287506104,4.988542079925537,5.458395004272461,4.852565765380859
3615,DAA0303EEE2B489E88DB00E18FD5DD41,5.681120872497559,5.794119834899902,5.204278469085693,5.280599594116211
3616,CF3F2F7E8C41471BB488C5D69E652335,2.18843412399292,3.1796886920928955,3.59973669052124,3.212524890899658
3617,F22C3C3E621640E18A0874D44C0478BA,5.36116886138916,5.766932964324951,3.894034385681152,5.10429048538208
3618,24D9BF54E54849D8B1C080FCE29FB5AE,2.7797672748565674,2.5900373458862305,2.736635446548462,3.418040990829468
3619,D4303F1EB53F4A0C9EBA0EA46F4A7C07,2.238778114318848,2.002732038497925,2.931811809539795,2.5792641639709477
3620,A0EADABE119B476082E24737203676BA,5.514425754547119,3.849937915802002,5.53024435043335,4.485672473907471
3621,914F187F790C42F89E3C88F06E401B9D,2.684757709503174,3.0644009113311768,3.3222339153289795,3.9320263862609854
3622,B2A470B2B06140B5A52CA539A5BE53E6,2.28421401977539,2.180556535720825,3.735528230667114,3.661730289459229
3623,88C5DAD75FE14543B266C83E75A5CB17,4.939165592193604,5.4729323387146,5.669694900512695,5.603909969329834
3625,133B9D68F1184746B257752CA3155211,2.632299900054932,2.8975329399108887,3.047690391540528,2.7614784240722656
3626,12208E5C66774C13A615BFA1CB7AABF1,5.608626842498779,5.0250444412231445,5.576630592346191,5.409756660461426
3627,876B8D5D407B459FAC2A20EAE36AEBE3,2.859258890151977,2.852222442626953,3.535598993301392,3.554260015487671
3628,B844585701EF4E6CA3F0CDA6F34C831B,2.582170009613037,3.5940282344818115,3.4747467041015625,4.3316144943237305
3634,BC2CECFA842F43F7A45D76E8C6770F5D,5.168639659881592,5.336852550506592,4.8081560134887695,5.230651378631592
3640,DA23927A44E04612B9C4D5F8CF461677,2.546916007995605,3.263850688934326,3.0155491828918457,3.6423401832580566
3642,60AC34CB88474422A00F2AFD7B957A88,2.4738545417785645,2.699164628982544,2.9807775020599365,3.090104818344116
3643,,2.3256216049194336,3.425778150558472,3.44659423828125,3.883157730102539
3645,DD197B4BE40F4CC7805974AA696988B3,2.357739210128784,2.7508091926574707,3.08992338180542,3.0689172744750977
3646,26F15A9A7C5649CBABA7C2645DE13CC1,2.361473321914673,1.8372353315353396,2.6204278469085693,2.917970657348633
3647,2694D61644CC4EF39E022822E40CDA28,2.204359769821167,2.375730037689209,2.572525978088379,3.320319890975952
3648,0CD5A01591584DE1940F418669198AEB,2.156975507736206,1.9254497289657595,2.8138601779937744,2.7171008586883545
3649,9155D46C12524363AED914942F4ACAF8,2.325578212738037,3.032355785369873,3.0107595920562744,3.2785837650299072
3650,283D0E5EF75F400A8CED1828E7D98EEF,3.312922954559326,2.479691743850708,2.6680233478546143,3.2665154933929443
3651,5286495E57914CDF8544D18C655AB97E,2.587312936782837,2.451186418533325,2.453033447265625,2.734076976776123
3652,F4AF8C1450EC4C48B81B6E2AF8BF78AA,5.667519569396973,4.322855949401856,1.4648048877716064,5.436951637268066
3653,EFEA43BDF59F4A31ABBB65B53B7A4813,5.494696617126465,5.7731709480285645,5.79496431350708,5.086383819580078
3654,F92D146F84D24DFDAE29D743E7CF53C4,5.583580493927002,5.764971256256104,5.608576774597168,5.159684181213379
3655,ECAEFE5A63CA472C8E6CABBEFAC0539D,5.239659786224365,5.531899452209473,5.335690498352051,5.090766429901123
3656,CEA5D23EF5D3486397A69A4C27F1372C,5.868823528289795,5.760605812072754,5.263055801391602,5.528277397155762
3657,60C203D375EB48389212BAA4174EC8C6,5.474933624267578,5.3982768058776855,5.669386863708496,5.214946269989014
3658,8AA4040A673E49829F547EE5B160077F,4.606541633605957,4.8304057121276855,4.56235408782959,4.958708763122559
3659,2A4B6E3B4F2C444B8428EA05DE1E0F13,2.415524482727051,3.141916990280152,3.0085108280181885,3.4092960357666016
3660,0E61CE23A6B14B9C9C3521FFEA15B30B,2.2161030769348145,2.313225507736206,3.1409709453582764,2.63220763206482
3661,DFAEEAECF8A24B5FBD5D0E66628F3BFE,5.550613880157471,5.694055080413818,5.629696846008301,5.056940078735352
3662,8E2B36541F3F49B685EF7800E5FD72A6,2.377325773239136,2.3159878253936768,2.169778347015381,2.235204696655273
3663,C47AFFCD72EB4F5E954A1A6E3FC13EF4,3.367326021194458,2.6713662147521973,3.000272512435913,3.1924774646759038
3664,265ACBC5B3CC4837A3681DDF4BAAA417,5.829891681671143,5.5447187423706055,3.770338296890259,5.401137828826904
3665,1B7CB68BEA6643B4B5C93CAAC59B1B85,4.636344909667969,5.2378668785095215,5.669425487518311,5.570411205291748
3666,19BD49C073C342FFB0E47561FD0A0482,2.846409797668457,2.1603567600250244,2.858120918273926,2.730689525604248
3667,119ED95CC62A49DD9EEF4B30FB69BD8D,4.423352718353272,5.00832462310791,4.920083045959473,3.775612831115722
3668,8B85D85019814852A1C0C835B4D74E1D,5.40474271774292,5.530958652496338,3.152310848236084,5.283840656280518
3669,CDC0E75C0E514FD5B110D746817C75BF,4.254662990570068,4.808298587799072,5.383235454559326,5.291454315185547
3670,09804C26E1FD4C718AE81F0720A2B530,2.374098539352417,3.06030797958374,2.921603202819824,3.114434242248535
3671,07523332618D4AE4AE94908E956B8799,3.0501766204833984,3.7537741661071777,3.898585796356201,4.618679046630859
3672,3E32D8CAC622481EB523C2959705CF98,2.159128904342652,2.0300498008728027,2.409576892852783,2.9325859546661377
3673,694B5519160E4D26A573394150D009FF,5.100181579589844,5.037784099578857,4.197754383087158,4.200109004974365
3675,F8E7ACCA8A1645CEA240D557AEB2B91A,2.3024532794952397,2.8519482612609863,3.588801383972168,3.0555477142333984
3676,42DB303C9E2D49AF9A4AB37C9D071D72,5.811788558959961,5.01226806640625,5.50270414352417,5.3512043952941895
3677,D5B1375C55A441679C5159C6DA282764,3.0043716430664062,2.7765085697174072,2.706206798553467,3.517442464828491
3678,99997F91ABA741E9B493AF5A3DD37848,4.537014484405518,4.527006149291992,5.3992695808410645,5.329987525939941
3679,1FD76243C2D94C58ADD0958ECB3528B6,5.2356791496276855,4.234310150146484,3.399737596511841,4.512938499450684
3680,A8DDFBC902C44A9A97185F4CA92AEA97,2.543663024902344,2.530325174331665,2.7841172218322754,3.6308481693267822
3681,383C7EE3C63F44078853C82DFB0D6961,4.595727920532227,5.352557182312012,4.818327903747559,5.378788471221924
3682,2375A8B7037348EA9C2E0FE4A0DF2D13,2.687394142150879,2.659205913543701,3.7514970302581783,3.0778303146362305
3683,45D9B639509C4A72847A2C8D33D67C28,5.497793197631836,5.398237705230713,4.454782009124756,5.3006086349487305
3684,71D57D56F66E42F0949C437CB99AD11B,2.9493532180786133,3.9573798179626474,3.232151508331299,5.054872989654541
3685,C4025EA173924B26BB57571322BFAED2,5.928939342498779,5.80718994140625,5.873076438903809,5.664781093597412
3686,7C73BCCB934B41D2946600A2B090746F,2.033808708190918,2.518533706665039,2.773606300354004,2.276179790496826
3687,228AD4EB2EC34E60B1DD82F45D064D89,2.687302350997925,2.0368571281433105,2.620289087295532,3.1924712657928467
3689,,5.456205368041992,5.4402923583984375,5.938119888305664,5.429656028747559
3690,304C7A9E8DFF4BE5AFA2E60C12656A92,5.008656978607178,5.191891193389893,4.734269142150879,5.3596391677856445
3691,92F62DB35FF64DCB9F388C09166ED991,3.0678088665008545,2.951904296875,2.8811678886413574,2.671072006225586
3692,5186041E1D054D4D8C9A1A1285726503,4.2424635887146,3.824068307876587,4.40713357925415,5.503933429718018
3693,F26254CB8C7449E0A8B73AF039C6A9A7,4.237359523773193,4.305262565612793,4.6251726150512695,4.997797966003418
3694,009E19CE60A84CC58886E3452627ECA3,2.1721532344818115,3.005634069442749,2.5562498569488525,3.0220701694488525
3695,2D757E24E13D4F6D8D57D07ED1691D62,2.4125750064849854,3.1296586990356445,2.89000940322876,3.2744009494781494
3696,E314B2F0B676428D9122CDC8E2B779D2,3.0129735469818115,3.6496734619140634,3.283729076385498,3.2742180824279785
3697,4ACBE97E1B1F40438FE941A3E07F69B4,2.99160385131836,2.7636492252349854,3.153752326965332,3.4167628288269043
3700,7F56950105CA4C559B99DE3F2B763042,4.61481523513794,5.566267013549805,5.042810916900635,4.764285564422607
3701,752FEA28B48E400F8DFF38CD6CE0A745,5.284686088562012,5.477606773376465,5.690046310424805,5.212058544158936
3702,F3D7196BDE93420FA3A5270617987A3E,2.5072367191314697,2.545727491378784,2.935570001602173,3.000014305114746
3703,E0DDCDD4DC6248318AADE062CC508C75,2.794964551925659,3.0331625938415527,3.24682879447937,3.3904147148132324
3704,40FF357561C14DD09CEFEB444508494F,3.096709489822388,3.39171838760376,3.1184535026550293,4.127175331115723
3705,1E9A55586B3A4A0C9F0703FEA6794BF1,2.4432709217071533,2.5017430782318115,3.2742602825164795,2.5288736820220947
3706,1A4C62E92A2448428B1731CF7DF4BFE2,2.2003321647644043,2.8729190826416016,3.843254804611206,3.755936622619629
3707,8B61FD56109B40EFB471E8AADAC113E1,5.04492712020874,5.281394958496094,5.6817145347595215,5.164714813232422
3709,842580F894184DE589555936CF12CECC,2.0736660957336426,2.8130202293396,3.139252185821533,2.074578285217285
3710,102038E6AD664BA19B007CCF1A8DAA42,3.3173704147338867,3.1137142181396484,3.059576749801636,3.855070590972901
3711,2E3910CC28D64BA7B6FC5E0A5F2D855C,5.7651047706604,5.63361930847168,5.660738945007324,5.494430541992188
3712,7FCEF4E59A044EC0BC86B345874DD0EF,2.5097908973693848,2.441058874130249,3.2299158573150635,3.362299680709839
3713,2D11EC67D4394968BD2866567D1E1665,2.205124616622925,3.0656442642211914,2.871596574783325,2.413856029510498
3714,493C103ED0EA458194763D5345BDECA5,4.159072399139404,4.715892791748047,4.827203273773193,5.6537065505981445
3715,B5DDA814AAA24F87924B5E6ABA505559,2.2085282802581787,2.9146857261657715,3.3111352920532227,2.884638786315918
3716,D114B08DC6C847CFA1C3C15354741922,3.1134684085845947,2.4131383895874023,2.3969099521636963,2.785944938659668
3717,428AED8545FE43FB96EEA5C95FFC58F3,4.289799213409424,5.245391368865967,4.17313289642334,4.653207302093506
3718,DDEC20BA81D14FBD858F86A41DBA6677,4.5020365715026855,5.421626567840576,5.211164474487305,5.216671943664551
3719,D66AA203C284482AA2AA1CEADDA1E262,2.705873966217041,2.8627874851226807,2.859963178634644,3.5194995403289795
3720,4C00C79AFBD9475CB9874331F930B885,2.307455539703369,2.732029914855957,2.1818110942840576,2.133599281311035
3721,349CB3DD67FE4620B8BECBC33C18168A,2.249427080154419,3.1185238361358643,1.5759012699127195,2.6966583728790283
3722,F09E533432324D7184942F597E78B1A6,2.1411304473876958,3.0302982330322266,2.6612749099731445,3.216209650039673
3723,559ADD94540E415FB281B0D7A3C90D95,5.476065635681152,5.745817184448242,5.432689189910889,5.262936592102051
3724,1BFF69F28F7F4C709EE308272FFCD1D2,2.9604387283325195,3.40673828125,2.9732987880706787,3.098815679550171
3725,E4CD53AB7FF14CD0BF15037B148FCF2E,5.789596557617188,5.863256931304932,5.840120792388916,5.518130779266357
3726,E699138A3F8D438F96AE27E8AA338EFC,4.820439338684082,1.5839126110076904,4.26594877243042,4.228529930114746
3727,7EFB4289A56543A29359E1AD1AB42A43,2.1583285331726074,2.264803886413574,3.72574782371521,2.589754819869995
3728,9C2F139BFFB54695BF441277B44E7CCD,1.624378323554993,2.533430337905884,2.002150058746338,2.374850988388061
3729,9E8DA7C17F754DDEB8CC0DF44FDE1BC2,5.12791633605957,5.122875213623047,4.702664375305176,5.349617958068848
3730,C235ED113BD64E61902BCB6C64EAF227,2.735853910446167,2.7050225734710693,2.704373598098755,2.8812503814697266
3731,6C0C2D972CDC47CCB7E9024020805612,5.719662189483643,5.845058917999268,5.745022773742676,5.761961936950684
3732,2D796EA5F153478DA6A34507C8BD6359,2.6568644046783447,2.871150493621826,3.122421979904175,3.507683277130127
3734,210D1EED4E4C46D3AA7FCED923C8915C,2.283640146255493,2.41379714012146,3.947882890701294,2.807666301727295
3735,66E02539431047E69A626B7857AE9373,5.194226741790772,5.439802169799805,5.718352317810059,5.6331329345703125
3736,1F4ECB6161634395999286C322FE5403,3.0011467933654785,3.374873399734497,3.108205556869507,3.898540496826172
3737,67E224E99D9649D79BF4C794DC7AFD69,5.834000110626221,4.840036869049072,5.583155632019043,5.588843822479248
3738,8A403239C134401A9089337312DDD1B5,4.00657320022583,3.942698240280152,4.228040218353272,4.906101703643799
3739,0EC1C521BD1E4691A9C420227F7C4EE9,5.804533958435059,5.628031730651856,5.607353210449219,5.455533504486084
3740,1510AEE74370491D94A79DB96D23E1DB,5.363006114959717,5.642392158508301,5.607922554016113,5.317909240722656
3741,4E9719B335AA437785CEDCA98B4E6B89,3.000663042068481,3.070472002029419,3.639725923538208,3.796459913253784
3742,2A9426322C3440179E27437CC2A57230,2.2168805599212646,2.644524097442627,3.3256843090057373,1.964778542518616
3743,2556121BB0594459A07F9F8E0D667AAF,5.584504127502441,5.416799068450928,5.840981960296631,4.889032363891602
3744,6C1964B0357642AD8167B7329869BDF4,2.7816920280456543,2.2788240909576416,2.713187456130981,2.877317190170288
3745,89015D1C190949B5BC0A906A82C4339C,5.745555877685547,5.843259334564209,5.730325698852539,5.713963031768799
3746,DB9B72D84D25425B8068316FC7B75074,5.025784492492676,3.4045233726501465,3.8576624393463135,4.3992533683776855
3747,1B7B6C6E48844439A675140EDBC81584,4.961566925048828,5.428711414337158,5.287170886993408,4.803752422332764
3748,7BB86815EBEF42B687C966E416C3FF0F,3.055990695953369,3.449307918548584,3.213329792022705,3.99428653717041
3749,2B43F85CC64742DA96D17FD7F6146960,5.761285305023193,5.117483615875244,5.32063102722168,5.029113292694092
3751,E34E2DEE098B4170986DBCBF7C5BF11B,2.8396451473236084,4.22720193862915,3.522893190383911,3.6637566089630127
3752,10A70B237567432D9F0E2E1D1ED32A88,2.621811628341675,3.0347607135772705,3.4707930088043213,3.912682056427002
3753,DD0E1ABDE0FC4F9399330FE0A5480D44,2.0347867012023926,2.4115936756134038,2.241461515426636,2.391103744506836
3755,DD36DF646EB541EF81A788A422263A5F,5.7783403396606445,5.849256992340088,4.93342399597168,5.217166900634766
3756,B2E5FF75A2FA46979E78ACDC2F81BD5C,4.658308506011963,5.314759254455566,5.282674789428711,5.034917831420898
3757,FC6B6A15681642238D14BEEB186A85C9,5.284989833831787,5.730770111083984,5.79335355758667,4.941372871398926
3758,3C07AD5EA91D453AAFFA3FD5EA7F29A4,4.907942771911621,5.496907234191895,5.583586692810059,5.396671772003174
3759,5107E57FBE044634894FC48D6976929B,5.0642619132995605,5.582127571105957,5.783483028411865,4.856788635253906
3761,BDA2E926245B4436BFB7A61B24F9C03D,2.5189454555511475,2.868649482727051,2.985389232635498,3.2969870567321777
3762,3E9DF4206EA54FD29F871E8191E0C246,4.977280616760254,3.473621368408203,1.2695894241333008,4.235169410705566
3763,8C3737BAA63F48848DD24941744545E3,5.416839599609375,5.600344657897949,5.542092323303223,5.314520835876465
3764,6DA6EDC1BEC94DAF8A827B6A535E48C3,4.442005157470703,4.912993907928467,4.814237594604492,5.173703193664551
3765,A10335AD5A3C41508EF24FB1D4D84675,2.1082472801208496,3.0538101196289062,3.1950814723968506,3.5037176609039307
3766,51B3ACC8512545A2B92CF7B68019D07C,5.089992523193359,5.555350303649902,5.885723114013672,5.18809175491333
3767,3223A70D6452436B8E9A93E108DE8D9F,5.362379550933838,5.717278003692627,5.496209144592285,5.36185884475708
3769,4C26EFE5EE424805AEE621D2251901E8,5.847471237182617,5.213201999664307,5.84611701965332,5.567032337188721
3770,5E396C32E0B2479F8AD04A4D1AFF1EBB,2.53208065032959,2.717313528060913,3.3743669986724854,2.943085193634033
3771,BB71710586F9462896B603DBAB550C9A,2.280454635620117,2.48892593383789,2.990452527999878,2.829765796661377
3772,D05C94D5349B4148970761B054B75D25,5.6494669914245605,5.170022010803223,5.687691688537598,4.902299404144287
3773,45F5D522D647460289600266DDAC8D28,3.029599189758301,2.738189220428467,2.7252140045166016,3.4169039726257324
3775,EA65E99B5F6B47E6BA89F90175657239,5.398608684539795,5.4933390617370605,4.922486305236816,4.94030237197876
3776,6B33C48D993643C3B55C8900306D52EE,3.0767977237701416,3.353538990020752,3.329329490661621,3.8657517433166495
3777,CC05864F5E1D4854AE8C7E483859CD9C,2.341603994369507,2.5445237159729004,2.878608703613281,3.045254230499268
3778,2AC8345B47624637BDA56940A573B1B2,2.3729352951049805,2.5705525875091557,2.530999183654785,2.326385498046875
3779,49C579EB4B8043EC997462A12A70456B,2.3729543685913086,3.112025022506714,3.663529872894287,3.90969443321228
3780,9089405D45634C35A798EC274EA35117,5.404046535491943,5.383553981781006,2.752932071685791,5.411733627319336
3781,14D1A1FFF46D470998BAC099F6C7F53A,5.616330146789551,5.779847145080566,4.92225980758667,5.191170692443848
3782,3C095471AA20461487959DEC036918C1,2.205986738204956,2.335844039916992,2.9711837768554688,3.595761775970459
3783,CDE61040F59C4A269B8A7A5DFBE1EB4A,2.3294217586517334,2.09244441986084,3.207171678543091,2.596436023712158
3784,0E0EA61A1F324F61BC7BE508D0BF50FF,2.833870649337769,3.168295383453369,3.13293719291687,3.21506404876709
3785,3E3FB707C0C94C58BED6B18DCCFF0126,2.564685106277466,2.764826536178589,2.223733901977539,3.0326266288757324
3786,3C4E54A8D6404DDE99ABA847973B0413,5.05190372467041,5.194912910461426,5.500417232513428,5.160838603973389
3788,A86DFFC9F2DA49D8B9A11D006A9769CD,2.9625203609466557,3.3623006343841557,3.0996453762054443,4.079028606414795
3789,32FC87F1C127480BA90BCC9764065560,4.140882968902588,5.413330078125,5.584112644195557,5.696699142456055
3791,6F4AA7F9EBF749D7BF17D3EA6C77C058,2.4679973125457764,2.8455498218536377,2.3591179847717285,3.0278007984161377
3792,,2.244166135787964,2.451390266418457,2.6319379806518555,3.1990983486175537
3793,C7FFD6281C83492895706C05233EDBA9,5.077524662017822,2.6044797897338867,1.6521776914596558,4.246839046478272
3794,5B51EAECAB8B406A8941D129A9A3C927,5.5838117599487305,5.629514217376709,5.672630310058594,5.681089878082275
3795,4C1016F522E84008836FCFF44D7D0706,4.57108736038208,5.125284194946289,5.335675239562988,5.391886234283447
3796,ADBAF10BE4E74FCDA537EC45C852C0FA,5.822502613067627,5.742560863494873,5.563416957855225,5.179105281829834
3797,4A2B176F53F54FCB9F08B60B74337249,4.417307376861572,5.091104030609131,5.237828731536865,5.649799346923828
3798,E6D26C9640374A12ABE707D16B3E9A9D,2.2796099185943604,2.9793646335601807,2.416003942489624,2.846458911895752
3799,5FA8CD03C938437EA3E2AD01A3F29BBE,4.307517528533936,5.41469669342041,5.203487873077393,5.1549153327941895
3800,B78CC999DC4142FDB88FE71548108249,5.724161148071289,1.3455299139022827,5.2801594734191895,4.7730913162231445
3802,406F110720FF464F93F622B32DE17059,2.629408836364746,3.605459213256836,3.2073652744293213,3.845966100692749
3803,9664957502D74D3C8F6E6D05FBD2BC06,2.6657862663269043,2.462038278579712,2.9572553634643555,2.278932809829712
3804,04DF83926B134CB2B56BC3F0BE97C362,5.665010452270508,5.363516330718994,4.111166954040527,4.791720867156982
3805,,5.332404613494873,5.689969539642334,5.364752292633057,5.091738224029541
3806,35C1513C56B0434C950E7DF6D3E95155,2.728566884994507,3.2896616458892822,3.5297467708587646,3.9669814109802246
3807,9DFA60556874420E81269F1CC7A4C5CF,3.030460834503174,2.751854181289673,3.4152462482452397,3.532543182373047
3808,,2.0703413486480717,2.0675692558288574,3.750650644302368,3.246042251586914
3814,BE367DC8AF41463CA9B26F5A66E1EDBB,2.221508502960205,3.544290781021118,3.805593967437744,3.308767318725586
3815,CBBA737259544BB6B23A73CCCC89C9EC,4.976080417633057,5.530058860778809,5.681902885437012,5.560698509216309
3816,58DD65121C374200A154C289BBF63F28,4.766374588012695,5.599247455596924,5.473881721496582,5.540627956390381
3817,E41D768DE826492299641D74D0561E69,2.773848533630371,3.2197370529174805,2.675132751464844,3.1724066734313965
3818,1C5CBBB511BA4A83A0323685B6060134,4.108636856079102,4.97745943069458,5.630540370941162,5.384012699127197
3819,BDBAD19C1D554FF89B98880AAEFFADE1,2.684884548187256,2.909365653991699,2.55083441734314,3.27177357673645
3820,BF0E03586DA94B2BBAD10C152C0BCF26,3.2355332374572754,4.401113510131836,3.5998003482818604,4.538625717163086
3821,CACDC745E32A4BF7B042331A3D00C169,5.777997970581055,5.701992511749268,5.672690391540527,5.410219669342041
3822,48336A322C2247CBA0D3135FC778C18E,5.360876560211182,5.026464939117432,5.7179388999938965,5.381401538848877
3823,5D3A4AAB248348429C55A20265D43827,2.9185986518859863,3.115239143371582,3.868650197982788,3.5093929767608643
3824,6CAEF717239142108107415DFEE0EBD5,5.476691722869873,5.458337306976318,5.30850887298584,5.037815570831299
3825,3DBFA90FC38D4A6F8701C3378F0197A1,2.2414674758911133,2.3213465213775635,2.8319733142852783,2.837788343429565
3826,F6A5CC9CE1144CE290E5CD64D66E25C0,5.528734683990479,5.737145900726318,5.807355880737305,4.807048320770264
3828,0757A9D63C96435C824DC8220C4E5D8A,5.709959030151367,3.21870756149292,3.817744016647339,5.005093097686768
3830,C2BC227785584B28A2C0402968CAA8D5,2.899080276489258,2.956993103027344,2.9147837162017822,3.2171761989593506
3831,8FE63FB63C3340349463FAD18CAE744C,5.717599391937256,5.751620292663574,5.500255584716797,5.363224506378174
3832,7B2040D68A1B4EE4B57DC26B085D18BC,3.449223518371582,2.939720869064331,3.487157106399536,3.552539587020874
3833,38EDB7F181B7485385165F8DA3C10BA3,2.107250213623047,2.921339750289917,3.671398639678955,3.2964107990264893
3834,64C5041807494478A37578E871AB2D33,2.339792490005493,2.8533506393432617,2.701100349426269,3.1934759616851807
3835,7865892A55664F90AB4129B808674C3E,2.3585593700408936,3.182751417160034,3.2848455905914307,3.938413858413696
3836,738C47B8F8254C7B80D9362DD68F28BE,5.584300518035889,5.788617134094238,5.505786418914795,5.5090436935424805
3837,D837E86223B945B4BCD2231B1F45B46B,4.1312761306762695,4.826107501983643,5.077648639678955,5.314662933349609
3838,A95A6C75408745EF9A791DE0B891EAAB,5.709018707275391,5.820128440856934,5.83566951751709,4.822880268096924
3839,2E80B6D3ABAF479386EBFD380A4D91A8,2.558947324752808,2.5638718605041504,3.286432266235352,3.0188920497894287
3840,CD9645282FB34D74A546BF1ECA088B65,2.1373720169067383,2.973507165908813,3.2726831436157227,3.252781391143799
3841,22FDF876E0614ADB874D9E1B3849F1DB,5.292877197265625,5.451714515686035,5.339771270751953,5.172114849090576
3842,834ECBEB7AFF41189796C74923E0ACD2,5.588348865509033,5.715654850006104,5.702581882476807,5.028359413146973
3843,61DAAD6DCB9F4DAE81467FD77DA9BD5D,2.498913288116455,2.990895748138428,3.9510676860809326,3.5408451557159424
3844,666A2ACFFAEC4ECDB200606943A9541E,2.349022150039673,3.095804452896118,3.2286179065704346,3.041419982910156
3845,9CDF3E29CEA34D59B9CE51019012290E,5.573913097381592,5.719187736511231,4.877594470977783,5.216437816619873
3846,A08025C77901459F8AFAF4AEED5F5F2D,5.822549343109131,3.989698648452759,4.278424739837647,5.31565523147583
3847,AD226C2798EB4FCDAED8538D18EABFDF,5.496967792510986,5.374567985534668,5.452979564666748,5.313356876373291
3848,4C5ADFF2AA634A06940CA88E0E2A20A6,2.0376105308532715,2.6750025749206543,3.489098072052002,3.3617055416107178
3849,6AF45FDE2BF24C7B95EB1695F5093FE4,2.96147894859314,3.264070987701416,3.565882921218872,3.3044309616088867
3850,EC249D2C98D5481E989BB0D86BDA1208,5.6160101890563965,5.817717552185059,5.459070682525635,5.170632839202881
3851,8C50D48C53B84686AF33D632882CF835,3.97932767868042,3.876331329345703,4.728948593139648,5.207066059112549
3852,03100B51E0A340A28BD082EC8DDFF55B,4.697265625,4.367494106292725,3.827392339706421,4.88490629196167
3853,D9918EF1B15847D78FE0DC0AE5F6F82D,2.3809919357299805,3.5879313945770264,3.9153263568878174,4.0149688720703125
3854,0B9B71C0901D47FBB1974026ED2F1BC6,3.141813039779663,3.726472139358521,3.377490282058716,3.43552565574646
3855,B8334F2304A9454690F324F82C9040C4,5.717471122741699,5.651690006256104,5.402863502502441,4.9033684730529785
3856,F6A69F4382DE43568D403D4EA7B29D6E,3.0729002952575684,2.698049783706665,2.68389892578125,2.76819396018982
3857,E06BEE71A8B747FDA8C95E9BE38B12E0,3.1720223426818848,2.382925748825073,3.676900625228882,3.879962921142578
3858,3B522CD07C73445F8FBA3040C5B9554E,5.245162487030029,5.47767972946167,5.514047622680664,4.8524274826049805
3859,,5.874493598937988,5.830437183380127,5.815201282501221,5.53724479675293
3860,456EEBDDA1AC404E80F09C7B2EEDB9FE,5.84678316116333,4.138090133666992,1.181485891342163,5.615114212036133
3861,06ED1FEBF57E493C80B40755183A5FCB,2.588033676147461,3.365509271621704,3.170236587524414,2.944897174835205
3862,5603DCB468FC4F1BBC6F2B4F99515839,2.3671114444732666,3.735557794570923,2.633906364440918,2.972334384918213
3863,1E70D3F0E0954332B526665F271E3BAB,4.879960536956787,5.200673580169678,5.530874252319336,5.491406440734863
3864,8D8E1FD227734441804B364B890AF2D1,2.268455982208252,2.691828966140747,3.159555435180664,2.719856977462769
3865,6D51588A2EC04D0895E2993244FD4D00,5.020929336547852,5.001267433166504,5.512808322906494,5.11452054977417
3866,74CAA53579864D3898D49E79D17653F9,2.333709955215454,3.5020461082458496,2.6086585521698,2.5991930961608887
3867,EFC945DEE7124AEBB5DA95ED35A3995A,2.6695687770843506,2.816741466522217,3.36869215965271,3.915879726409912
3868,3B8E13AA899A4546869DD1D138274905,2.238638639450073,2.7110836505889893,2.5464584827423096,2.61771821975708
3869,A80E7F8729564439A23AFBA87F8A6B40,4.041293144226074,3.864206552505493,3.949215888977051,4.744344234466553
3870,4E317D749BB0446E8A9CC325B2879944,5.466726779937744,5.800124168395996,5.597702026367188,4.932727813720703
3871,8117482C54D94A93B4E748DDBB5D663E,5.410323619842529,5.582228660583496,5.437931537628174,4.883931636810303
3872,DDF173F493F84AE09EAA9EBB07578542,2.790321350097656,3.8259758949279785,3.082892894744873,4.324888229370117
3878,7DC4E84653E444FAB9130D62BB3B9255,2.429114580154419,3.311198472976685,3.8628668785095215,2.777285099029541
3879,7651AFDEC4D84E3B9EF919AB8DD5CFD1,2.3182718753814697,2.612851142883301,2.820507764816284,3.237301826477051
3889,809954BC16D64EC3A8C3EC13641FBB55,2.0736536979675293,2.303922414779663,3.3826239109039307,1.7211766242980957
3895,4D3C479FD6C2431C933E7BB3C0B2DDFB,2.878450632095337,3.263850450515747,3.410046339035034,3.29701566696167
3903,996C4A7B6A094FC8B011AACB2E2DA505,1.4446797370910645,3.956702947616577,4.262801647186279,4.3886566162109375
3914,7EB40609164C424A8021A1F7B031E281,5.647263050079346,,,5.647263050079346
3915,9BA21584E852433B84023184E3D937F6,5.468327522277832,,,5.468308925628662
3922,14DC7F13EFEA4D6C953D4F121C2D9132,1.0050595998764038,,,1.0050595998764038
3929,AAC5E12541F9486EA632EC7D69A938EE,5.363000392913818,,,5.363000392913818
3938,6E8C69482D2F4383969186F6D7139B31,2.226648092269897,,,2.2627882957458496
3941,2E85E72AD65E4833B0AA4DB58AA2D9BC,4.526766777038574,,,4.526766777038574
3945,,5.758694648742676,5.545982360839844,1.7612742185592651,5.003427982330322
3946,785E5BACBCDA41879A9782865D0C9B93,4.464131832122803,4.286285877227783,4.001807689666748,4.73957633972168
3947,6E8BAEB18AB14989AFC78C3D9A8CD2B5,5.678823471069336,4.651406764984131,5.381098747253418,4.850003719329834
3948,EC645E7F80C242CBA5232FAC323E4571,5.601287364959717,3.134739875793457,5.229696750640869,5.20033073425293
3949,8FFD8A377311493BB0085175099606BB,5.651622295379639,4.969235420227051,5.609167098999023,4.81533145904541
3950,D41CB348E50F40EB969B97D565451026,5.45913028717041,5.703977108001709,4.708954334259033,5.509994983673096
3951,EEC1B671FC4C4C4BBA59C4C618C1CEB0,5.610018253326416,3.02555513381958,1.8441009521484373,4.951994895935059
3952,1FD74281BB4C493197941F7A59EF21F7,2.387932538986206,3.030019044876098,3.212883472442627,2.96213960647583
3953,31244268C4AC40E8881BBACD6157C8E8,5.529253959655762,5.451634883880615,5.466796398162842,5.306265830993652
3954,25F71B7E7775470FB337FF448B9AC304,3.1319353580474854,3.1262190341949463,2.6275839805603027,2.2898240089416504
3955,F849868C696F4EFF8D1B6893343715E4,5.882584095001221,5.75822639465332,5.103680610656738,5.336552619934082
3956,1C0A5F63DFD849ADB3C15383741B09E8,4.034316062927246,4.831022262573242,5.211236476898193,5.153985977172852
3957,5E2B9F78CC234959823388FE0E7378F0,2.7536959648132324,3.5013680458068848,2.473503351211548,3.475032091140747
3958,080C25F037B24973B21CDB7E76851B09,5.760639667510986,5.757076263427734,5.718097686767578,5.419405937194824
3959,97C1A638F5244A6BBE5607072B9BA1F1,2.173720598220825,2.8039474487304688,3.5189332962036133,2.466640949249268
3960,67398118ACF140429F4D0D8BBA7EFF7B,5.548320770263672,5.765774726867676,5.726584434509277,5.109090328216553
3961,87444F07543943A2A8CABB5A4BAAF4C7,5.533497333526611,5.5811920166015625,5.671003341674805,5.198009967803955
3962,2399C091D54344CEB00EDE97ADEE5D59,5.736494541168213,5.759983062744141,5.770227909088135,5.2046217918396
3963,46F47A528A7D40EE9335E5DA0D74B7CF,4.925156593322754,4.987855911254883,5.383779048919678,5.514989376068115
3964,F860F8EEF9FD447A9E4FC932141E9CEE,5.360805988311768,5.009344577789307,4.238160133361816,4.363722324371338
3965,4A83FD8211ED465BA2EF3CD4305340D4,4.776850700378418,5.257599353790283,4.958718299865723,4.907543659210205
3966,C72683EDA05644BF8FEE172FFA9A3392,5.507744312286377,5.706915855407715,5.461997032165527,5.16739559173584
3967,40D9093DEF654A2BAB0F478B4D929E28,5.398658275604248,5.69996452331543,5.807626247406006,4.931322574615479
3968,31472ECF54DA43F89EAF30D6759420E8,5.729081630706787,3.600149631500244,1.1222381591796875,5.076771259307861
3969,C543A1313F974F03B538F3D38573C2CC,2.9159412384033203,2.6192381381988525,2.770185947418213,3.4105987548828125
3970,154EFE492C03495AB7D6D6F9B8017FA4,5.757343292236328,5.852442264556885,5.83683967590332,5.187201023101807
3971,3419143C9E9C4AD49DA3356693A6670E,5.128873348236084,5.704715728759766,5.5150532722473145,4.856167316436768
3972,20256F004D8649048966FE9AA4A66BCB,2.4881393909454346,2.646647930145264,4.907524108886719,4.30359411239624
3973,F1BECE3AC7CE4EFF928312170774F376,5.745166301727295,4.988542079925537,5.458395004272461,4.852565765380859
3974,F22C3C3E621640E18A0874D44C0478BA,5.377650737762451,5.789666652679443,3.894034385681152,5.10429048538208
3975,DA23927A44E04612B9C4D5F8CF461677,2.546916007995605,3.274582862854004,3.0175929069519043,3.6423401832580566
3976,EFEA43BDF59F4A31ABBB65B53B7A4813,5.494696617126465,5.776173114776611,5.81229305267334,5.086383819580078
3977,CEA5D23EF5D3486397A69A4C27F1372C,5.857424736022949,5.760605812072754,5.22527551651001,5.528277397155762
3978,8B85D85019814852A1C0C835B4D74E1D,5.40474271774292,5.530958652496338,3.152310848236084,5.283840656280518
3979,42DB303C9E2D49AF9A4AB37C9D071D72,5.795248508453369,5.01226806640625,5.472864627838135,5.3512043952941895
3980,2375A8B7037348EA9C2E0FE4A0DF2D13,2.6728274822235107,2.659816265106201,3.7514970302581783,3.0778303146362305
3981,,5.456205368041992,5.4402923583984375,5.938119888305664,5.429656028747559
3982,4ACBE97E1B1F40438FE941A3E07F69B4,2.9916343688964844,2.789412260055542,3.1312413215637207,3.4167628288269043
3983,F3D7196BDE93420FA3A5270617987A3E,2.5072367191314697,2.545727491378784,2.935570001602173,3.000014305114746
3984,D114B08DC6C847CFA1C3C15354741922,3.112512588500977,2.4131383895874023,2.3969099521636963,2.785944938659668
3985,4C00C79AFBD9475CB9874331F930B885,2.266047477722168,2.745314359664917,2.1818110942840576,2.133599281311035
3986,6C0C2D972CDC47CCB7E9024020805612,5.71953010559082,5.845058917999268,5.745022773742676,5.761961936950684
3987,67E224E99D9649D79BF4C794DC7AFD69,5.834000110626221,4.840036869049072,5.58316707611084,5.588843822479248
3988,8A403239C134401A9089337312DDD1B5,3.9819140434265137,3.942699909210205,4.228040218353272,4.906101703643799
3989,DB9B72D84D25425B8068316FC7B75074,5.025784492492676,3.4045233726501465,3.8576624393463135,4.3992533683776855
3990,FC6B6A15681642238D14BEEB186A85C9,5.284989833831787,5.730770111083984,5.79335355758667,4.941372871398926
3991,3E9DF4206EA54FD29F871E8191E0C246,4.977280616760254,3.416811943054199,1.2579286098480225,4.235169410705566
3992,8C3737BAA63F48848DD24941744545E3,5.416839599609375,5.600344657897949,5.522936820983887,5.314520835876465
3993,,2.2441694736480717,2.451390266418457,2.645077705383301,3.1990983486175537
3994,4C1016F522E84008836FCFF44D7D0706,4.588415145874023,5.125284194946289,5.335675239562988,5.391886234283447
3995,B78CC999DC4142FDB88FE71548108249,5.724161148071289,1.3455299139022827,5.2801594734191895,4.7730913162231445
3996,,5.330149173736572,5.681291580200195,5.364752292633057,5.091738224029541
3997,7B2040D68A1B4EE4B57DC26B085D18BC,3.449223518371582,2.917675733566284,3.487157106399536,3.5079288482666016
3998,A95A6C75408745EF9A791DE0B891EAAB,5.709018707275391,5.820128440856934,5.83566951751709,4.822880268096924
3999,F6A69F4382DE43568D403D4EA7B29D6E,3.0679798126220703,2.6980910301208496,2.698413610458374,2.76819396018982
4000,8D8E1FD227734441804B364B890AF2D1,2.267335891723633,2.691828966140747,3.128544807434082,2.7122912406921387
4001,8117482C54D94A93B4E748DDBB5D663E,5.410323619842529,5.582228660583496,5.437931537628174,4.883931636810303
4002,7EB40609164C424A8021A1F7B031E281,5.647263050079346,,,5.647263050079346
4003,AAC5E12541F9486EA632EC7D69A938EE,5.363000392913818,,,5.363000392913818
4004,85C92CDBAC71452684E2566DAB6C7342,3.10213303565979,3.586843490600586,4.35691499710083,4.162693977355957
4010,FCE7FEC6F3A240FAB198A2F8B14C9471,2.519261121749878,3.313171625137329,3.964024543762207,3.286041259765625
4012,60B62D2058D24418965396147B2746C3,5.588108539581299,3.0928502082824707,1.1600626707077026,4.665746688842773
4015,F7C776B246C14332B002000C9250BF34,3.4454617500305176,5.314881801605225,4.8740949630737305,3.988398551940918
4016,3F46F749D3B242108CCEAF0306F8818C,4.504848480224609,3.9311347007751465,5.134964942932129,3.6383867263793945
4017,ACFC0EF1E2E147509A903660C8F14F64,5.538476467132568,5.885173797607422,5.777511596679688,5.38049840927124
4018,D10ED7A5134E48A38394F95BF1D357C2,3.2954189777374268,4.713947296142578,4.977512359619141,3.975951194763184
4019,CC20D7176DE9481CA20F81231F791D91,3.110226631164551,3.714728832244873,3.318659543991089,3.880613803863525
4020,FDB9ACF1380B42A5B8C9600D0F55FEF4,3.7896511554718018,3.7337005138397217,3.965966463088989,3.644433498382568
4021,558C6C2E93914C0EBA625E42F900F002,5.8797607421875,5.115836143493652,5.35062313079834,5.42924690246582
4022,C8BF8E2D6EB14B8D87E7FC051956D8AC,5.598922252655029,5.327242374420166,5.718749046325684,5.215153217315674
4023,8F0DEA30918646299340E0018A729C96,3.148366689682007,4.230988502502441,4.950746536254883,4.560903549194336
4024,F50FAEAD940A4CA1AC573C59E1E50F49,2.3101155757904053,3.2703444957733154,3.421647310256958,2.094901323318481
4025,D5B2EEBDCEC441EFA0963BA75EBDD208,5.846750736236572,5.756374359130859,5.865451812744141,5.48124885559082
4026,6ECCACD783A2446485845A4A4983127F,4.765843391418457,5.269227981567383,4.944571495056152,4.283632755279541
4027,76A6A31DA16F423A8B9D9D63791511B2,5.808704376220703,5.737302303314209,5.903586387634277,5.10745096206665
4028,1CD426F99943461F86235E1C02A87374,4.752944946289063,5.56442403793335,3.993687868118286,4.392865180969238
4029,E6C13264857B4388AF46D7338F39DF9E,2.122861862182617,3.1225593090057373,3.7666289806365967,3.514551877975464
4030,8A220FB82DD042A0AAF5BC1293BFC183,5.577323913574219,5.05480432510376,5.190045833587647,5.056058406829834
4031,5F3F5377722D4A659F90310C795655A1,3.313539505004883,4.248132705688477,4.130139827728272,3.151921033859253
4032,EBAEB4E45EB34446B80001458F6888A3,5.755753517150879,5.8439226150512695,5.888428688049316,5.613725662231445
4034,07E40A371AA14EB390E50F889623E245,2.569979190826416,3.5707662105560303,3.695678472518921,3.0978777408599854
4039,89EA36AFC195405AA51A158950DE4D3C,3.864613056182861,4.65070915222168,4.4992451667785645,3.492593050003052
4040,0B912B6B2279490E8F137A6EF759DE77,2.284153699874878,4.059581756591797,4.172870635986328,3.789217233657837
4041,9826239ED3974F9FAC6D48584FA3FE1F,5.241494178771973,4.477877140045166,3.796174287796021,4.6312174797058105
4042,FD2C9C40ED1A4E1EA13FCF66659B4F48,3.670346736907959,4.299633502960205,3.892463207244873,3.692718505859375
4043,E77E921E4D2C47ED94BF71DEB4D7E4F7,5.616873264312744,5.487598896026611,5.967094898223877,5.216810703277588
4044,ED0140E0071A4ACBA4A821244ED622E8,2.696434259414673,3.4330930709838867,3.2706053256988525,3.8119943141937256
4045,6B83976C251646E69FF2297FAB13949E,5.147690773010254,5.11919641494751,5.381061553955078,4.930271625518799
4046,C92282ABD99248FAB02D0C22F51EF41F,5.783180236816406,5.806111812591553,3.9543092250823975,5.167894840240479
4047,193AE35FDA2D4121A9DB98E87E4CF9F8,2.960058689117432,3.1833269596099854,3.838747978210449,2.473784685134888
4048,90B2F4E19B8D45978C25F3E108B5DC4A,2.682159900665283,3.2473015785217285,4.196479320526123,4.101577758789063
4049,87EE41F6127E4C2DB97D61F7BF43047D,5.628421783447266,2.5494182109832764,2.33728551864624,4.874302864074707
4051,8D8A82DF799848FA93B3F84D1E4DB63F,5.765363693237305,4.528467178344727,5.842350482940674,5.306809425354004
4052,A2248950951C4750A63FB980ECCD01D1,4.201711654663086,5.075850009918213,5.314373016357422,5.088990211486816
4053,E37F9CB7A2D241588A408F3C42A682A1,3.91467809677124,4.29644775390625,4.040651798248291,4.47353982925415
4091,335F74DDC5A84FD4B92ACC2A24E95889,4.084238052368164,4.033350944519043,4.7372260093688965,2.777211904525757
4096,99291685451D473C8B7785BC9445BE04,2.508807182312012,2.8541386127471924,3.466912269592285,3.499145746231079
4097,0F053A8AA2C645399D2C06CEED05C28F,4.734347820281982,5.264907836914063,4.063587665557861,4.221708297729492
4099,EC1B00EB2D7E4005B099951B93D92E1F,5.1494245529174805,6.039809226989746,5.947819709777832,5.204783439636231
4107,02959600EFEE405789463BE83D574429,3.983225345611572,4.349265098571777,3.941422700881958,3.479222059249878
4110,30C0D5A4022E4B2CA2608312FDCDF96B,2.7485084533691406,4.291609764099121,4.319231033325195,3.644119024276733
4111,162516ED24D648ECBCCE91357F26DC77,4.210822582244873,4.68428373336792,4.9969892501831055,4.092583179473877
4112,5386BD6611B445DBAE4129F4B500E965,4.550448417663574,4.636305809020996,4.91129732131958,4.353399276733398
4113,C26E207D61F94497895EF589F2E6CF26,5.110451698303223,5.23915433883667,5.494797706604004,5.239532470703125
4114,5384CB299B464A7CB132B9B39E0AC593,2.94254207611084,3.9266653060913086,4.79950761795044,3.267319202423096
4115,84822F784F5444C98B88BF68B50F0669,2.241438150405884,3.161907434463501,3.4147539138793945,3.005934238433838
4117,012B4E05E38645C787ADD8FC4C076D2F,3.684024572372437,4.046545505523682,4.251298904418945,4.001638412475586
4118,E9FD8FA59A6A41289248813142306674,5.860984802246094,5.809704303741455,5.390295028686523,5.215284824371338
4120,FB46579E57DD4F8AA52E3B34324AFAC5,2.960812330245972,2.487628698348999,3.7399725914001465,2.866276979446411
4121,20101E1902A74BFC874586E28EBF8B36,2.8227171897888184,3.726942300796509,4.047622203826904,4.024363994598389
4122,729C342F3DDF402293046E840E42EC74,3.1292972564697266,3.0626778602600098,4.083042621612549,3.89737606048584
4123,4E68F3FD64564E808AFD348DE177782B,5.3212480545043945,4.203141212463379,4.819474220275879,4.330740928649902
4124,02A8B1BC5AB745CCA3AA8DFFB83590D0,5.204498291015625,5.398684978485107,4.822495937347412,5.024292945861816
4125,459AD67D0A9C49249D3051D4610AFB27,3.5363848209381104,3.9595589637756343,4.3751139640808105,3.1663780212402344
4127,FD264C6FCF6E42D784A7735447BC9618,5.67931079864502,5.33332109451294,5.811536312103272,4.980159282684326
4128,CF063F452C4F436C92FF633801E237F7,4.103615760803223,4.552334308624268,4.6403422355651855,5.111719131469727
4129,E780E37A4AC24608955267AAD5BF97E5,2.5024094581604004,3.385890007019043,3.7864489555358887,3.025155782699585
4130,6D04832CEA774D519B57773AAFF5C56D,5.7182698249816895,5.711021423339844,5.930887699127197,5.108867168426514
4131,938C5CDF7AA4457CA3872EC138BEF22C,5.271424770355225,3.4042084217071533,5.832547664642334,4.996142864227295
4132,AD1F43BF72CF4D38914272937759B862,4.859344959259033,5.472912788391113,5.620961666107178,5.354239463806152
4133,D410080BD8494609905ABC8573CB1605,4.950807094573975,5.800705909729004,5.562068462371826,5.4217729568481445
4134,1B1005BDCECF4B1AA25DBEFF45DD2A04,5.802255630493164,5.8810133934021,5.6914544105529785,5.625351428985596
4135,E75AABBDA5CC4A219FDBE61855D36359,5.522525310516357,5.337736129760742,5.431734561920166,4.300277233123779
4137,95521C51DB1B49D48CEE6A1AB5112D64,3.055037498474121,3.952934980392456,4.167721748352051,3.856443405151367
4139,8C1C7A88B705431E9E7E75AD3DF6AC89,5.817927360534668,5.806829929351807,5.00545597076416,5.633450031280518
4140,AAC3DA0C316D407D98C39E5558486CC3,3.683647632598877,4.235570907592773,4.308691024780273,4.053775310516357
4144,D693E435769A44FCB43AC16C0DC47C52,4.852695465087891,4.831676006317139,5.024872779846191,4.489907264709473
4145,6EBDF444278E4003B924346EA54EFB67,5.560892105102539,5.632872104644775,5.032192230224609,4.800656318664551
4146,66124DFF2AF642C5848ECF99EA8E6523,5.289300441741943,4.792983531951904,4.361795902252197,4.520020961761475
4147,9894F01935114F95B3C608B7D96889EF,4.441570281982422,5.279372215270996,4.755704879760742,4.069693565368652
4148,98FB48ECFC1F4805A4D3243BC96E6AC0,4.6080241203308105,4.74339485168457,4.980307579040527,3.8603014945983887
4150,C0A13D37A9EA403BBDB87E60BAC4E541,3.354743242263794,3.3757567405700684,3.778295516967773,3.2938685417175293
4154,AB4D929E25A942249E8D34299746B1A6,4.102817058563232,4.114486217498779,4.518188953399658,4.237809658050537
4155,CC9B0FE9F8684F99B41805CFAC374646,4.1582794189453125,5.58379602432251,4.762850284576416,4.252589702606201
4156,167FBA33745145AAB16ECD41B165801B,4.413086414337158,4.79807710647583,5.348420143127441,3.871238470077514
4160,18C1FBAD0F224FE4811C913044D9FADD,3.6717045307159424,4.916009902954102,3.979392290115357,4.410370826721191
4162,17E9985D469E49CB9905950DFCB4B21A,5.663755893707275,5.4604692459106445,5.847465991973877,5.307905197143555
4163,0924E6F67F034C498F62EC7867AEB6D3,5.771749496459961,5.649072647094727,4.28701114654541,5.376433372497559
4165,00D4441D3E954C8F8B67314AA90BE59E,2.2660508155822754,3.1021087169647217,3.2664577960968018,3.2032482624053955
4169,649A79E2D01E4650AC25441CD1367F53,5.53152322769165,5.682664394378662,5.472110271453857,4.808418273925781
4170,AD4BA5DB93584466808304FC02155D29,5.563138484954834,5.729206562042236,5.413161277770996,5.10426664352417
4173,A58E9C9853F24C708F64464C83EDF37C,4.081202507019043,4.431333541870117,4.119644641876221,3.876828193664551
4174,94538683C72D4361A75E91047302714A,4.42311429977417,5.24472188949585,4.053441047668457,3.895549297332764
4176,89FCBA2A06174DF98695DCF9E944B996,4.162673473358154,4.925745010375977,4.892462730407715,4.515635967254639
4177,6749FB43FAC048B08D39CEC7D76E94DB,3.893522262573242,4.699163436889648,5.0628342628479,5.060332775115967
4178,CBF4B336ACA24BF78A1EA93FED97A2C3,5.859545230865479,5.314437389373779,5.23617696762085,5.57065486907959
4179,7E05571087B4415488795DB825C8ADEA,2.877589464187622,4.255195617675781,4.350030899047852,3.305673837661743
4181,59DFFDE000CD4291AFA865AE12B3FAE8,5.707955360412598,5.773182392120361,5.873512268066406,4.952272891998291
4184,844C1D6875F24C32B626F65B6308DC72,5.019140243530273,5.069474697113037,4.928159236907959,4.876909732818604
4185,E5562AC4206B4E70911566DD4F8CFA02,3.926125288009644,3.7857720851898193,4.566328525543213,3.3044259548187256
4187,15FFB9622C9D4ED2AF3CA459D3C4D71C,3.723092794418335,4.630663871765137,5.012383460998535,4.188459396362305
4189,09586B3E528844FB86D1996C218700ED,3.295154333114624,3.937377691268921,4.46564245223999,4.461404323577881
4191,369EFFA072B64708851C5C541546AAE0,5.697206020355225,5.54356575012207,5.799771308898926,5.228479862213135
4195,41766A60A95149B1BC1205EC68DCCD5A,5.671311378479004,5.997199535369873,5.823330402374268,5.141790390014648
4199,F99BF53FDDC448CB99C14F15141D8CF8,5.702978134155273,4.24693489074707,5.421164512634277,4.692571640014648
4202,AE5BB3054A9A46FABF7249C579A08B44,3.1971259117126465,3.132740974426269,3.994448184967041,3.4732844829559326
4203,8BF0110E3C924FDCB8DFF224EC3F5ACC,3.4435977935791016,3.618574857711792,4.378200054168701,4.534200191497803
4204,991C6F7511D74E5C8CB188FA977727B7,3.4159352779388428,3.6855952739715576,4.288282871246338,3.876173973083496
4206,BE0BAB6E7C564B2AB6DDF789253F4477,5.659018039703369,5.891185283660889,3.398734331130981,5.50789737701416
4207,E33485B1AC794AD0ABCAC23160C5C129,3.554683923721313,4.054499626159668,4.650351524353027,3.9276182651519775
4208,5FF13810D33D479986EB784DEACE00DD,5.193098068237305,5.387741088867188,4.9300947189331055,4.983830451965332
4210,94F8CDD518D444A18C1F5FFAAFBBBAC1,4.5228376388549805,3.5875062942504883,4.24837589263916,4.583881378173828
4211,EDF58081EE464642866627361C4452E9,3.632282018661499,3.500002384185791,3.221536159515381,3.479649066925049
4213,95EF3E805EAD455C8B2C147CEDE94745,5.357082843780518,5.563603401184082,5.907969951629639,5.289994716644287
4214,F96D0F711C6046299002C4717B8D9957,2.4122908115386963,3.670135736465454,4.060227870941162,3.6545138359069824
4217,1BEDA871C81C42F28BF659300C5FD7A6,5.709973812103272,5.321419715881348,5.414543151855469,5.265260219573975
4219,303669FD8A2A48CEA5C5999554CCF0F8,5.766368389129639,5.019200801849365,2.2768425941467285,5.272898197174072
4222,F422A34462A24704B4C26D0849ED8D24,3.310791015625,4.582918643951416,4.346925258636475,3.871636867523194
4223,49C7C860C72F472D8A92B7CFBE4DA9D7,5.853137016296387,5.697611808776856,5.85878849029541,5.2595696449279785
4224,CB85C0F8F44047AC99DE1F530EE70FC8,5.520468235015869,5.319737911224365,5.722002506256104,5.18787145614624
4226,EBD1C692ABD9490DB0E3C5E81AE86224,2.6940560340881348,3.551364660263061,4.064937591552734,3.562572956085205
4227,7A335C41F7094ACCB109D7088BB721E2,3.847464799880981,4.465678215026856,5.190672874450684,3.813317060470581
4229,015120B1A5284663B1A42ED4A080F33C,5.583143711090088,5.755146026611328,5.536503791809082,5.443159580230713
4230,84E62E14940541EF87A7248AE50DD0BA,2.690878391265869,3.2236156463623047,3.783864498138428,3.664053916931152
4231,ADD8093C8CBA4B499433B37060F9B4E9,5.648258209228516,5.1073198318481445,3.8261313438415527,5.456497669219971
4234,B7CF2610C1D74D7387E55F42F2646529,3.5275676250457764,3.3526971340179443,4.210604667663574,3.772240400314331
4240,B29FCA0288424BE4AD46710635727486,5.244653701782227,5.63242769241333,3.986264705657959,4.749462604522705
4242,88BA28ABA64E46CC86959B288FB3B7B1,5.752877712249756,5.432145118713379,5.922153949737549,5.0479583740234375
4246,5A1913E5D6BD434896085BD0361B138B,2.207200050354004,3.0839803218841557,3.4431796073913574,2.75848388671875
4249,370A00146F97478EA66229994BB167B6,2.9567136764526367,3.0911290645599365,3.639947414398194,4.022788047790527
4250,13D788E1989A4518888E3AF773AABC22,5.718161106109619,5.691957473754883,5.731191158294678,5.537757873535156
4251,1C7A45DD73AB4C68A0A1539646468998,4.46929407119751,4.723104000091553,3.8887157440185542,4.466249942779541
4253,35B6430AB7B44F99BE5EBE43C097ED5F,3.4951093196868896,2.74104118347168,4.208492279052734,4.184218883514404
4254,755DFFC11EE74976929C37FF43133426,3.5976264476776123,4.1941657066345215,4.751954555511475,4.220486164093018
4255,A39499ADC3CD4AF2A268D63E9CCAE57B,5.7368669509887695,5.674271583557129,5.886377334594727,5.475754261016846
4256,63181CAF8A744A448745A767B80D3840,2.632915735244751,3.667089700698853,4.030999183654785,3.7844738960266113
4257,226D6E2E8C894751B79F1450A30EDDCD,3.5834648609161377,4.053766250610352,4.527432441711426,3.71256685256958
4258,6B40D8D53B374750B69B22FD7D0FCD0D,2.9157514572143555,4.192035675048828,3.652141094207764,3.928647994995117
4259,4899920D34CE43C487D94F25EA117D44,5.780963897705078,5.755499839782715,5.429088592529297,5.45100212097168
4261,C247700CAD9B4EEAADE78DFFAFBED2DC,3.3000659942626958,3.5224125385284424,3.8645272254943848,3.103179931640625
4262,D5CE511878444E24AC4416C8F638E51A,5.563841342926025,3.1197097301483154,1.8022592067718504,4.948257446289063
4263,D983EB445F5742A0B246633CCDC4DAA7,3.241985559463501,3.8679234981536874,4.412705421447754,3.92398452758789
4264,0D2DEAE4E823498894449C9BFC6E33B4,5.7917256355285645,5.827673435211182,5.869204044342041,5.483645915985107
4265,005AEEC96BCB4B3F8D6CC2DD490164DA,3.8795862197875977,3.938810586929321,4.603015422821045,4.699736595153809
4266,7035192CEE9C4B99A7A5E55554C28ED9,3.947589874267578,3.790493488311768,3.5194954872131348,3.58069920539856
4267,C6F0193D2645455BB063D75A5A9F4B4C,3.802025079727173,4.067273139953613,4.947466373443604,4.337668895721436
4272,53A28AF8E3E34545972CD5F1A0381FE0,2.9886245727539062,2.9168601036071777,3.746483564376831,3.688619136810303
4273,FF700D71C0694356828F0D070BA66C77,3.7639644145965576,5.078819274902344,4.958211421966553,4.709735870361328
4279,0E76351E343F42A4BB3ACF9BE0A29F79,3.789267063140869,4.599411010742188,4.933507919311523,3.3885085582733154
4280,6EDE241062F143C185D7E9F9E88B52E7,5.717577934265137,5.86644983291626,4.185999393463135,5.142142295837402
4282,D8AE261B39BD41C6A44533B824C239E9,2.475926160812378,3.794797420501709,3.9314215183258057,3.283198118209839
4283,BB86F8CE470F44EB9DC81FFACC188280,4.354760646820068,5.023993968963623,4.718759059906006,4.333023071289063
4285,86CEB13F92164253943BB27F5FF785FE,5.843687534332275,5.7924113273620605,4.902176380157471,5.390324115753174
4287,7C2E1A867E9D432F8E08E8E427A89159,4.315405368804932,4.813058376312256,4.4319586753845215,4.188891410827637
4288,F28950AC466B4396BABE7AD04601F817,5.541853904724121,5.954764366149902,5.658735752105713,5.255873680114746
4293,3F9A3A67E2354DAABDAF8E0F00C2E40D,2.209257125854492,3.6766300201416016,4.210732936859131,3.507254123687744
4295,FF854281668C48FAA54A34EB2E297580,3.290473222732544,3.388761043548584,4.144073009490967,4.158530235290527
4297,9B85E6447E2240A4A957C872478846C8,5.646741390228272,5.828363418579102,5.800556659698486,5.399707317352295
4298,68E3184B541A4219A778CD77D44E48A8,5.091983795166016,5.105426788330078,5.157557964324951,4.768263339996338
4299,7CBC6DD7ECF7498389EC5AC432C1D78B,5.364418983459473,5.671379089355469,5.964055061340332,4.976773262023926
4302,9066F851112143929A079A384A50DF56,4.622219085693359,4.684281349182129,4.370107173919678,4.272170543670654
4303,9C7DC1E01914419394674B22475E0FF9,5.700277805328369,5.596254825592041,5.640056133270264,4.805338382720947
4305,19DE63A6FD81499294EA3E29FC0F55C9,3.2384963035583496,3.5859591960906982,4.502007484436035,3.5366806983947754
4306,C5CC8EAC3AC9428595FA71E3989D1B38,5.850403308868408,5.152408599853516,5.325023651123047,4.803212642669678
4311,410CD48A804B4C73A574D930D45E1698,4.990759372711182,4.844873905181885,5.649044513702393,4.5495781898498535
4312,68655E54142843DC954581CD378EC5C1,5.364658832550049,3.650037527084351,4.275017738342285,4.583851337432861
4314,7B98B5ABB6A64C3792F21219FF6D888E,5.428642749786377,5.528954029083252,5.709785461425781,4.326491355895996
4315,81BD351D3EAA4FCE9B1ECEC1A0DF393F,2.9421560764312744,3.639038324356079,4.345118522644043,3.246084928512573
4317,D605AC77207F4255815B1F5F3B3863D2,3.5429177284240723,3.734411239624024,4.978181838989258,3.9359326362609854
4322,6FCD3AB04D754408A6F59C28BEFC1A20,2.931805372238159,4.3070831298828125,4.510320663452148,3.202344417572021
4323,C19E87D09F14496EBA1DF7F00432D145,2.331664085388184,3.160804748535156,2.6113905906677246,3.3909316062927246
4324,3A4E69619C884EE1A5C94F3890C6BAFE,3.637920618057251,4.076436996459961,4.323242664337158,3.186305284500122
4325,B241B59E7E334D4B9B2F103C8DABF515,3.356158971786499,4.232416152954102,5.431459426879883,4.860424041748047
4329,11D6469D8E474BA18717C93CEFF3AB25,3.283407688140869,4.718774795532227,4.242129325866699,4.271514415740967
4333,4958764C0E31423BBD5C19137235190F,5.631497383117676,5.781078338623047,5.740457057952881,5.541049480438232
4338,3A7E694A82DD4D0A88D1E2BD2121C0F5,5.628364562988281,5.528904914855957,5.2748541831970215,5.23895263671875
4339,027F105EFD1C4D41941C0F2259B9F692,5.771700859069824,5.666049957275391,6.006110668182373,5.1880292892456055
4376,D0F5235FFDD046168CC3A8B15902E5F6,3.301910877227783,3.8571815490722656,3.3956503868103027,4.47012996673584
4380,C3936F736027453BAE9216E4A70AB4D8,2.742461681365967,3.615966796875,3.6213228702545166,3.2214746475219727
4383,4EF1625747D143B6A89ECE2F02E6966C,5.185941696166992,2.02839994430542,2.329449415206909,4.512111663818359
4385,F01D18BB0349400C96B39219E576E0C7,3.347089529037476,3.930816411972046,3.791394710540772,4.065068244934082
4392,38FFA90A2CDE4349BED7D0EE43465952,3.227764129638672,3.418999433517456,3.4400384426116943,3.2641074657440186
4393,88170BEA74A843E5803011EC79270C8C,5.202030658721924,5.319193840026856,4.445920467376709,4.977200508117676
4395,D6EA093AF1244C7AB4CAE954A632C0BC,3.827737808227539,3.844295024871826,4.479368209838867,3.634016752243042
4397,EDBCA341EAFE47D7AD058C0EEAD51FB0,5.505911827087402,4.605475902557373,5.278592586517334,4.789337158203125
4398,19E20347FB2642AFBEC821F25D86B41C,3.65546178817749,4.32625675201416,5.011895656585693,4.6251630783081055
4399,5AE7DDD064994297ABA0A90F589A8B69,5.4271416664123535,5.093653678894043,3.624779462814331,4.664836883544922
4400,0163260E3DF74A1E8CA46ADD5D792370,2.2607223987579346,3.0848257541656494,3.5283658504486084,3.5367228984832764
4401,5933B502C69D40639AE9CFD15DA52B91,5.691762447357178,5.649105548858643,3.6493194103240967,4.989047527313232
4407,6201E79D51264872BCA651282ACA4B25,5.277809143066406,5.232280731201172,4.777626037597656,4.812504291534424
4409,3AC52CBC50AB48508580FCE92161CB52,5.718952178955078,5.643694877624512,3.3469245433807373,5.587921142578125
4410,B0893D0978C3492D979A57A5C07D1E9A,5.775284290313721,3.151726484298706,1.9086368083953855,5.589680671691895
4415,E206140FE49644D58BB3CCB8BB831287,3.729339361190796,4.192028045654297,3.9357750415802,3.99228835105896
4416,15C8263230854EBF89DCB88DF3696FBC,5.617190837860107,5.726802825927734,4.803929328918457,5.220987319946289
4417,E4A7FE6E601640888D3F00CADC82069C,5.512762546539307,3.3953654766082764,5.584667682647705,4.919517517089844
4418,009FBF921182482EB3B2C7C66D5DF395,5.262524604797363,4.666228771209717,5.002366065979004,4.685788631439209
4419,71C8017B80184BCDB107ED06E309F395,3.3953824043273926,3.27908706665039,3.060462951660156,3.003902673721313
4420,32E5E3C533C54B43891EBD677F840D54,5.407565593719482,5.5058183670043945,3.8210854530334473,5.1594438552856445
4423,B68F34EAB3C643038D9FAB7B9BD73440,5.640819072723389,5.870642185211182,3.1815264225006104,5.447261333465576
4427,C52B0D3555734D5696B0983A0ED9A80D,3.061616897583008,3.433072566986084,3.818897485733032,4.0767741203308105
4428,71850D884B1A4173B91DB286464BC568,3.471432685852051,3.3880481719970703,3.3247170448303223,2.865650177001953
4429,22333823D53D4304A341D1FECF27A611,2.717092990875244,3.7557296752929688,3.639970064163208,2.6649329662323
4430,CC9A224EC8EB4B3DA3F5A764A8D51E4A,3.896121263504028,4.592283248901367,4.607784748077393,3.658500194549561
4431,87892FE4AFB94BE49E3FB5095F4111CC,2.789807081222534,3.313345432281494,3.743028163909912,4.001443862915039
4432,79BCFCAC0A3B45129FA82B42B3C7EC01,3.3634324073791504,3.677664041519165,3.746155023574829,4.729332447052002
4433,AA00452928894629905125ED3AFCE039,5.560374736785889,5.0903639793396,4.134332180023193,4.876086235046387
4435,E2B18FF9668D4D87A34FE08376526A54,3.7512047290802,4.335655689239502,4.4715752601623535,4.285260200500488
4437,D7FC572655C4400C8ACD712F3CCCE48C,4.475794792175293,5.185626983642578,5.194857597351074,4.53000020980835
4438,924A483B371B4B01AF9B2F3F73B1C44E,5.641555309295654,4.203272342681885,5.455437660217285,4.918325424194336
4439,DEEB26CD603F4C378119B430798EA410,3.8507370948791504,3.856245517730713,4.623135566711426,3.893317699432373
4440,BB49C249AA0B48AD8EEF0ECB0D4EA50B,4.299168109893799,5.563805103302002,5.3377604484558105,4.274865627288818
4449,CC95632867914DA9829D5810CB32790E,2.3860831260681152,3.601579189300537,2.716994524002075,3.0547990798950195
4450,3B8488407EB0403686FDCAFEAABB5AFA,4.992113590240479,5.321006774902344,5.27373743057251,4.581289291381836
4452,82ACF0E6EAF54359A0829C5958420F69,2.523394823074341,3.268140316009521,3.254005193710327,3.8038079738616943
4453,9CA1245D8599495F8D98099A5CD7BE14,5.439870834350586,5.454779148101807,5.404498100280762,5.112853527069092
4454,C0FFCEAA8A554D1D9218B7570E114DD8,5.596674919128418,3.757871866226196,5.955517768859863,4.809453964233398
4455,5F026F06CA5A4400B8DA7A0EFBAB72D5,5.6211419105529785,5.710373401641846,5.584464073181152,4.537790775299072
4456,1F5DDBF00F4D432EB58F3ADD132ECCD1,4.791012287139893,5.216794490814209,5.525714874267578,4.904736042022705
4458,3A7E4FCB31ED4CDDBA374FAFF507A59F,2.4740231037139893,4.129695892333984,3.4806692600250244,3.845534086227417
4459,DA4D51D0205B4B4D9E0EE8013EFC46A2,5.337707042694092,4.032504081726074,5.660533905029297,4.465514183044434
4460,3B074D466923481B84ADDA21F116C130,2.9764440059661865,4.3227362632751465,5.244971752166748,4.652200698852539
4461,82500BB854904132BB951C6F043C9A6E,3.843162298202514,4.4285078048706055,4.317111968994141,3.6659586429595943
4462,64AFE2AEA62647EB99A8E9BBB620C424,3.3555116653442383,4.806934833526611,4.61401891708374,4.524384021759033
4463,6097F17F749A42F0B642E6F1DA79E2DC,5.459109783172607,5.897242069244385,5.567445278167725,5.526379108428955
4464,74D5EA9BEE624FD0A1A35C21B5D11E12,5.759817600250244,5.082128524780273,2.876434087753296,5.401370048522949
4465,83C6B21278B64772A770E3ADCD0D0955,2.5992982387542725,3.5214221477508545,3.764742136001587,3.25335431098938
4466,7B12DD735FFA4B91953655F4C987371B,5.797154903411865,5.820087909698486,5.600488185882568,5.2861409187316895
4467,573FCB6947D946D695848B37474EF366,5.539423942565918,4.185945510864258,1.1282182931900024,5.262998580932617
4468,5CBB88E8156C4115B1A58DFAF1D60487,5.382421970367432,5.3836350440979,5.494512557983398,5.000792980194092
4469,BAEBB9F88A8343EF93A0ACE662DC328F,5.777970314025879,4.948310852050781,5.347484111785889,5.0798540115356445
4470,E86E0D17C2B443B182D860AC12F53061,5.772190570831299,5.886480331420898,5.838669300079346,4.954040050506592
4471,68BD778BDC944F2E85246625A6EEBAAF,5.5481858253479,5.754156589508057,5.659836292266846,5.092870235443115
4472,9339D20316AA41D1A843B979A383A25C,4.115501880645752,4.6515984535217285,3.939824104309082,4.0548858642578125
4473,7017C0DBE6A34995AAC936DA0F9FE764,3.378923177719116,4.18024206161499,3.2493178844451904,3.022338390350342
4474,C4A1FE43B9824145A989A73CF5115FC9,3.208302497863769,4.027490615844727,3.393338680267334,3.420492887496948
4475,A9D191CCFE27473080F6C9B2F48C4564,3.5757856369018555,4.519718647003174,5.138605117797852,4.287820339202881
4476,1F8FAFCF5442455CAF4C9CFF8620AB7E,5.9050612449646,5.93580436706543,5.804551601409912,5.5260910987854
4481,B54EBF8141444C9BA8B2925837D1E0E5,5.756271362304688,5.7520599365234375,5.795364856719971,5.130959987640381
4483,E959AA3ACC3E4E28B7CF3E2B5AEA8683,2.22095251083374,3.2679476737976074,3.623881340026856,2.797613859176636
4491,21EBD0BDC95146B39321211CC7438FEF,2.9428606033325195,4.191156387329102,5.095885276794434,4.330740928649902
4494,D1574A2790D44655BDE8A54C87518AD5,4.451322555541992,4.477331161499023,4.466204643249512,4.23734188079834
4495,4B5759A1BC32459BA64A7C00E871345D,3.5523223876953125,3.823983192443848,3.937119722366333,3.133232831954956
4496,7D19CBF775E4416A8420C2FAC1BDD265,5.790783405303955,5.510092258453369,5.137716770172119,5.219951152801514
4497,29A8AE4971A3430EBE2593FB3C15A88E,5.129073619842529,4.874238967895508,4.481842041015625,4.532282829284668
4500,444B0D15951A42308FF2F71697BEE288,5.352975845336914,5.498408794403076,5.650864124298096,5.15557861328125
4501,D1DF87BF703E41CEA01FFB00ED47C286,5.745153903961182,6.104995727539063,5.71371603012085,5.6043853759765625
4502,236A19F2C052429284DE187B2B9AAD51,4.091911792755127,5.723434448242188,4.61309814453125,4.350021362304688
4503,4EBBD324A9D94BFE88B85B50F8F73234,4.648631572723389,5.1688666343688965,5.254398345947266,4.210893630981445
4507,91636D2541D24A5D938F047E06CC0661,2.680375337600708,3.3705921173095703,4.360656261444092,3.063030481338501
4508,4BCEE3A47B46451685AA06CF071AF4BF,2.589782953262329,3.840836524963379,4.492274284362793,4.312752723693848
4510,C46A940C29C7419F8CE1826514912638,4.020585536956787,4.439109802246094,3.109335422515869,4.474053859710693
4513,B0AA6C5A0CFC4ECD96E2F7DD3A14492F,3.365502119064331,3.460163354873657,3.072989225387573,3.548989772796631
4516,C64E0762EEC54235ABA43FE014831D75,5.755312919616699,5.863485813140869,5.901097297668457,5.418713092803955
4519,A71079D0714843898C15BC1546765543,2.886525630950928,3.518711805343628,4.208815097808838,4.151308059692383
4520,FB28CA496D3F447E927A834AB1E016C2,2.7678921222686768,3.1178460121154785,3.8049840927124015,3.777931928634644
4523,307C54B2B32449DEB4446B7DC93AD250,3.3030147552490234,3.554964303970337,4.147350788116455,3.799142599105835
4524,AC9B2616CD7C4E8E9BACE8BF530D68EE,5.230555057525635,5.478296756744385,4.090153217315674,4.999272346496582
4525,FD4DAF5629AC4CE793EB01B21BBAC097,3.633578062057495,4.356227874755859,5.01011848449707,4.753190994262695
4531,6268652116C241B98B2F1597FB06299E,1.9627764225006104,5.085484504699707,5.690685272216797,4.809823513031006
4532,E97B5714003B40FFB4DBACA0D4956E34,5.697489261627197,5.737075328826904,5.551816463470459,4.951432228088379
4533,25FF8876F4AE4F67971A4AB403102888,3.8938167095184326,4.651833534240723,4.782524108886719,3.374028444290161
4534,849308D4784E44EC9A2A6D7562C0B570,4.378212928771973,4.801589012145996,5.438042163848877,4.974241256713867
4537,72BB3A064C654EB3B5691574FD8A840B,2.469944715499878,2.7822322845458984,3.711514711380005,3.610222101211548
4538,2C531FA5AAD14D749285CF577C94D337,2.18286657333374,2.835892915725708,3.514244079589844,3.3044495582580566
4540,62495B10480D4C1289D61FF9AEF93266,4.539183139801025,4.73442268371582,4.582520008087158,4.865544319152832
4542,009F38086BAA4F6B9AE1E3AB3CE30ED2,3.4794118404388428,4.313492298126221,4.996251583099365,4.2308526039123535
4556,342DF5901A3B43F5B2B7325FAE51EC7C,5.689576625823975,5.845105648040772,5.007516384124756,5.430479526519775
4560,41A5878AE0604434AA9D841487F56A63,2.7415261268615723,3.54895281791687,3.949878931045532,3.65100622177124
4561,5D0DC6F0968149F389D2EE9CB5898AE3,4.170414924621582,5.196122169494629,5.19694185256958,4.384681224822998
4563,156A96167C5B41A38E7EAC58C2A54E43,5.548677444458008,4.405771255493164,5.404299736022949,4.849412441253662
4564,3C3B6DD050014AEAA45B689F9DCCEEE1,4.391384124755859,4.2778096199035645,2.136838674545288,3.6468541622161865
4565,E50080F003A042899D688E56E9CF48D3,2.877774715423584,3.6136953830718994,3.618218421936035,2.568499565124512
4566,B5FE6BC0A3D3462882D0389AC0C2EA3C,5.430095672607422,5.649657726287842,5.584676742553711,4.983705043792725
4572,44868EDA2C3A4FBCB7C1774219F60587,2.976410150527954,2.703871726989746,3.544929981231689,3.7927656173706055
4573,970A28FAD515401B81A4E4721630F35B,2.31047797203064,2.2695608139038086,3.320519208908081,3.595221757888794
4574,6266A893F700465EA07C444F8278880A,5.413261413574219,5.556928634643555,5.313573360443115,4.921610832214356
4576,EA03551BF46F4EB3BA931E5E7F408F52,5.620639801025391,3.241818428039551,4.65733528137207,5.242498397827148
4578,E5B01EFFEB7C4D6B8BDAEB233D907284,2.636545896530152,3.368194580078125,3.1059587001800537,3.700926780700684
4579,5BBD9B3BEB024CEBB60F1462372694F0,3.2153122425079346,4.900755882263184,4.614043235778809,4.546492099761963
4583,31D46B4479E443F6A774B67868BE37C5,5.821871280670166,5.393167495727539,5.395782947540283,5.281076908111572
4586,708C4FEF12F74887A8C8177BB004349F,5.874317646026611,4.608179092407227,5.097126007080078,5.491750240325928
4588,97725CCC05DC4F978825D45FB3EB168C,5.154268264770508,5.099708080291748,4.532470226287842,4.605958461761475
4589,AAC05B3E67784EFA8C48E2A76FA4186F,3.155377149581909,3.7905099391937256,4.078367233276367,2.763737916946411
4590,3B3BE28AFAD74E0F95F9582493C75BDE,5.717133522033691,5.162945747375488,5.491942882537842,5.306598663330078
4592,F472A4D8D3F34308ACE816AE17833397,2.287681579589844,3.419266939163208,4.210656642913818,3.875558853149414
4593,811F73B5C356491D87414A5C9FB98E16,5.508402347564697,5.68851900100708,5.876200199127197,4.881441116333008
4595,03A753C7F3C440628CF4048B28682687,5.4937262535095215,4.115156650543213,1.449995040893555,4.789215564727783
4596,6509F7FB814B4D9D84D973E466AD468F,4.669648170471191,4.907448768615723,4.905296325683594,4.513801097869873
4597,CAAC4629FDC04D82A4FB0910EEEA0BA9,4.892754077911377,4.704054355621338,5.123722553253174,5.047612190246582
4598,3476A5965BE94557AF2DD9C4A2F0F2C8,2.985369682312012,3.8759803771972656,4.1225128173828125,3.9968535900115967
4601,BD174EF93A2949EDA9457121B3731AD1,2.3488402366638184,2.830865859985352,3.0655336380004883,3.012357711791992
4602,3BB22B06B94D42CCA7DE471E117213DF,2.9106605052948,3.869062423706055,4.058920860290527,3.617151975631714
4603,2180F85E6DB849729B029CEEA71DAD35,2.83738374710083,4.309089183807373,4.339598655700684,4.878181457519531
4604,8480668DC1BD42609CCD531D3B7D8E99,4.635188102722168,4.694536209106445,5.098841667175293,4.292896747589111
4605,53C96BDAFEEA420CAA2BE41E4E30ADB0,2.383620500564575,3.3715646266937256,3.762202501296997,3.771216630935669
4606,2096241C7A2D4807B7A396CCA07FB150,3.606107711791992,3.592356443405152,3.603348731994629,3.83521032333374
4607,FE7F052830F1469282FEBBA649528EC6,2.897056579589844,3.366078615188598,3.663241386413574,3.0326807498931885
4608,14D73F2E96AE4462A4181C20769D2572,4.22153377532959,4.763553142547607,4.992293834686279,4.469553470611572
4609,D00B2858CD7B418E88E8F3FFBFEB377D,5.670704364776611,4.8872971534729,5.78819751739502,5.267204284667969
4611,A06417AC3EFC422EB4D00E4A35EAAF60,3.475093364715576,4.976308822631836,4.441624641418457,3.484782457351685
4612,F2DF59E388C04797A099ED318547851D,5.242743492126465,5.414612293243408,5.679670333862305,5.012042045593262
4613,6C70010B0CF84F93909BCB968043EB8A,3.9793918132781982,5.206832408905029,5.467318534851074,5.220417022705078
4614,A7C2C4CF6DF94D509597DE9F347C6574,5.736233234405518,5.081821918487549,5.701976776123047,5.465126514434815
4615,D04F6CB04CD04617BC6683C605093ECB,3.0815677642822266,3.751273393630981,3.889240503311157,3.8225371837615967
4616,EE4C25A144C247D0A47F1F359C800491,5.6975531578063965,5.826102256774902,5.3174238204956055,4.90648365020752
4618,744714E340DB43A9BF547F27A1FC506D,5.581271648406982,5.8630876541137695,5.860950946807861,5.278682708740234
4619,31A5689235284CE29DB20244E34B7517,5.771728038787842,5.206982135772705,1.6543262004852295,5.375590324401856
4620,12BC7214F88949EFA19DBB88F2A02B48,3.1148934364318848,3.303097724914551,3.3204946517944336,3.2904038429260254
4621,C2241071E55048C0A2885C6906F1EAE9,2.6582181453704834,4.092032432556152,3.905503988265991,4.419302463531494
4622,67BF8445DB4F4A898EB3F79CD29E0AC6,2.8948662281036377,3.281421184539795,3.643472194671631,3.332423210144043
4624,C8AFACF19ACF4828B6B8D4FB2C270852,5.7502923011779785,5.742137432098389,5.770362377166748,5.352466106414795
4625,F11F3249A6EB457CBF253CAF68AEE870,5.470584392547607,5.610713481903076,5.615366458892822,4.909975528717041
4626,A3BE49A9E92C4E6DBBC9B6EA70CC9AA9,5.761557579040527,5.830595016479492,5.903848171234131,5.41470193862915
4627,D15EA9A324CD48549432B58B4A7A169F,5.159525394439697,5.255304336547852,4.902182579040527,5.191606998443604
4628,9C02DE3DD6514653A4C88AB19B560F9E,3.692166566848755,4.621978282928467,5.115176200866699,4.294108867645264
4629,6B33E0D283EE44C9843C06310B7725CF,5.227808475494385,5.490478992462158,5.371579647064209,4.790450096130371
4630,F72AAEAA755041F6AA79ECE84CD76F41,3.454922199249268,3.50519061088562,4.484088897705078,4.478616237640381
4631,0FFF605CA20B4D499C4E3532C77C4EDE,2.72355318069458,3.1982576847076416,3.389345645904541,4.228870868682861
4632,C0B051948FA94146BF32799072E7BD9B,3.409301996231079,4.520909309387207,4.5783467292785645,4.708969593048096
4633,FED4C3E561734BF7BF321D07E5241764,5.502450466156006,5.707786560058594,5.594977855682373,5.206727504730225
4634,24B198849CC94ADEBEF42F7888365D26,5.8618268966674805,5.745025157928467,6.004926681518555,5.327786445617676
4635,4CF2CAA2849A4967B515278B97D5FCB7,5.912311553955078,5.752081394195557,5.736745834350586,5.298334121704102
4636,35DF1B55BEB04702B44D54BB39556445,5.002495288848877,5.564981937408447,3.6761667728424072,5.017948150634766
4637,4924E9E1035648358D03D256E674440F,3.406184434890747,4.217764377593994,4.257675647735596,4.389657497406006
4638,51E9CD2B6C734AA4B603D46AEB52A66B,4.935582637786865,5.081455230712891,4.60041093826294,4.679224014282227
4639,8E0FB9BCC85B456AB7F015710C953037,3.506580114364624,4.069403171539307,4.748864650726318,4.361534118652344
4640,C0150ABC1E9F4D3A90CD2AA3C234AFFE,4.509948253631592,4.948891639709473,4.553218841552734,3.971613645553589
4641,204E76EF282D4BDA87F0388395C59C46,2.958746910095215,3.17104721069336,3.233196973800659,2.7418313026428223
4642,DAB965D5ABC14D97A960E576BB782EE8,5.84593677520752,5.8274407386779785,5.914745807647705,5.485429763793945
4643,3743BCFFDB9D4572826B19F8D5DBCB99,5.681021690368652,5.815882205963135,5.677505016326904,5.671882629394531
4644,52BA023B08364F0192EC997AA933771E,5.690929889678955,5.681469917297363,5.359447479248047,5.170853137969971
4645,1BDF312BF66649A69C1FAA3A4FD39E85,5.834960460662842,5.7967047691345215,5.920088291168213,5.327731609344482
4646,BA41EA00BBD6453CBA848813672127BB,3.043664693832397,3.779163837432861,4.058150291442871,4.747325897216797
4647,CF7D60F1D92B43D683B7D44F3616BEEF,3.397350788116455,3.950293779373169,4.192483901977539,3.522944211959839
4648,39D4CA9F69C7478EA33ED1BE5A02DDFE,5.709328651428223,5.749159812927246,5.615513801574707,5.358332633972168
4650,C54A73205F3548488D05DAB0B9C56FBD,5.165505886077881,4.051150798797607,4.228138446807861,5.136207580566406
4651,3D0B59CD9E944D2AAC8A320ECD3E0112,3.4232170581817627,3.53915810585022,3.608146905899048,3.731884241104126
4652,567066B43E3842FB9D8F515A715EDC01,3.0247085094451904,3.275679588317871,4.215745449066162,4.291537761688232
4653,0B245DC5CA8B4EE3925A0F9C78BCBFFE,2.968822240829468,4.121352672576904,4.138797283172607,3.986293077468872
4655,FCC9089129714E70807D4D189BAA2C83,4.814216613769531,5.513094902038574,5.563592910766602,5.166416168212891
4656,3A40788274D74EC49A6DEE9F0AFC6A6B,5.664217948913574,5.465560436248779,2.3552944660186768,4.9767913818359375
4657,FB172ECC5AD6418DA381ECB8F73811CE,5.735745906829834,5.817996501922607,4.5647172927856445,5.33774471282959
4658,E0C1F0C4B87E4DFF9848121BF80F8A89,5.314519882202148,3.1394529342651367,3.245466709136963,4.683620929718018
4659,49492F76BE4A4166A63D9AAEE8B5E449,5.610448837280273,5.827843189239502,5.41964864730835,4.21540117263794
4660,48304AFB791A44B293E0D4793DB3DD45,4.885966300964356,5.133193016052246,5.601577281951904,4.628266334533691
4661,506B669E29494FF6A4424F7A42468FFC,5.8351898193359375,5.710626125335693,4.634531497955322,5.487006187438965
4662,A33837B912794261BAB62E9EA7650413,3.627021551132202,3.613900899887085,4.137284278869629,3.9422857761383057
4668,FD0D948A9D77492682BDC2815EFB0B30,5.422410011291504,4.903010368347168,5.292410850524902,4.745970249176025
4670,C21A746E282F4663BF42E63200E12237,3.583007335662842,4.905328273773193,4.539628982543945,4.182316780090332
4671,5C1F99E5EEC6416A8E22FFB7CD9A6B2B,5.565922260284424,5.740871429443359,5.627323150634766,5.083556652069092
4674,131AF4AD986E4134B2E8CBCBBAA333CB,5.633061408996582,5.74575662612915,1.168386697769165,5.565949440002441
4675,56739688194448FABF26CDD2F3764921,2.577276945114136,4.126966953277588,4.365755558013916,4.750479221343994
4677,9831E53929D84F93AD1C9FBE3A479132,2.495842456817627,3.652052640914917,3.8250131607055664,4.390544891357422
4679,51EBA4B17E9943B583F5F302959A5AD2,4.374326705932617,4.406737804412842,3.948073625564575,3.439511775970459
4680,25D282FD670D40E283E7F661F403A093,5.72786808013916,5.897972583770752,5.720466613769531,5.421122550964356
4681,8D989182F8C1423DA04DBD19A8AFE3C0,5.445048332214356,4.302737712860107,4.675819873809815,4.965214729309082
4682,0182F2ECC053441689E86EA2EA3571A6,2.4364688396453857,2.900068044662476,3.5042195320129395,3.083607912063598
4683,21D00E9AFA904F4B9FF61E9A2663A4FB,3.668311834335327,3.9302186965942383,3.312690734863281,3.704542398452759
4684,C1800F5E2DA544ECB7084389ED09F724,4.689436435699463,4.350009918212891,3.9839529991149902,4.108564853668213
4685,F5C17AD8F41C4E38B49E7E09FD0DD680,3.6795170307159424,4.176022052764893,4.780267238616943,4.069164276123047
4686,37B039839CC948E3BFE246FDDE2370D3,4.687594413757324,4.698329925537109,5.499969005584717,4.6215105056762695
4687,CFB6F0557172405A902952388A18382A,5.308047771453857,4.598285675048828,5.515738487243652,5.18988847732544
4689,981B9AC32F4B44F79D496813D246EF62,5.374666213989258,,,5.374666213989258
4695,024A30F51B314E1AB84AB61F16C87DF0,5.769777297973633,,,5.769777297973633
4700,2B5B0826C92E4277BE48451F65F97DFF,5.408376693725586,,,5.408376693725586
4701,04BA8334EAC24523ACDDB56653A2CFA9,1.0056995153427124,,,1.0056995153427124
4707,D428923385414855AC4E5E237B10EE21,1.0050595998764038,,,1.0050595998764038
4709,EB6AF6F1E4B3411C8757E926F4182872,1.0050595998764038,,,1.0050595998764038
4712,109683F3D7E1447DA176A5857EE46F6B,3.455652475357056,4.23110294342041,,4.020828723907471
4717,5C073E2E1A724D02B3B771E781D06DE6,1.0050595998764038,,,1.0050595998764038
4727,73027FE6F7834DF4945223C6D9BBC91F,4.883268356323242,,,4.93234395980835
4729,15DBFD74B6304923931449FCB9D5C0AD,5.917749404907227,4.0434088706970215,5.906540393829346,5.61642599105835
4745,90D4858624334E639CE8DCF0300FB5B8,4.284712314605713,,,4.284712314605713
4764,45AFFE42C18341BFA2846DA5F45873B1,3.349698781967163,,,3.3620080947875977
4790,A94B774DCD734A6CA664B76A613E56EB,3.9099392890930176,4.49803352355957,4.266129016876221,4.3039422035217285
4797,2AA054204E4F411BA55681E6FC4AEA1F,4.246156692504883,4.792227268218994,4.558267593383789,4.995883941650391
4799,F4D183CA78834CF68BAB49956F456112,4.175184726715088,4.634701728820801,4.9003753662109375,4.541271209716797
4807,F3E4684820F64349AED1D335DD0681BD,2.5380444526672363,3.567028045654297,4.696824550628662,3.886708974838257
4813,5838B4C4AD424134ACB79FDE415B7416,3.628888130187988,3.606070041656494,3.7646498680114746,3.793568849563599
4814,49A5FF05887947508ADBDC5F84F3C0B5,4.678903579711914,4.941749572753906,3.669897079467773,4.620498180389404
4815,F243AEDE125D4199B78C419635A263F3,5.775231838226318,5.583264350891113,5.5459513664245605,4.844263553619385
4816,FB53036894964F5299D4970D63D26734,5.743685722351074,5.006007671356201,4.370849609375,4.604314804077148
4817,3300E90A122346008A040AA70067CC5A,3.7480950355529785,5.659629821777344,5.645724296569824,5.257652759552002
4819,D90BF9EDCD434B7B9129A7F4CD486E2A,5.324588775634766,5.400941848754883,5.691732406616211,4.5760178565979
4820,9A1223A7AB8142BA9465E460386667A3,5.724127292633057,4.241739749908447,1.2104355096817017,5.042360305786133
4822,C07737DFA13041FF98583C991614D3DB,2.98354172706604,3.642819881439209,4.844573974609375,4.45836877822876
4823,1C956D7A6CD141FE9E4FA7F45F87C033,3.052507162094116,3.5593583583831787,4.104920864105225,3.997193336486816
4824,8AC5A6B281D5456BAEC82A812899D656,5.789075374603272,5.779199600219727,5.595833778381348,5.5999755859375
4825,BD6BD8C52634468A86549F64702FC12D,3.1115663051605225,3.906039714813232,4.157872200012207,4.1141204833984375
4827,1BC929B79F5145D398539FC5B0CC1CA4,5.72519063949585,5.87553596496582,4.616756916046143,5.1521735191345215
4830,9B2A9D01812D424296F0BE2F44BCFBB2,2.5681087970733643,4.171969890594482,,3.591642141342163
4831,83162E057A614640B9810936AC4EFA2E,3.724252939224243,3.734471559524536,3.737834215164185,4.438334465026856
4832,AFCDA6201B4349659B3DC86827A680AE,3.085122585296631,4.355894088745117,4.017359733581543,3.876076459884644
4833,8D38DEE2DEAC451689CEA1E5EA6A3047,2.751511335372925,3.1276628971099854,4.359565258026123,4.087846279144287
4835,2E3A1785F7474A60A7F8D7BAF536E3B3,4.508728504180908,5.15744161605835,5.509310245513916,4.551604270935059
4836,D6096ADB14F042928364519E4EB8929C,3.5850987434387207,3.45335054397583,4.306233882904053,3.7722556591033936
4837,C4889C469A494EFB8FC930E0A7EEF72E,5.868268489837647,5.820853233337402,5.718057632446289,5.382235527038574
4838,CECAB779EBF24DA6B780B41039B17CC5,2.635988473892212,3.557989835739136,3.5971219539642334,3.486783981323242
4839,098A49CCBBC04D168499B8646C6FEB35,3.6647984981536874,4.152743339538574,4.6566481590271,3.49647855758667
4840,48AC39E66A3844B8B0F511B2A7A4E04B,4.508066177368164,4.763541221618652,5.280463695526123,4.83722734451294
4841,7518DB6070244EA2884B64D614BAA1E6,2.532015323638916,2.5165791511535645,4.005496501922607,3.8540115356445312
4842,67A64D8AA0A84B1FB800DC35959EFA60,5.689476013183594,5.085421562194824,5.765311241149902,4.646988391876221
4843,D4FF83460E60436D80799D2CF64A21B8,5.631292343139648,5.879793167114258,5.690187931060791,5.161775588989258
4844,953B8F3E63DF4D8CA4E1278659A11E54,5.730320930480957,4.671478271484375,5.631093502044678,5.084347248077393
4845,0E951AEAFD514FFB867CEA6B9716E6EF,4.036371231079102,4.932325839996338,4.22809648513794,4.373630046844482
4846,EB270B00C99342D0835811543D6D4A1A,2.427790641784668,3.043083667755127,3.906355381011963,3.890394687652588
4847,059CEB4EAE264C6DABF4B13209B16CD2,3.3784825801849365,4.6767988204956055,4.220698356628418,3.822796106338501
4848,C9C2C4391D4D4B5787A3DDC5ED3D312E,5.475891590118408,2.7997188568115234,5.651258945465088,4.2959513664245605
4851,D4119DA44FD640F09AC6889DB78F9CCE,3.6615471839904794,5.17579460144043,4.3448028564453125,4.742053031921387
4852,2797F176405B48DBB5A6966448C9A37B,5.75230073928833,3.0165834426879883,4.947950839996338,4.363855838775635
4854,3B8CD7E6A73442A4AF9E166C40BFDCBC,4.875744342803955,5.475232124328613,4.928192615509033,5.161531448364258
4857,1D3C73417F4A4967945759AC135E9F91,2.4522831439971924,3.8674023151397705,4.0970540046691895,3.7811005115509033
4859,8531C4436D594873B71C6D500167440C,5.743449687957764,5.154103755950928,2.411113977432251,5.497895240783691
4860,11045EA5FE23442FA24E05DDE3B16EAB,2.8290600776672363,3.80272912979126,4.664149284362793,4.226063251495361
4861,35244B8BBC4447BBA8FCCC6D72D8C277,2.9217333793640137,3.476288080215454,4.029273986816406,4.457574367523193
4862,60B613ABB0C74158834A2CDB3C5ADBD6,5.308578014373779,4.422083854675293,4.635210990905762,4.465631484985352
4863,D27E8BA530B6409E9EFD9A665D11B413,5.562806606292725,5.309091567993164,2.860753536224365,5.338160514831543
4864,6801037B12EA4A1DA051A66D824BC988,3.245028495788574,4.388245582580566,4.285959243774414,4.441030025482178
4865,CEF983DB1EC143EA9AF03F616A805184,4.16448974609375,4.977618217468262,4.9256272315979,4.563433647155762
4866,6F861582C0F5426081ADB8B31C3C0C63,4.772287368774414,5.014491081237793,4.773718357086182,4.086220264434815
4867,5B9B5EFCE3644D1688E170674F719FA7,5.681687355041504,4.7307963371276855,3.5773301124572754,4.072977066040039
4868,B58A0ACAAB484CD09243987DA9644DC5,3.889500141143799,3.553632974624634,4.293247222900391,3.797909736633301
4869,52958D6E9B9D4195AEE7F4C0F585C35E,4.814278602600098,5.070828914642334,5.224459171295166,4.778990268707275
4870,DF8D87B19E1C4505AB5A95F6F2659DC4,2.4074249267578125,3.458730459213257,3.395918846130371,3.754452705383301
4871,5DEC846F665044568AB5E910160C4100,2.4954419136047363,3.406251907348633,3.7958598136901855,3.511732339859009
4872,5AC65B5622094D25B1073F6941DA0BA0,3.6780364513397217,5.070405960083008,4.052417278289795,4.055878639221191
4873,A699871E34624BD283B1875A456DF080,5.136523723602295,4.74104118347168,4.979259967803955,4.6277689933776855
4874,9D46A92960C2458AA204831F4E8DA546,3.679898738861084,3.0142624378204346,3.6976747512817374,3.6451010704040527
4875,475241C33F7346D4B226B27E6A98729F,3.162477970123291,3.286510467529297,3.782844305038452,4.626049041748047
4876,74A3B71144774076BEFDCB67DA58D0EF,5.49982500076294,5.1054768562316895,2.478875160217285,5.337961196899414
4877,71B1CA6FF2734024BCE145CD9D04A2CA,5.538832664489746,5.693811416625977,5.122410297393799,5.241749286651611
4878,12F6B02C0DA54A939FE58C6F20AE9F50,5.660098075866699,5.861944198608398,5.802084922790527,4.91178560256958
4879,AE1D8122DFE94EBC912246B4E4112046,3.4911506175994877,4.042349338531494,3.8008861541748047,4.099895477294922
4904,C617ECC6E48D4D029DC30DF9F3D3E959,2.4458961486816406,4.369310855865479,4.20001745223999,3.519651174545288
4905,8FDC2AFDD59346CE9113CC9EF75D2184,5.755561828613281,5.689186096191406,5.514595031738281,5.183422088623047
4907,286EDCAD7B2D46C68AC013DBA2DC7796,2.198728561401367,3.446826934814453,3.174233913421631,3.3005833625793457
4908,7378E75D71394AE8B91F1EBD2E13861F,4.68508243560791,5.238258361816406,5.351024627685547,4.874475002288818
4909,BA8CCC6DED774D69A3B8D347E669DB4A,2.583601236343384,3.9929139614105225,5.109700202941895,4.2204413414001465
4910,286D9DE9444E46F781A7D2623E219C3B,3.852379083633423,4.398115634918213,4.867509365081787,4.214718341827393
4911,552D8E85DE8D47AEA694C39CC7B02049,2.779798984527588,3.5879812240600586,3.7500479221344,3.4479947090148926
4912,1273CD390DDE43BF8CF5EC6DF3E4B41B,5.650525093078613,5.385004997253418,4.875870227813721,5.446194171905518
4913,22BD6AE327DA4FEB8EB9EDB98468BC0C,2.657545804977417,3.373591899871826,3.806758403778076,2.66316819190979
4914,64A74D73AD0C49E9B2AE0E7736AB3B2C,5.52946662902832,5.178400039672852,4.414231300354004,4.80770206451416
4915,01C3EEA4DCC74108B596351074CD343C,4.815286636352539,4.9922194480896,3.904266357421875,4.2890729904174805
4917,DDA8458B341C41E8A377D4929F31EF87,2.36246109008789,3.974825382232666,3.873782396316528,3.168071746826172
4918,61A13B482CA74777A9B903EA74B0E610,4.094564437866211,4.936805725097656,4.423532485961914,4.038825035095215
4919,F8D52DE7E5634302BB8D6890E6DDBA3F,3.345421314239502,4.1045241355896,4.7049560546875,3.620192766189575
4920,3098D9AAF3544E849390DA0FB054F55B,4.521284103393555,4.896243572235107,4.830358505249023,4.338189601898193
4921,340D67B548C147899AF8DB5936B36BAC,3.7952067852020255,3.745139360427856,4.425394058227539,3.4633469581604004
4922,3B7C154E57534AB58525C230625B86E9,4.112376689910889,4.778801441192627,4.139474391937256,4.055515766143799
4923,124E3AA26CD240369E634B903D6D3088,5.788710117340088,5.503763675689697,2.3818438053131104,5.438966274261475
4924,3AB6F7A6A15445CAA9020DBBD1F4E14D,4.416380405426025,4.639444828033447,4.889752388000488,4.21368408203125
4925,45F29A2678224BDCA3CA39C1C770EAF1,5.185370922088623,5.2660651206970215,5.269349575042725,4.17719030380249
4926,3FB5109B49754D9D996A1DADE4CC1DAD,3.6674957275390634,3.7529489994049072,4.506368637084961,4.016839981079102
4927,8045543092A0404BBE680801D829C4A6,4.58474588394165,5.5285162925720215,5.404293537139893,5.210600852966309
4928,9FC28CBD7BE24C8B89A0762C1B3CE6A0,5.725514888763428,5.303252696990967,4.896975040435791,4.796643733978272
4930,45CDF33E262043DA9F2DEF3A8C7253A9,3.2869246006011963,3.935812950134277,4.75885820388794,3.772324800491333
4931,5CFF46D109FB4D2A9A15C879C8FCB16E,2.9229040145874023,3.503258228302002,3.857156991958618,3.918869018554688
4932,AF982C9630514EF4BD3499E2E62216AB,5.801541328430176,4.641096591949463,4.763559341430664,5.132410526275635
4933,9F5BE0B6F53248A6AC5F5000ECB8BA5C,2.909551858901977,3.77512264251709,3.916439294815064,3.251204252243042
4934,B818BDFD691B412F9817D4E71EFA697C,2.282184362411499,3.5018458366394043,3.6792185306549072,3.8397743701934814
4935,2E1D1258402D4913914E237B9735BA7F,3.752268552780152,4.300321578979492,5.298023700714111,5.007110595703125
4936,3B5F030A35674195B8F8A8A2C1E644A0,3.091162204742432,3.2116262912750244,3.650827646255493,3.521835803985596
4937,6D30C77AD5544B39B2F7855A4987B48D,3.5594699382781982,3.678767204284668,4.20997428894043,3.1563494205474854
4938,803E95B4EAFE481CA79BA39C29801D3D,5.779175281524658,5.405466556549072,5.679381370544434,5.64664888381958
4939,4E2FDCC4E3D54CD7A0FE09FA8537D9BF,4.652837753295898,4.996285438537598,4.997126579284668,4.546659469604492
4940,F95CB19F5477411AB2B6634A2E622DEB,4.658423900604248,5.011476039886475,5.352860927581787,5.222778797149658
4941,9E264DC46641457DB60FD8AF3DA3F298,5.807936668395996,5.942880153656006,5.797248840332031,5.604706764221191
4942,5C328FDCD5524B8897371EBC6E800B43,3.257907629013061,3.825063467025757,3.7298226356506343,3.874760866165161
4943,D4F16E2C121740D5A9EAA2A101B7474D,3.5467443466186523,3.898860692977905,4.6241865158081055,4.039182662963867
4944,48982E913CEF45C3B313339316D2495E,5.760995864868164,5.909604072570801,5.541294574737549,5.407502174377441
4945,B9263152A1514E94807BF2AF6F77EF34,5.289465427398682,5.240515232086182,5.876172065734863,4.784658432006836
4946,0853373A4C2645C192214D0CAF00B7D7,5.430011749267578,5.647526741027832,5.5219926834106445,5.050649642944336
4947,39882E066962446C8C70AB02C7735953,2.6014132499694824,4.268391132354736,4.232245922088623,4.147674083709717
4948,5859C55E4C5C4609A2197E33E865190C,5.731762409210205,5.799582481384277,5.812255859375,4.615414142608643
4949,503F4FE4D5494640B46F3A91230C07CE,3.518984317779541,4.738779067993164,4.711179256439209,4.525753974914551
4950,4B521C09D5F44F2C9C02A05055E88874,3.11958384513855,4.056551933288574,3.752870559692383,3.82682204246521
4951,BA719498A9354A66B59B7368209EDEE4,5.641290187835693,5.718967437744141,5.795251846313477,5.415232658386231
4952,D7FF797F56EA4643BC262147BB8F8437,5.844968318939209,5.863140106201172,5.356773376464844,5.473413944244385
4953,38F0713B7CAE47A8A99183E63455B086,2.109600067138672,2.371135234832764,3.2152299880981445,2.4811947345733643
4954,834EF4A570824C45AA294311F539082E,5.665339946746826,5.390807628631592,5.365030288696289,5.19061803817749
4955,0CDE4FE3DEAB4D95AB77BA3952248293,3.80538272857666,3.847893953323364,4.977078914642334,4.055098056793213
4956,149A52792BED44CBB0251676B7D236F7,2.674179553985596,3.811710357666016,3.6796133518218994,3.194199800491333
4957,0208C5606A07456C9385EF2096200189,2.9960336685180664,3.3423972129821777,3.1004228591918945,3.25309419631958
4958,4D2A011246E24A478CBD4B3E79F512E4,4.446114540100098,5.168622970581055,4.496729850769043,4.467864036560059
4959,654617A0544B406E9CEF87AA74EE77A6,3.321897029876709,3.696022748947144,3.961724758148194,4.376708984375
4960,C432E5FA24314FBEA71A745C69D5501F,5.815669536590576,5.535543441772461,5.78025484085083,5.410593509674072
4961,E0621ADEF8644B609E3FC266970457A9,5.58242654800415,5.346883773803711,5.845988750457764,4.871899127960205
4962,EE0B275AE21145D980B3AA92B1C7FD6C,5.727667808532715,5.7852463722229,4.714745044708252,4.971958160400391
4963,F2B1488FD02E4FB1A36B6744B704B08C,5.640915393829346,3.200080633163452,4.863806247711182,4.76212739944458
4964,7067CDA062EF450BA5C3B48823CDB72B,3.342981100082397,3.826674222946167,3.9695680141448975,3.4525609016418457
4965,E4400F1D56A447E6805958D33387FE19,3.729234218597412,3.8673629760742183,4.123640060424805,4.066718578338623
4966,BC0D763827034586962DEBBCBC922BB0,4.6981611251831055,5.669472694396973,4.6118879318237305,4.517139911651611
4967,454EAC793A894DF0866E102219C00381,3.410055637359619,4.283426284790039,3.7439353466033936,3.2362704277038574
4968,410BFE361E18440788A57B566C8CD495,2.5662121772766118,3.297064304351806,3.374154567718506,3.164172410964966
4970,1ADD51A9711E47CF9A63D021229ED603,5.756343841552734,5.561051845550537,5.792611598968506,5.024787902832031
4971,771273692A67432992DE68E428D065BE,3.3209645748138428,4.148969650268555,4.328176975250244,2.9332022666931152
4972,121D2A7C965B4E7B911C73BF98EF9A43,5.617377281188965,4.80636739730835,5.075079917907715,4.846452236175537
4973,3DF030AD073E4D6C9512CABC66E56D8E,5.18651819229126,5.428321838378906,5.704465866088867,4.450044631958008
4974,076455014189415A9BD353EF6AB2BF73,5.117857933044434,5.310689449310303,4.236629486083984,5.194568634033203
4975,80A7BB8FFF7243D6A5E2ABE625295932,5.660823822021484,5.475061893463135,2.8661932945251465,4.652421474456787
4976,2760BF1F70B0435BB565C27AE75A5007,2.64992094039917,3.187289237976074,3.4020743370056152,3.454967498779297
4977,6A09E09E7A5F4787AE88FB336C75CA22,2.335794448852539,3.7347629070281982,4.124202728271484,3.4670870304107666
4978,BDAC96DA199046C9B8D0103D232FBDE1,5.640646934509277,4.445672035217285,4.447703361511231,4.48947286605835
4979,FDBE692821F143698F2CF83E607049E1,3.04045033454895,4.743351936340332,4.012896537780762,3.756850481033325
4980,AA45998D43F74E219F2087F0B8B1B196,5.582263469696045,5.599791526794434,2.7314298152923584,5.0667009353637695
4981,BCD8190ED3F64A189317DE89E76175C6,2.5683984756469727,3.641000270843506,3.565101861953736,2.6309638023376465
4982,8D6C5FE6BCBF42DC929061C73F06E6C9,5.3983564376831055,5.732120037078857,3.8351523876190186,4.473261833190918
4983,D01B74700B274A0E8676585898E7F68A,3.5876681804656982,3.548542261123657,3.310529947280884,3.171333074569702
4984,9A7B751B43D04021814BB7A90D439E6C,3.733677864074707,4.032839775085449,5.037558555603027,4.960097789764404
4985,A1EF3048839945A2ACEA52F132065CC1,3.752946615219116,4.088601589202881,4.44284200668335,4.19128942489624
4986,6DDAECC337494564A45ADFD66DD3E0E4,5.414577960968018,3.382488965988159,1.3265488147735596,5.0588698387146
4987,7359A3A0574F49B19ED24DB0BF54D1EF,5.547520637512207,5.662990093231201,5.540712833404541,5.15384578704834
4988,CB0A86F8CEBC43C3A85F0B1199B3D566,5.716536998748779,5.693331241607666,5.676807880401611,5.305006980895996
4989,E89DC7CA6504422191C05269DDA4790F,3.5660593509674072,3.450770854949951,3.919933319091797,3.7824184894561768
4991,F9E471CDAF504D37B97A807A75833603,5.115363597869873,4.655977249145508,4.704348087310791,4.403501987457275
4992,1012B88E83014C03AFFBCBC7C7D16A59,5.505097389221191,4.875938892364502,4.647937297821045,4.816284656524658
4993,B27C93FD715247A898B95DE597A9DE3C,3.264467239379883,4.047815322875977,4.282752990722656,3.537306547164917
4994,776ADF09D32640449A1785E66743410F,4.487356185913086,4.588204860687256,4.210733413696289,3.8888673782348633
4995,8B8C440A7CDB43EC8114908774015140,3.857146739959717,4.52101993560791,4.7324323654174805,3.119575023651123
4996,0979582DCA1F4F28BF1C899C8B88808D,5.307972431182861,5.30058479309082,5.463033199310303,4.784772396087647
4997,8AB362E6607B4352B1C8DEA698C95D2E,5.706985950469971,5.51302433013916,5.584451675415039,5.470438957214356
4998,F73DE399988643489C9065ABF9613276,4.363526344299316,4.066797733306885,4.34161901473999,3.981236696243286
4999,235087364E884DCC9B5618A8133DB70B,5.629362106323242,5.765528678894043,5.865097999572754,5.223341941833496
5000,CEEA5CEF27EB45FC811DA56244193E28,2.4577739238739014,2.485649824142456,3.402066230773926,3.217886209487915
5001,46CEA4F792BD4D1BAF268A73190E664E,5.648649215698242,5.764172077178955,5.751321315765381,5.16231632232666
5002,9EA7C85A90FF4B04A88245671B43E353,3.7810215950012207,4.184954643249512,3.68986701965332,3.936293840408325
5003,D795E04D0C624D87858066E662CCC4A4,4.607971668243408,5.072402477264404,5.317487239837647,4.939327716827393
5004,7639F04D92B74827BC5293BD92952A9C,3.334017515182495,4.095170497894287,3.52701997756958,4.296864986419678
5005,70CAA027E6AA4657948184B4F908F4DE,2.989296197891236,4.008346080780029,5.230629920959473,4.602527141571045
5006,5B686D7191734869B0BA7ABFB1CCC796,5.765345573425293,5.53917121887207,2.262599468231201,5.188708782196045
5007,063E9332CDA04EE99AEBEB756121BDAF,5.776046276092529,5.750494003295898,3.583358764648437,4.982478618621826
5008,3FCCF0A57A29416DAF75B1C0606DB423,3.0082333087921143,3.950070142745972,5.040873527526856,5.263198375701904
5009,E423793BA33740CAB8CB1E2977873742,3.435211420059204,3.7676961421966553,3.5178041458129883,3.820075273513794
5010,B1D6DFB043784651A5C31CE540865B69,5.7251973152160645,5.793986797332764,5.750312328338623,5.359036445617676
5012,16C644CCF1F34D32900B6D833C2A8597,5.700605869293213,5.128213882446289,5.010435581207275,5.221590518951416
5017,29F9283148F443B2BCC4D64A9C9693C0,4.8653717041015625,5.492095947265625,5.354214191436768,5.227227210998535
5018,990192B92AA2476D939433A486FF6740,3.153095245361328,3.187915802001953,3.403704166412353,3.5933334827423096
5019,49EF8F47772044EFADF810E150A6535A,2.98388409614563,3.528728008270264,3.5969724655151367,3.642719268798828
5022,0AA37D5D01BA4B76A3FF64C0B1F49B70,4.544190883636475,4.7250566482543945,4.40333366394043,3.770892143249512
5023,FD19CDCD554F4AFE8E1787FDCDA84A49,2.8402130603790283,3.683187961578369,3.601141452789306,3.402116060256958
5024,2D9111ABEE60470DB4634FC73BBFCEE4,3.644193172454834,3.3374273777008057,4.424117565155029,3.525397539138794
5026,73C9A33B152146C3B4EE43AC46030CC6,5.724743843078613,5.778873920440674,5.288796901702881,5.225592613220215
5028,A929C898393F4D349BD534CACBCAED47,4.608822822570801,4.209411144256592,4.91586971282959,4.846738815307617
5029,470AA9BFCD874AAF9FC46EA8471AF241,3.566951274871826,3.511859655380249,4.140546798706055,3.742520809173584
5030,0AF3E3CC85D14A76BB40B747590A18CE,3.365460157394409,3.854766607284546,4.278911113739014,3.650913953781128
5031,11CD5EC4C46E4A3CB2DB91F7F0105A0A,4.80215311050415,3.9699435234069824,4.44003438949585,4.315276145935059
5032,1F7C736B047F40C381465D3293A13264,5.824332237243652,4.89653205871582,5.238865375518799,5.217803478240967
5033,938527858B364F458E8574E4F2B2DC9F,4.06731653213501,3.8637657165527344,4.309253215789795,4.43300199508667
5034,5B92EE67EC2544C59D4A01CDB3379C3E,4.244119167327881,4.180265426635742,4.20978593826294,3.681018829345703
5035,D3C47E40F81B4230A2E771EC4C15B001,3.655139923095703,5.312691688537598,4.846993923187256,5.346344947814941
5036,12464619155E40238F23BDE45C5443AD,5.694551467895508,5.436912059783936,5.762764930725098,4.9211249351501465
5037,429EB310907845B3B33011556770C287,4.405941963195801,4.5802764892578125,4.278038501739502,4.617753982543945
5038,2F16F79F8E3B43A1A7A0833B1AE9724E,3.9481310844421382,4.103764057159424,4.045287609100342,4.267751216888428
5039,9B33E5D7F729415E9E3E44AED0698E70,2.9602787494659424,3.880568265914917,3.980137825012207,4.819802761077881
5040,4A33C8ED20524EDAB12D9E6D4512A95E,4.04238224029541,4.23175573348999,4.064536094665527,3.902245759963989
5041,65A4C986F12C46E49AC13DFE192E5A5C,4.21901273727417,4.633358478546143,4.742941856384277,3.3947229385375977
5042,3C2CA450255B48CB8E91897662985DC5,5.792132377624512,4.806207656860352,5.666264057159424,4.978723049163818
5043,7E697D77A21C4D83BDB1F04BB5E52CE0,2.276573657989502,3.260972738265991,3.673525810241699,3.3307015895843506
5044,1178C8EFC7204BC6899895C71EA5905A,3.333366870880127,3.392500400543213,3.795112848281861,4.3319172859191895
5045,9FB18A9C421942BEB0D887F87DBF8364,5.790305614471436,5.544056415557861,3.661000967025757,4.963071346282959
5046,9FACA33E1CA34ADEB1AB3319776B1BE3,3.2292304039001465,4.2699360847473145,3.81659197807312,3.8690998554229736
5047,DD57C09887D742EF972D7A1188224826,2.9094462394714355,3.866811752319336,4.133851528167725,3.685055732727051
5048,75ACA6EF88884863B7D3EA2AB6B01375,2.7281088829040527,3.813659429550171,4.111323833465576,2.6820945739746094
5049,4A4F931CF9F941C4BD5C090C09FFC3D0,5.40033483505249,3.0315380096435547,1.2696776390075684,4.708653450012207
5050,B5390E67D0014E268733B7E1F49D8244,3.5083515644073486,4.599095821380615,4.600388526916504,3.53324294090271
5051,68A2E0B84F7A42FEB7B7D309888A0B7F,5.760656833648682,5.725468635559082,5.680582523345947,5.39064359664917
5052,BDDF56645B974630B1B55C20EF5C9D29,3.997007608413696,4.085094451904297,3.8433830738067623,4.230101108551025
5053,910D1775572B48E4B3886EB5D4B82C26,3.4526374340057373,4.514448165893555,4.35472297668457,4.400693416595459
5054,729BBAA2F6AA4999B6F2DE36CD62D672,5.597119331359863,5.364490985870361,5.056013107299805,5.0620880126953125
5055,0E0F45A43A944D4DB5BB7DA091675FDC,5.5481276512146,5.563385009765625,5.793137073516846,5.54655122756958
5056,D875A27F92AD4F7DB26E5CC0E4391095,3.76685094833374,4.075179100036621,4.034884452819824,4.036983489990234
5057,D4D20AEC949043A4AE0A59D7BC75F35D,2.7649617195129395,3.1580913066864014,3.9683175086975098,3.1578028202056885
5058,385934DCE1CE4E96891EDE6F2046C123,3.3347182273864746,3.942092895507813,3.991456031799317,4.628201484680176
5059,14F6E1C5489244FCA53EEA52723D184B,3.77582597732544,4.271074295043945,4.259261608123779,3.810100793838501
5060,64181C9BD6B14663B2E12AA8481ECCB8,5.8420000076293945,5.689773082733154,5.557428359985352,5.644327163696289
5061,F7F26F634FA14298B3644461428C5235,5.414524555206299,5.2254557609558105,4.806469440460205,4.840726852416992
5062,8E540E9A87E64F10B502EBEFC259E6D8,5.84050178527832,5.857570648193359,5.172086238861084,5.420912265777588
5063,DF2466F8ACD541A894816E3F8078618B,5.353209972381592,4.790340423583984,2.951151132583618,4.056698322296143
5065,0F529642757B4606A66218234DB33233,4.759796142578125,5.032411098480225,5.107090950012207,4.912785530090332
5066,ECE69676A94A4472930E983271324DE8,3.726089000701904,4.238849639892578,4.162437915802002,3.5674314498901367
5067,F195FB9A6E66495FBF1789FA639871B7,3.3879973888397217,4.618229866027832,4.354933261871338,4.111481666564941
5069,98D7F86E7D03430D8B240B0A43ED7517,5.066729545593262,5.104978561401367,5.497717380523682,5.026591777801514
5070,D46BE7DA10364C449462CA62B622BC12,3.6785500049591056,4.949919700622559,4.256547451019287,4.088279247283936
5071,7A4DF47EC5B94EA8B87E161BDBCD63E5,3.2931416034698486,4.073127746582031,3.9128787517547607,4.214085102081299
5072,E5BA0D6A7AD641ECB4F32C9243B95B8D,2.097644090652466,3.1815922260284424,3.3200817108154297,3.4344265460968018
5073,1EB3FDEA86BF4FADB47DCD61CC51EBD2,4.284952640533447,4.935324668884277,5.073517322540283,4.563356399536133
5074,6F1CBBF533844A77A9B9F9547B9FEEEA,5.708989143371582,5.769636154174805,5.832848072052002,5.350241184234619
5075,357805C9BEFC4676B8297A728BED3401,3.0147221088409424,4.478985786437988,5.104128837585449,4.088333606719971
5076,94F9CDBD19AB4C17B1708F90734737F5,3.168519258499145,4.222567558288574,4.107667922973633,4.452592372894287
5077,F13CC56646EB47E39B6EF665E5F833A2,5.755961894989014,5.495540618896484,5.784543991088867,5.240396022796631
5078,5F857C4BA1EF49DBAA2888875A01B2D8,3.195930004119873,3.90433406829834,3.984309434890747,4.840110301971436
5079,BF9598EFA22B45F6A369CF7EC7CC9917,3.753528833389282,4.612691402435303,3.653830528259277,3.528814554214477
5080,D39096A2C2F144FD84731DC33B79D76A,5.575165748596191,5.709732055664063,5.701014995574951,4.84345006942749
5081,324D094BE0FD46C395C631D197F3EE52,3.3216488361358643,3.703650951385498,4.810343265533447,4.366428852081299
5082,56C42196CD5148F199BC02A36E4F43B2,5.871302604675293,3.915456771850586,5.946638107299805,4.721768379211426
5083,1099916840D840E993FFCD9246A1FD69,3.025881290435791,3.566950798034668,4.431757926940918,3.845867872238159
5084,DDBBFEC7BFE14872AD05015F5E2628A8,3.2902841567993164,3.859971046447754,3.777111053466797,3.3093059062957764
5085,F973A29F9F55487C9031FAD5DB7980F8,4.173339366912842,4.996993541717529,4.640796184539795,3.174386501312256
5086,26963DE0661645E9A3B401F9028C6167,2.318718910217285,3.61218523979187,3.823631763458252,3.797218084335327
5087,876956F4790C484DB4CF605890BE8F0E,5.4632649421691895,5.836647033691406,5.7382636070251465,4.85001277923584
5088,EA8381D416CA4A54A76DE392FEA07B5B,4.405157566070557,4.7816901206970215,4.833372116088867,4.614948749542236
5089,02005180DD3F429DB8D8609BD1BAA324,3.9084320068359375,4.827702045440674,4.337475299835205,4.40338945388794
5090,8BB284D0230149309B28A5A156F2929E,2.38484787940979,3.0557966232299805,3.0416808128356934,3.0629498958587646
5091,0D0C71AD14554F87A50A412A134BEE20,3.6127872467041016,5.063139915466309,4.124840259552002,4.243696689605713
5092,F4B8D688DDC74840AF7D252BFC0F1CA5,3.067435503005981,3.310318946838379,4.133292198181152,3.403764247894287
5093,75245C8C847A4403A92984DC5EDA7D74,3.662038564682007,4.295610904693604,3.971752643585205,4.478973388671875
5094,575070D4EFA046F9BC19051ECABE1F75,3.641709804534912,3.7129757404327393,5.062961101531982,4.8749871253967285
5098,101BC14468D9424BB044FE88C13CF6A9,3.141291856765747,2.8433680534362797,2.8142218589782715,2.8259665966033936
5099,DDDD1178C8564DE690D9D614B6E43E8C,5.238726139068604,5.900418758392334,5.848993301391602,5.42456579208374
5100,FB9B0BDE2ACB468084D562B9AFF360D1,5.680005073547363,5.649900436401367,4.440383434295654,5.143942832946777
5101,94F9978CC10941748792AD87525AB043,2.7935540676116943,3.801546096801758,3.624009132385254,3.777682304382324
5102,6EE52562390F4564BA965E2054A24FD5,2.795687437057495,4.046114921569824,3.7734415531158447,3.0075197219848637
5103,C4CC1A11EFF24F8B99E5D444DC1C547B,4.890745639801025,4.9310712814331055,5.39119291305542,5.148341178894043
5104,E67EB3C72B2A4AF78C78DCBD110CD609,2.504204511642456,3.743936061859131,3.830188512802124,4.469517707824707
5105,2588AB0BB0B94E3099C70393ED15FA82,4.147893905639648,4.089376926422119,5.268972873687744,4.434658050537109
5106,2F3CA7D08E4341AF918BD3B042C663EB,5.744551658630371,5.679825305938721,5.746049880981445,5.105774879455566
5107,A5D5C5D303C046158F22ABA506F32C37,3.5214359760284424,3.6656084060668954,3.963703870773315,3.8745040893554688
5108,D04E68F9128A48209E6AC6E6C3381DD4,5.6930670738220215,5.805434226989746,4.414697647094727,5.113651752471924
5109,6AF1A91E12DC4A4C83648DFF72280AB4,4.060418128967285,3.978875398635864,3.9057557582855225,3.7148220539093018
5110,97C33B3B66C544AE830AA34516E410F3,4.830146312713623,5.581681728363037,4.977106094360352,4.914566516876221
5111,D7BCC7E32DB745F6BD30AA733F208E3F,3.277052164077759,4.408485889434815,4.538611888885498,3.55464768409729
5112,F95146BAF27D488BB7E5067AF3819BC5,5.616007328033447,5.404110908508301,4.8369221687316895,4.767428874969482
5113,8B3F2F2F4BD0449AA34977F9D9E1FFE7,5.701980113983154,5.535655498504639,5.818575859069824,5.6803059577941895
5114,6CAA55791F5E456C9F7E2D246E81C8FA,5.753590106964111,2.7286226749420166,5.057060718536377,4.961136817932129
5115,67E7D55F665A49D38C82E49C72B7077B,2.7487218379974365,3.1086668968200684,3.8581488132476807,3.3914809226989746
5116,D6BE20A4C7304788A423C15148228856,3.1131720542907715,2.938006401062012,3.830778360366821,4.330358028411865
5117,FB75FA2239D64E6880DD34C1FBAE1708,4.837840557098389,5.280988693237305,4.920583724975586,4.457895278930664
5118,957B4C4631E84C4CB58C09ECB9AEB119,3.2033350467681885,4.376503467559815,4.06724214553833,3.5125014781951904
5119,0EE9C57921A1405EBF309B4A0F5784F9,3.7969915866851807,4.128935813903809,4.529081344604492,4.3534321784973145
5120,FCC8D9FC3CAD44BC9AA129B5A96241D4,2.9028353691101074,4.271085739135742,3.922227621078491,3.894144058227539
5121,6D28F7F1FCE045C0AB5899062D83A846,3.0927164554595947,3.609945297241211,3.0874156951904297,2.715019941329956
5123,2284CFD9254A4037B906C5838D380E51,3.786588668823242,4.979361057281494,4.979782581329346,4.64229154586792
5124,3D338FE747B2435A836A60675BFAB5AB,5.082793235778809,4.144910335540772,4.664209842681885,4.395187377929688
5125,2037AED74826402D8038FC6D2BAD1198,2.819552183151245,2.7533438205718994,2.7973921298980717,2.3672657012939453
5126,ECB0463EFD804278A8AE4CEE3D360CBC,4.188766002655029,4.002343654632568,4.540456295013428,3.468778610229492
5127,FFDA8C1F33634996919340629B919A5D,5.704687118530273,5.724581718444824,5.565867424011231,4.934582233428955
5128,50C4D0D96B234816A8849A7C133C55C9,5.6297807693481445,3.625354766845703,1.3744324445724487,4.855937957763672
5129,A47B50162D1148BF9E383D9BB5DC4364,4.339792251586914,4.97659969329834,5.523449420928955,4.084729194641113
5130,6BC26EF615BE4597B655FD7D9C523115,4.291633129119873,4.996428489685059,5.621368408203125,4.513835430145264
5131,44C741E5295449BCA699E142EE403E09,2.232730865478516,3.501617908477783,3.588559150695801,3.806473970413208
5132,5E88B8FF9E1F419794449AE09FD26074,4.118395805358887,4.4917426109313965,4.117701530456543,4.206170082092285
5133,68CE89A60F194571BD2AFD71D0E094F4,5.679614543914795,5.597138404846191,5.83089542388916,5.432051658630371
5134,327FEB111FA84F148BCF4D5B276BD79B,3.638175249099731,3.946679830551148,3.7240824699401855,4.448072910308838
5135,9E8FBAEC0266420B83C3C0701936DD74,3.011268377304077,4.050308704376221,5.477097511291504,4.491036891937256
5136,4AFF2DE54634410BAA59EAA6A44A077E,2.480409622192383,3.196333408355713,3.8445332050323486,3.44146728515625
5137,7D0E8987D20746DE897948ECF7D9F2DF,4.233788967132568,4.636417388916016,4.769279003143311,4.045883655548096
5138,7A3E53A648D04F6182A94EE11FB32D52,3.8452768325805664,3.8822197914123535,4.478425025939941,4.41063117980957
5139,F275751D6E3646F7BAD36D7BE6A2216C,3.29777455329895,4.404074192047119,4.433817386627197,3.750415325164795
5140,EE57C02184CF4ED3B7C0723E162921D2,2.310375690460205,2.835106134414673,3.0936665534973145,2.9303741455078125
5141,7D11131668FB4BC78AD2B4FFA73D63C5,5.582438945770264,1.944606184959412,2.9080536365509038,5.1740403175354
5142,CA8A63ECF4FE480C8B8C9C10B9F402BD,3.711440086364746,3.679051399230957,3.7082090377807617,4.5020012855529785
5143,86536369F74142B0A1665EC8D8EE4133,3.988947629928589,4.002110481262207,4.849278926849365,4.259777545928955
5144,D644051CDD274BE0B769A0C67C3D6263,5.3050456047058105,3.785771608352661,4.54708194732666,4.912944793701172
5145,20576B9BE59F4027AA731D2229D46A86,3.266091823577881,3.7743349075317374,4.50269889831543,4.430171966552734
5146,8D1AF2C0B2D14AB2A6650026BD38E3E1,2.952338218688965,3.149388313293457,3.564688205718994,3.460482120513916
5147,2CE8FB1F408B44F093C8CD8CA66F3357,5.67014741897583,5.485669136047363,5.820037364959717,4.71384334564209
5148,8D7E960519B343E99AB4A7B33E1D613E,5.837114810943604,5.634472370147705,5.543545246124268,5.568545818328857
5149,2F7A2D0C1B6045BD860D753D6EF5999D,5.5137553215026855,5.367839336395264,5.329541206359863,4.853800296783447
5150,BEBB8F15D6BE4B3DA89DD5E632CE085D,3.437612295150757,4.24737548828125,4.444703578948975,4.806907176971436
5151,29760B4C132843E3BF741451B41188DB,2.5771594047546387,3.837817430496216,3.3274285793304443,3.787364006042481
5152,67DFEF38AADC428DB14F3880ACE06AE4,3.1690988540649414,4.379978179931641,5.1528191566467285,4.700650691986084
5153,289066F6AC8D4CD78456020CE9053000,4.718017101287842,4.470264911651611,4.966270923614502,4.822487831115723
5154,E3362F5C831A48E4A452790FFFD7B49A,5.689408302307129,3.760533571243286,2.1499173641204834,5.139744281768799
5155,84220A3AB7074ABD9ECB0665696F6B6D,3.1853647232055664,3.7035813331604,4.027658462524414,4.857472896575928
5156,F3FBDF0460E748A7B3E74CD5E7AEAA2F,3.053105354309082,2.8906421661376958,3.7431914806365967,3.4035532474517822
5157,75F6BF20A01A4119B31FF392926F51D8,4.6244215965271,4.870228290557861,5.085386753082275,4.110986709594727
5158,631A1CFBF3084A89B85190675A68E0C9,5.8471269607543945,5.628746032714844,5.789126873016357,5.086254596710205
5159,2CA09E42AC144E0F8589C542EBC68C1D,5.543245315551758,5.737895965576172,3.8238601684570312,5.185571193695068
5160,D82598F1795943DEB83F3A2003690502,2.574427366256714,4.703499794006348,4.786380767822266,3.5684523582458496
5161,A112A84CF4F542B4A72355C5320D5BF7,3.847071647644043,2.527545928955078,1.2202281951904297,3.2410967350006104
5162,83F54A899B7B4F80BC673338351C070E,5.440237045288086,5.8337483406066895,5.709822654724121,5.094470977783203
5163,E5C6A6CB79474CDD810EE16B25D039FF,2.6112468242645264,3.420004367828369,4.027356624603272,3.6032910346984863
5164,82BE3A4AEF5841D98102BFC1CA702F73,4.402071475982666,4.275137424468994,4.1833600997924805,4.693991661071777
5165,EF80EA5B29C34BEE965136E07B65033A,3.9374492168426514,5.105689525604248,4.950873374938965,4.634600639343262
5166,ED5A5E891CD644CFB90768EE00D19ACF,4.442531585693359,4.541305065155029,4.674562454223633,4.765029430389404
5167,AA4F26C29E694FFAA7D940A3EE39A8B0,2.243130207061768,3.1747145652771,3.173797607421875,2.680297613143921
5168,A0352140A54941EA9C182E7D0A26BBFA,5.16507625579834,4.857087135314941,5.057532787322998,5.16776704788208
5169,E99180C683DD448381E69F529C673195,5.515305519104004,5.547499656677246,4.5492777824401855,4.662938594818115
5170,E6E647E5CE404489999DEC4F68C571BD,3.92174243927002,3.7839744091033936,3.657535314559937,4.447716236114502
5171,BE193DB52AE04E0EB0813A7F2F5856C3,3.4377613067626958,3.5232272148132324,4.133072853088379,3.1677846908569336
5172,D7D05169A740446D840874A0CC99131A,2.754451036453247,2.835479021072388,3.087654590606689,2.87369155883789
5173,7B6296D5E3EC402B8ABDECA8BA39FD7F,5.664609432220459,5.745080471038818,3.705540180206299,5.189520359039307
5174,A8BA20F69768420881D806F568442F54,2.974066972732544,2.791512012481689,3.9039695262908936,3.711242914199829
5175,575F6E409CEE4E4DA8CB45BC5F3F0D91,5.7223896980285645,5.815360069274902,5.628542423248291,5.23457670211792
5176,469AB914831142C3BA902D74E1156026,2.9448957443237305,4.212986469268799,5.307282447814941,4.414638042449951
5177,DDA88A6D4D9F4E67B0F5E8F84E6C058A,4.147212028503418,4.67310905456543,4.588217258453369,3.907334089279175
5178,DF1EDE16E34445359B1AF9ECEA243241,5.213399887084961,5.401201248168945,5.230510711669922,5.163764953613281
5179,32450D9020A14175B3EB1471362B1468,5.153860092163086,3.987532615661621,3.2197821140289307,4.774306774139404
5180,1A51D8E2CE7049BDBE28693DAABBABF3,3.3180534839630127,3.940529108047485,3.7696595191955566,3.641896963119507
5181,3F3F38D7A96F418688589E4E8234AE54,3.549255132675171,5.002785682678223,3.5366098880767822,4.152531623840332
5182,E578EB1DC0DB4590A8F87AAB21240330,4.741233348846436,4.277827262878418,4.723910331726074,4.6167893409729
5183,C9AC636C7DF445039BE84DDD2560E7D7,4.060523986816406,3.83677077293396,4.440623760223389,4.194904804229736
5184,CE343675126A4D768D47D8A17D6B7198,2.933066368103028,2.5171594619750977,3.417975425720215,3.1187868118286133
5185,415920631C804F14A78E5693F206DB05,2.5621426105499268,2.931893348693848,3.4674835205078125,3.869110822677612
5186,AF89BDF00CB241C090F7569C8918DCD4,5.649215221405029,4.265717029571533,4.934577465057373,4.790870666503906
5188,CEF90A9750A14975A1635F511125E26C,4.926853656768799,5.092410564422607,4.106393337249756,4.034158706665039
5189,86AC43B97E41405EA76294740819988C,3.476468801498413,4.3363237380981445,4.116335391998291,4.2665839195251465
5190,7EE8BD074D08465092037F61167610B1,3.647115707397461,4.15201997756958,4.084874629974365,3.3946971893310547
5191,435AF22D888C4FCC937126A91DB63570,5.254199981689453,5.0134596824646,4.683426856994629,4.789529323577881
5192,E0C738F22DFD4123B5CBA845211CC366,3.425867080688477,4.227058410644531,4.691380500793457,5.061574459075928
5193,D2D0F58199394C959B81A706DDD92467,5.614384651184082,5.044212341308594,5.822275638580322,4.725626468658447
5194,C56D462D22D544AE83944DF46F455E51,4.2598958015441895,4.636260986328125,5.310154438018799,4.394278526306152
5195,302B54DD01474F02A809FAA6D13B7FD6,3.1439313888549805,4.723983287811279,4.440075397491455,4.336137294769287
5196,86D9E5D7E44941BFBF9F5DFBCCDFE621,2.4319984912872314,3.606534957885742,4.442203521728516,4.126954555511475
5197,3B35B1EDCBCA4C48BAE27B36DFF4895D,2.7786004543304443,2.858758449554444,4.137885093688965,3.3954641819000244
5198,1FC94F7DD8044E74B009F03B525C6441,5.9317545890808105,5.499388217926025,5.758938789367676,5.5724287033081055
5199,81123A22E1B44B7C9191C9E93E480004,5.132991790771484,2.9214861392974854,3.962599992752075,3.722485303878784
5200,78CFD14BC60E4CD89845ED7BFCCD1A3A,3.699768304824829,3.5919506549835205,3.575779676437378,3.7438130378723145
5201,4F1729F06EF140F69A696046E704A971,5.391469955444336,5.632735252380371,5.723872661590576,5.136053562164307
5202,7CE8249F0BFF435AAD889F36C69249A3,3.516380548477173,3.818811655044556,3.416824579238892,3.799317598342896
5203,3D2D01C1DD7744F0944923586410B7E6,5.254205703735352,5.801560401916504,5.663542747497559,4.759093761444092
5204,D07EF52D41F747F0A7A3D65499269351,4.36713457107544,4.665633201599121,4.112947463989258,4.761865139007568
5205,1BB361ECB74B42C78AC11D59A282BC18,2.858516931533813,4.180181980133057,4.532415866851807,4.015660762786865
5206,1F6A296F93964BBA80602826110F77BC,5.680672645568848,5.728606700897217,5.285025119781494,5.364124774932861
5207,BB14F01A68C84342A30774BE7CACC194,3.5232293605804443,4.14720630645752,4.514341354370117,3.894183158874512
5208,89FC5F1EB68E46EBB28E48F6097DADFB,3.671155214309693,3.8309860229492183,4.1360931396484375,3.356128454208374
5209,76F308807FE84D79877CCB35C949F806,5.7303314208984375,5.640995025634766,5.538749694824219,5.0624213218688965
5210,55356FA0457D43A6984429D14D45DFDE,3.211000680923462,3.2063651084899902,3.984145641326904,4.197882175445557
5211,F53D3483AF2440749278B3EF34B65BC0,5.846012592315674,4.4153923988342285,4.934244632720947,4.606526374816895
5212,78B3FFF6DFD04735A8A31C935AC0E8DC,4.911324977874756,4.576307773590088,4.855587482452393,5.030503273010254
5213,E221924AFFA44D3C954FBCC53940D16F,2.202493190765381,3.5504515171051025,3.818571329116821,3.659828424453736
5214,CF2F4ECB472D4A8FB3F2B87E2FD4EBED,4.1733880043029785,4.881583213806152,5.1540727615356445,4.192502975463867
5215,2D2158AFE9164BBEB1BCC567DF16EE43,4.233570098876953,4.536124229431152,4.593653202056885,3.2942984104156494
5216,DA2BEA14C51E47A9A6B2DEB134324451,4.669395446777344,4.85552978515625,4.401210308074951,4.056771755218506
5217,230A457D46E94F7499CEA8BB7B10B77A,5.614970684051514,5.495135307312012,5.799513816833496,4.920820713043213
5218,C7988C84903D405BBBE4666A58D8D905,4.186748027801514,3.740377426147461,3.989943265914917,3.955228567123413
5219,B4472D7A006340DAB0479E9A94377B22,3.008327007293701,3.6961066722869873,3.940943479537964,3.368492841720581
5220,82841C33B7524617AA84350322BEB7C4,1.9775432348251345,2.9160144329071045,3.510622978210449,3.289680957794189
5221,C029CBBE13AA4D538C32C76414738045,4.43576192855835,4.381259918212891,4.978740692138672,3.906440258026123
5222,7234B1BCFE424ED7BF21B3736F2C7C1C,3.4277749061584477,4.558722972869873,3.808107852935791,3.6830689907073975
5224,B6A0D5F906824B068DCD76A97172F77A,5.462674617767334,5.4008989334106445,1.1367064714431765,5.359910011291504
5225,5628228E9A0B46648B985C76A36E20B3,2.9739580154418945,4.56082820892334,3.443471670150757,4.05961799621582
5226,11D6AF61B25E41388C456EB41EB024BE,3.5625033378601074,4.241186618804932,4.184335231781006,4.147023677825928
5227,D63B124998744FA3954B4A00914B14B7,4.030914306640625,5.152184009552002,4.057160377502441,4.525424480438232
5228,FC5DD9AFBACB4E549A203C324371F521,5.277826309204102,4.905771255493164,4.679401874542236,4.627108097076416
5229,1180D15B52964519B0D59955E9AC5824,4.342926025390625,5.615170001983643,5.500980377197266,4.728283882141113
5230,4525D99955E24C78ABCF0FF53552A248,2.737445592880249,3.547449350357056,4.39058256149292,3.893407106399536
5231,72B24CAB3612402FA1CE04E6DA551807,2.212253332138061,3.405003547668457,3.351548194885254,3.411667585372925
5232,A645095AB4DC40E49679CAB82501C8D5,4.491092681884766,4.770793914794922,5.138597011566162,4.515461444854736
5233,BD4E57AB370D4528A3DF938AE8F27B01,5.615643501281738,4.348516941070557,1.5542081594467163,4.80116081237793
5234,138134215E49412FAA4C0EBEE48FE2D8,5.581161022186279,5.924314022064209,5.4669599533081055,4.939552307128906
5235,F6789F620E9F41849A135518A39EE5D2,2.654365062713623,3.290064573287964,3.59002947807312,3.2811203002929688
5236,D79AF1D8DA49418DA0A2BDA5F5630BBE,5.763044357299805,5.272385597229004,3.3946828842163086,4.856215953826904
5237,1CCD98D1E9D84CD881101623E08497F1,2.058807373046875,3.528008222579956,3.7822320461273193,3.784485101699829
5238,8330F0524454414A8E702F7574809FBC,5.615912437438965,5.641496181488037,5.88179874420166,5.081029415130615
5239,51F4D7DF38CC4EE09363ACE27E909ED6,5.571715354919434,5.011440753936768,4.693898677825928,5.2046217918396
5240,648738E6540E427AA3AB6306F0714C5B,3.3933513164520264,3.819982290267944,3.525938034057617,4.122874736785889
5241,86B55BC8EA864172B417A87979C810FE,4.569557189941406,4.5922393798828125,5.081745624542236,4.760265350341797
5242,3FC39F1C3E124D2595F9FACB30BD45F7,2.517200231552124,3.352238416671753,3.349096775054932,3.848801612854004
5243,6D53A8DE8A58412BB41DC41224CE6C1B,4.622166156768799,5.317056655883789,4.7556891441345215,4.452910900115967
5244,9437853552A548C588AEF5BEFA1EF132,5.547521591186523,4.930264949798584,5.717748641967773,4.017560005187988
5245,4068D798CA4F443EBDA0836A346C7FAA,3.666276693344116,4.520361423492432,3.819168329238892,4.623348712921143
5246,5123A97E6C6445ECA08C12E7105F3D8D,3.7622711658477774,4.460144519805908,4.851203441619873,4.389810562133789
5247,F974179A9AAA418D829A7D31D00E6E67,2.3271408081054688,4.636008739471436,5.30107307434082,4.526072502136231
5248,2A38B41FB5C246239772EDB4E69C614A,2.748317003250122,3.487210273742676,4.525842666625977,2.684786081314087
5249,157476E370EE40AAAD63388D50DA4B3A,2.05196475982666,2.674567699432373,2.539630889892578,3.2110226154327397
5250,C4680CA604AB4B0BB9792EF2568E5455,3.571175098419189,3.794190645217896,4.601442813873291,3.77216911315918
5251,1803DDA99E534BC8B40B2F15A3DFD218,5.184764385223389,2.281264305114746,3.564161539077759,4.353052616119385
5252,462EB37F949045FCA9528F02AFFDA2EC,2.744282960891724,4.645780563354492,4.632692337036133,4.492486476898193
5253,A203BB9435704A2D8AD4D1C4D8C3AD1C,2.5282111167907715,3.749228000640869,4.027266979217529,4.378088474273682
5254,06BBF24C03A64E55BDE8CBEA1EB6DE03,5.716925621032715,5.428073406219482,2.18272066116333,4.912132740020752
5255,7621E550B2C543E193C57E9693D11181,2.8236544132232666,3.0636065006256104,3.727324962615967,3.302215337753296
5256,1A6C31F0B66C4D089E4C03C024F7F6D6,3.2825403213500977,3.921908378601074,5.284468173980713,4.760517120361328
5257,625A2852183B4EEF910FB0F317BC54BB,5.161302089691162,5.82240104675293,5.480080604553223,5.292544364929199
5258,508328B24EFB4DEBAA4AF1D0EDA479C6,5.042740821838379,4.5467376708984375,4.885501861572266,4.390678882598877
5259,03CA77327B5C48A78F80A6534C992D36,2.643641471862793,4.15098237991333,4.013006687164307,4.21442461013794
5260,8FAC28A2D7694DE0BBC3FCF3543A1042,5.671773910522461,5.689921855926514,5.614642143249512,5.264425277709961
5261,705AE8B61F6746F8B691B74413A212EC,5.045490741729736,3.420466661453247,4.007829666137695,3.4767274856567383
5262,D0BEDECCC6FB485C908A92D60B8AECE2,3.310532808303833,3.9425923824310303,4.140875339508057,3.499630689620972
5263,954227E3450D49339CDA0B57583E449A,4.421963214874268,4.82464075088501,5.6511006355285645,5.328047752380371
5264,567B82882A35454FB6E10CDB701FB056,2.608065605163574,3.1945929527282715,4.056523323059082,3.591196060180664
5265,576D7F41B6644A228BB18FD0AB94FDCF,3.330316066741944,4.17105770111084,5.009379386901856,3.744980812072754
5266,917E60FD47AD4F7CAB9584AF61D87D88,4.214595317840576,4.1990180015563965,4.822324275970459,5.284769058227539
5267,0B8559F4E73E445AABCFDB016A4A374F,5.670228481292725,5.643002986907959,5.744449138641357,4.79893970489502
5268,F33DBBDAAB02459B99BF8B119A96105E,2.877549409866333,4.976398468017578,5.38670015335083,4.94920539855957
5269,F0384787161A464CB5B850CE515D1B16,2.510918617248535,3.880466938018799,3.946927309036255,4.08420991897583
5270,9EAB63DDE3EB468FBE4556F77D77B575,5.745903968811035,5.869495868682861,5.902472496032715,5.289892673492432
5271,7C5D557790D84385864BB284938D4955,3.5461771488189697,4.473573207855225,4.998817920684815,2.80678391456604
5272,5FDD1125DA4E494CBAC21889589DED16,5.6007232666015625,5.744373798370361,1.2084962129592896,5.411888599395752
5273,E6D642BA3FE444DCB70BA3C2ADA4A10E,3.589057207107544,3.7385852336883545,4.375871658325195,4.57988166809082
5274,FE5215A81567489FBC60930236B1C65E,5.337850570678711,4.845791816711426,3.934834480285645,4.468801021575928
5275,E24387A1056D4190BE0F959ED25462CB,5.70546293258667,5.1965203285217285,5.866291046142578,5.003357887268066
5276,2EF8FCE305884704898D6557DC094F28,3.671903371810913,3.9944007396698,4.126041889190674,3.907400369644165
5277,02F69BEC8C634062B8BA9A11CD95D854,3.540422916412353,4.470353126525879,4.095973014831543,4.053852558135986
5278,FA0E0F86F34E473A93FB93446C719DBF,4.379979610443115,4.550441265106201,4.442028045654297,4.724754333496094
5279,01CB72D51A3A4E6DBAA7F3894205E895,4.140799045562744,5.107720851898193,5.559560298919678,4.556041240692139
5280,442A4DBB859746FE8F9EDBEB6AD1A519,2.195905923843384,2.825403213500977,2.859503984451294,2.6636803150177
5281,1280D8FDDBD640A3A700EDEA9451412B,5.677071571350098,5.174931526184082,5.8066487312316895,4.964601039886475
5283,BCF314F7D0574FCABF0DCAAC4F2045AC,5.802255630493164,5.939671516418457,5.815508365631104,5.4584174156188965
5284,C9BF53412788445E8DF6EA065AFFA0A6,3.298011779785156,4.219396114349365,4.033878326416016,3.3574700355529785
5285,547B9E32E9EE40F4AE18F7652C3D5B5C,5.760647773742676,5.737516403198242,5.7306742668151855,5.271622180938721
5288,1D915405B9A54AA9A75C608026E3E3CD,2.329261541366577,3.1887247562408447,3.414625883102417,3.1754965782165527
5290,CB5A34FA5236466ABFAFD21116280BF0,2.2871861457824707,3.552983283996582,3.3812003135681152,3.5590999126434326
5292,EBB7CFA48E0B429B986A48140B7A38C4,3.8940374851226807,5.002334117889404,4.855547428131104,4.602776050567627
5293,8BFBA32CB8FD4446A7FCA7A3BA551D9B,3.920720338821411,4.513242721557617,4.378183364868164,3.820833206176758
5294,FDE86FE9E3464F1488DADC1E10C73C83,3.534799337387085,4.570051670074463,4.8378496170043945,4.099396228790283
5295,E33BCFDCFB54482A9AB5822BDC4ADCC6,3.874564647674561,5.026876926422119,4.524990081787109,4.692347049713135
5296,370C0B06651E4C23AC8CD94C86B91E85,2.2146873474121094,3.22233510017395,3.294841766357422,2.709113359451294
5297,0B69C452EFFF4EA189BCD365119EFE15,5.583868503570557,4.645756721496582,5.478355884552002,5.265375137329102
5298,A337038A090547458FC0D162EFFD9BDC,4.435957431793213,4.617784023284912,3.918609380722046,4.251923084259033
5299,C00B7F79D4C944AABF7219589DDAB05A,4.563733577728272,5.046382427215576,4.627574920654297,4.982943058013916
5300,972F5FC312B54088BD1700B63688870E,3.7472546100616455,4.227570533752441,4.510269641876221,4.568737506866455
5301,9B04594D157B4238B6D29D87DBA83115,2.480640411376953,3.719409942626953,3.652221202850342,3.802576065063477
5302,1985A9BB450945ACAB74AE551F5F4855,4.571009159088135,4.683523178100586,4.256023406982422,4.856053829193115
5303,704EC4CF11FD450A95C57A0D8635261D,2.5014398097991943,3.7003769874572754,3.639038801193237,3.6831917762756343
5304,8647B6B17E1145EA97FD346D9B7EDAF5,4.155564308166504,4.660215854644775,4.237355709075928,4.370604515075684
5305,B08B6B2CA93349679E3D4F8A83AC45BB,5.46666431427002,5.506366729736328,2.71974778175354,4.741508483886719
5306,5E492745B3E04BF5B0C6B2287C271A69,5.809781551361084,5.761421203613281,5.917071342468262,5.470069408416748
5307,F335401F55B04FD4AB50BAC4C92432F5,5.204467296600342,4.615856647491455,1.5141793489456177,4.640812873840332
5309,C22F7D9519EE439CA81B55F9AC9E7E2C,3.712417125701904,4.888598918914795,4.564511299133301,4.082499027252197
5310,ABCBB9F2748C4AD4932C31B3D37B4BFD,2.555856704711914,2.473228454589844,3.8156042098999023,3.212834358215332
5311,D89794CDF79C4FEAAD00890102CE6449,4.728816509246826,4.865108966827393,4.00281286239624,4.434548854827881
5312,E489127E2C0940BAA636AB8FE989F42D,5.672863483428955,5.5024895668029785,5.291472911834717,5.128697872161865
5313,A0AF40BE5A6445B58B94C637229FFFB8,3.528557062149048,5.16761589050293,5.329946041107178,4.869192600250244
5315,5DD08083232345419941C0C1408696DB,5.275038242340088,,,5.275038242340088
5325,BEC6553BC21E4DBA82FF5FEFB9F8FFC2,2.07288122177124,,,2.07288122177124
5326,26784E6E5F4A464CA60AB5021596A8F1,1.728142261505127,,,1.7275737524032593
5329,D318DB20064E4F9C83C673D14F8CA03F,2.421638250350952,3.2008602619171143,3.612028121948242,3.0730690956115723
5334,4101536F44A04C539DD01006C3E1FF4F,1.0050595998764038,,,1.0050595998764038
5345,FA34CD4A2CFA4A01B96520AA7B9E89F2,1.1096807718276978,,,1.1096807718276978
5350,C838A1DC213A47F2BDD4320901238FD9,3.073930025100708,3.696795463562012,4.84765100479126,4.5660600662231445
5357,3E3E0CB0D90D4B86847327C4BB7FFD15,1.0050595998764038,,,1.0050595998764038
5379,3C2D5F4A00724069BEBA5DD222B8665B,1.0050595998764038,,,1.0050595998764038
5391,B39E6B514CA94087BF3F33943578B155,5.490661144256592,,,5.490661144256592
5394,623352108364417692BB785563EFA081,4.334349632263184,4.662777900695801,,4.743594169616699
5396,8A833D7BE10C46D6A74BFBB00AF80ADA,1.0050595998764038,,,1.0050595998764038
5399,06B98C806AF94461941A63BA4DFCDF03,5.663346767425537,,,5.663346767425537
5413,E4AA2713E85B44218945B12E27CB2643,4.969529151916504,5.257209300994873,5.122769832611084,5.162512302398682
5414,049734E259614A7AB8D2272D7744C2DF,2.2842347621917725,3.188025951385498,2.9528298377990723,3.2288076877593994
5415,F9BEECC96B984BB19331E0EEA3DB2771,2.854043245315552,4.068198204040527,4.753297805786133,4.144454002380371
5416,B4E22E3609DF42C08D79756A3454B6A6,3.3525547981262207,3.004011392593384,3.93522047996521,4.031702518463135
5417,99C3C375761A4434AF9A1FFCF9AD723B,3.111346960067749,3.746654987335205,4.023937225341797,3.58069920539856
5418,8F3CCD4D2C5C46F19799E4F9C300AD39,2.7758045196533203,3.310194253921509,3.9935576915740967,3.0337352752685547
5419,662F9702F17848188C63677451353225,4.416431427001953,4.501775741577148,4.741204738616943,3.874428987503052
5420,BEE923A7BE164DB186A0143410C010B3,3.702988386154175,3.6012487411499023,5.148078441619873,4.69212532043457
5421,9EB0772D53554FA28FEC53F2C150466F,3.8249144554138175,3.9891669750213614,5.066632270812988,4.608402729034424
5422,791BD40191724DF1B0E183D1A1FCD6D6,5.817531108856201,5.2392168045043945,5.425017833709717,5.23569917678833
5423,DD2A0EC3C3CB4CD8A396F4AF4794A87E,2.1411025524139404,2.837113618850708,3.98016881942749,3.40114688873291
5424,2836DD929EDB4032BED9E89365744F28,3.5000040531158447,4.092041015625,4.650812149047852,3.693654537200928
5425,6B477439D9B246879B6AE031CB2A14AA,4.9681396484375,5.243816375732422,5.104984760284424,5.190207004547119
5426,C4C8821A33A147A1A2B9C19923CAC295,3.6939210891723633,3.1883058547973637,3.5969724655151367,4.588418960571289
5427,AEEB643686F2465C9C25131ABF99A2BF,5.647411346435547,5.525346755981445,5.104892253875732,5.289229869842529
5429,56137B5BB1CB44DD94A3214A5AB94B1A,3.5427675247192383,3.0460522174835205,4.261269092559815,3.582582712173462
5430,CD9F525D78B147159AFC81C2BF67C1F8,2.313741683959961,3.541682720184326,3.650036573410034,3.4691860675811768
5431,4504F2F68B1B4EA09313AF20622892A4,3.2875185012817383,4.232346057891846,3.7036447525024414,4.026619911193848
5432,1EE9B1E9E0C44235AF03D01A174A18C5,3.617939949035645,4.339075088500977,3.782903671264648,2.715887546539306
5433,D25110E059924467BF2519091D6007BD,4.281198024749756,4.324085712432861,4.559787750244141,3.765658855438232
5434,98A3EE780A0A486D9D2F00FC163E2CD6,4.445503234863281,4.215071678161621,5.262371063232422,5.068346977233887
5435,D4724FCDB42F447D92D4F2FF874DF2A5,3.496210813522339,3.1626100540161133,3.797843456268311,3.7539076805114746
5436,FFC25194C04B4FBAA3C1E9947C2118D9,4.996674060821533,4.4941277503967285,4.671113967895508,4.360433101654053
5437,C862A5CF5FDA43BFAE57827FA1F9433B,3.3187899589538574,3.8608860969543457,4.121650218963623,3.286069393157959
5438,9216AB51166F43619C23598115937CC1,3.984433889389038,4.114015579223633,5.012559413909912,4.054671287536621
5439,EAFD5ABF76A34F6CA90400CE5B301578,5.432887554168701,3.9401137828826895,4.556301116943359,4.679136276245117
5440,D6A15B2FA41D4BE7862949A9E67C2A12,2.9042625427246094,3.76073956489563,3.889884471893311,3.861966848373413
5441,2FBAA71E562B44F59E5616673C37B70F,6.061624050140381,3.696391105651856,5.610401630401611,5.215258121490479
5443,C86235A87B3D463994BAD27C6259B250,2.3295931816101074,2.9145731925964355,4.352416515350342,3.5983893871307373
5444,4CF522A5ED484E9EA5DFEF6C1461D0E8,2.953901052474976,4.100827693939209,4.277929782867432,3.447481155395508
5445,523C6CDA9A294D988EBBF9EC2E7F714D,5.480711936950684,5.391568183898926,4.538998603820801,5.176202297210693
5446,039E107421874BA791EFF765928429C5,4.035314083099365,4.475820064544678,5.108246326446533,4.016567230224609
5447,68AE52DF98C44E0A9F6C0987FF3032C3,3.5042388439178467,3.5240638256073,4.354622840881348,4.624406814575195
5448,90A4FC6F57C4448593B7A6951CCDD36D,2.3855531215667725,3.8573598861694336,3.66007137298584,3.863433837890625
5449,36BC5324061D47F89FD0A0EDCBA61C13,3.5571694374084477,3.551552057266236,3.702493906021118,3.716290473937988
5450,09D69EFDCC544667B496DD8E75CF4EC2,2.208519697189331,3.77331018447876,3.3071537017822266,3.262861967086792
5451,759C33864BCD47028AE75781B05121B3,5.61438512802124,5.740932464599609,5.921545028686523,5.3126301765441895
5452,EFA1C7E685A3460BBE438855AFF5CE18,5.715455055236816,5.389648914337158,5.736454486846924,5.083705425262451
5453,7255EB8A9E794A6F8EDACE6D477045E6,3.213709831237793,3.312965154647827,4.149446487426758,4.1275553703308105
5454,8F964D815DE947CBB9BEFE134A8D3C59,4.139612197875977,3.900689125061035,4.651520729064941,4.557657241821289
5455,E769B916E2C24C4992A419B4423AC7AB,4.364555358886719,4.52208137512207,3.734380006790161,3.9019033908844
5456,93E2CFED68164DBFAF8C9EE0BE15CAAD,3.8077101707458496,3.6511292457580566,4.922081470489502,3.772305488586426
5457,EA585D19541C47009C5A85F75C70AE39,5.09638261795044,5.238737106323242,4.962508678436279,4.447454929351807
5459,B44DC75BF7E044F7A66DBFFA1EC9F692,4.100456237792969,4.135584354400635,3.576127290725708,4.113434314727783
5460,DEEB81D1725945B7AB9429E7BA31A5D6,2.171276807785034,3.1554245948791504,3.1244029998779297,3.2889082431793213
5461,6A5FDF06CA8B4FE7B05C106446690B25,2.715083360671997,3.43046236038208,4.129661560058594,4.127388000488281
5462,167F183F162F455882784CA4CAEBA8C2,2.8853976726531982,3.6734113693237305,4.031972408294678,3.79547119140625
5463,DB279AB2277346F586CBF93CEF1D9F2C,2.7611279487609863,3.187056541442871,4.080041408538818,3.675513029098511
5464,577E89BDF2FC4EED92C84DF58663F97C,5.024301528930664,4.706361770629883,4.466821193695068,4.062744140625
5465,05A0D32D60004012B4E9E9F7C6AC9E9C,4.488911151885986,4.932507514953613,4.833647727966309,3.860455274581909
5466,B2CF52613AA24081A89812190800FDBF,5.556995391845703,5.269100189208984,5.403928756713867,4.9149556159973145
5467,ED7A60B0117D4209894A70BBCB112560,3.041329860687256,4.048451900482178,4.991655349731445,4.383327960968018
5468,B7D21927472C45B3866D10E6FB320AB8,3.394031286239624,4.103697776794434,4.986282825469971,3.335554838180542
5469,D2FD8A004A6341F9B573F203D5F64C0F,5.50515079498291,5.58225679397583,4.945624351501465,5.18880033493042
5470,0446F349A5964682B208695E85157806,3.17836332321167,3.829780817031861,4.168496131896973,3.75411319732666
5471,5FBBC96F4DA94EEFBF1FCA4F75BF70B1,3.771376132965088,4.788810253143311,4.252096176147461,3.8432676792144775
5472,8E1A368751DA474180292C299E733D0B,5.171352863311768,5.425588607788086,5.372178554534912,5.167904853820801
5473,4FE4C712540741F193B5A86200578B11,2.6028051376342773,4.150444507598877,3.680533409118652,3.904694080352783
5482,8C302A854B604F8988F66DF4D33079FB,1.0050595998764038,,,1.0050595998764038
5496,5A78BC6594F84ADB8A721FE0A74DF84F,3.4358599185943604,4.344252109527588,4.88427734375,4.632073879241943
5497,82EC98C47EC04FC0861BECD187295BE2,2.4776597023010254,3.154200792312622,3.2925472259521484,3.834497213363648
5498,A435FD8138404717B388DBF5B1681D23,3.4610579013824463,3.91129994392395,4.563344478607178,3.889045238494873
5499,7F9ABC9A201D472780603DFDD676E782,2.353778123855591,4.361599922180176,3.8792803287506095,3.1606645584106445
5500,BE198E29931A42EB94D2F27DEC6DAA3A,5.581015586853027,5.660981178283691,2.327167272567749,5.305078983306885
5501,0C14518F6C034C4692FC422723D757D1,2.943758010864258,3.560657501220703,3.9342217445373535,3.4165704250335693
5502,12A06FBAC02B43F3A1D678274F40E3A0,3.345109462738037,3.769531726837158,4.602322101593018,3.7105612754821777
5503,F2E00CD3924E4A17917E2E3DC5BF0C65,3.784395694732666,4.17984676361084,4.435254096984863,4.320459842681885
5504,BB4425B8968743B58AB851EB0E2A9FA9,2.9536519050598145,4.71311092376709,5.308891773223877,4.186511039733887
5505,09ACEC563ABC424BA9B71481D572E6EB,3.540692090988159,4.42439079284668,3.803719520568848,3.7010066509246826
5506,A79A7D2987AD491684A0CA93F51500F6,5.857742786407471,5.795113563537598,5.809939384460449,5.221151351928711
5507,453E86B908EC42BC9F7615D2F92E7E93,5.718773365020752,4.925133228302002,4.006638526916504,5.182603359222412
5508,23B15143C4924D5FB068212159B59EDF,3.6120238304138175,3.466860294342041,3.994842529296875,3.5656142234802246
5509,51F85FF6DEAC4A17B4437C326BC61169,4.6000285148620605,4.614909648895264,5.0487589836120605,4.221229076385498
5511,6E4739172E204F75ADC43F68717153E7,2.257084369659424,3.133514404296875,3.9143941402435294,3.716487169265747
5512,2A1A53D9701045558151E6DEDF343BC9,2.9379682540893555,4.827272891998291,4.894155502319336,5.08469820022583
5513,2336B2B4B8B14A59B19D073F0D0C9F56,3.6005845069885254,3.730459213256836,4.312762260437012,3.5072412490844727
5515,A65B0B83594D4AB6A3FC8DDA3624FC5D,3.0145277976989746,3.8149142265319824,4.636607646942139,3.609565973281861
5517,355FD73BD50C41A38E8FC172C3029544,4.792879581451416,5.118918895721436,4.535689830780029,4.324572563171387
5518,5643C7EAD53A4618B90AF46818BDADC7,3.5490338802337646,4.637579441070557,4.311030387878418,3.718908071517944
5519,4F1B972C040C4276B96702FB7B032E2A,5.381307601928711,5.474954605102539,4.349039077758789,5.001039981842041
5520,442A496F82B142BD80021310AE144EA7,3.620397329330444,4.019109725952148,4.550455570220947,4.117953300476074
5521,C3009DA836044AF98BAE742776645F13,5.329465389251709,5.864461898803711,5.095415592193604,5.006191730499268
5522,3EAD4F4A9B3C4A17AA1AA1FB7E4EFE30,5.63302755355835,5.128598690032959,5.633200645446777,5.127442836761475
5523,75B699C5D6564DDD8BE5AFE1FE152267,3.008086919784546,4.344502925872803,4.685956954956055,4.028033256530762
5525,7B0FD2ADF3C64FCA9FE5F0509B1F759B,5.735902786254883,5.581986904144287,5.476005554199219,4.97246789932251
5526,757649A93CB94B75A0161FD02A0BD864,3.176851987838745,3.5604372024536133,4.024055004119873,4.24373197555542
5528,754DF944F3434A77B849E009A5D668C9,5.354092597961426,1.1875792741775513,1.4124311208724976,4.541706085205078
5529,A4FBDE8264E2462C9C1493A88B665061,4.07566499710083,3.960147619247437,4.552252292633057,4.5141191482543945
5530,EAF09BEE98BE4DBB854786B5248F20E5,3.2450976371765137,3.5923140048980717,3.295083999633789,3.730188369750977
5531,A8C8741BCF3A4E5C8FCC16F930D06FEA,4.021783351898193,4.846712589263916,4.694584846496582,4.375607013702393
5533,083B1963D5A84D4AA0E7F465284049C5,5.46091890335083,5.435134410858154,5.289039611816406,5.078698635101318
5534,F787DFF35667468D8668D776F552B56B,3.717164039611816,3.65550708770752,4.332831382751465,3.791504383087158
5535,3BFB5D6B26CF4AA2AF6071C252598B9E,2.4028313159942627,3.200968980789185,3.782771110534668,3.1850008964538574
5536,52F21B0001B04D9BADE6BEA0550B5468,4.194060802459717,4.672720432281494,5.262246131896973,3.701930522918701
5537,C1522230E52745FABBF8515069747001,5.863748550415039,4.93461275100708,4.018418788909912,5.343505382537842
5538,745CF570B3914D5EBAD386776773C469,5.118844032287598,4.795147895812988,4.505422592163086,5.138213634490967
5539,714485473FFA48F69AE7FDDA17CA231C,5.373147964477539,4.479855537414551,4.315515995025635,4.864932537078857
5540,494A4300E2F54EFCBE892EDE8799C69C,3.417149543762207,4.190587043762207,3.687166690826416,3.581830739974976
5541,C8FE9659987D45BEB51AE883528C5534,3.717086315155029,3.8555729389190674,5.09183406829834,4.714898586273193
5542,2651510586E94B65901E55227215743A,4.966549396514893,4.772751331329346,4.182354927062988,4.314327239990234
5543,678C8BA851524B3BB77BA63C400DA3ED,3.736781597137451,4.792292594909668,5.563988208770752,4.6101908683776855
5544,F2677A34071A4B648B37954EDD3A959D,5.750241279602051,2.84790587425232,3.117433547973633,4.992324352264404
5545,A13DB6E8628B44B4B5DF82B5032D6B34,3.582420825958252,4.514071464538574,4.962377548217773,3.58827543258667
5546,B2A2ADCC8DA641E2B7F2162532EB402A,5.666012287139893,5.756585121154785,5.681287288665772,5.286148548126221
5547,2B21B7636CAD4FE3B5E616714E830F53,2.2124288082122803,3.643747329711914,3.7499165534973145,2.921072006225586
5548,5E946D3F85BA47D9AA7658564831039D,3.3851101398468018,3.04688572883606,3.94855546951294,3.6894662380218506
5549,0E80AA2748AF4B138DE9EDCF16FF5876,5.310737609863281,5.516594886779785,5.507273197174072,4.870138168334961
5550,3A5A30719AF341278B88A7CC3F2B118A,5.635023593902588,5.310695171356201,4.901628494262695,5.237910747528076
5552,EC7ABA5A44CB4DEAB5ED3305123D9206,2.654987096786499,3.702306985855103,4.024413108825684,2.1811165809631348
5553,9F7A9B9C45AD4C0A998D2B2701AACE6F,5.476409435272217,5.391885757446289,5.67133378982544,5.34060001373291
5554,53EC3537DE064146935AEB7AF294D0FC,2.574014902114868,2.7973945140838623,3.7372522354125977,4.0734639167785645
5555,91E86169A89642D5A311888077473AE7,3.056747436523437,4.115585803985596,4.44574785232544,3.68410325050354
5556,80CBF35491AE43E0B420E694500ACA84,5.152788639068604,3.9507224559783936,4.187934398651123,4.760265350341797
5559,3B54AA1060CC454F82E04F6CFBC6ECAD,2.7848751544952397,4.033605098724365,4.838654518127441,3.753934144973755
5560,2447EDCCADFE42F689291E5BF95E7FD0,5.391605377197266,5.058321475982666,4.635545253753662,4.843048095703125
5561,0CDB6846CCF84D4EB74B6669E59F9CE9,3.487668514251709,3.909792184829712,3.9054532051086426,4.632007598876953
5562,21727F7DC5354EDCA80C499E02C4E3A9,2.2234935760498047,3.3638782501220703,4.119465351104736,3.8405892848968506
5563,047E92C3239C4755A76CB8CFC546BF6C,5.545548915863037,5.582000255584717,5.871689319610596,5.1351165771484375
5564,14262C188767498FBC2189CAD3C0755D,3.121591567993164,3.9576802253723145,3.7545228004455566,3.767784833908081
5565,9B26B8D7E978481BA88EB1816CD50BB3,2.837045669555664,3.001512050628662,4.260879993438721,3.714834690093994
5566,D750FA1C2DAA4EB58460A5CB61135D75,3.250835418701172,3.092844247817993,3.55854606628418,3.8689286708831783
5567,327B7D78DA5845EFAE41DE3F0A8269A5,4.27396821975708,4.877700328826904,4.060535430908203,4.057179927825928
5568,CB4D4CD5E7354B1CA41929C8C8E5E8D3,2.5770153999328613,3.6974635124206543,3.656252145767212,3.334888458251953
5569,C631D309E0AE45E3A237144F9559B937,3.296835422515869,3.8368325233459473,3.4003117084503174,4.073212623596191
5570,66A7A11A705944A7908EF734EAFAE1CB,4.206820011138916,4.323171138763428,5.279698848724365,4.479678630828857
5571,29451EA5E5784CE7A3A2DCD48A9DC80C,5.428202152252197,5.869882583618164,5.434780597686768,4.947846412658691
5572,01A1261072B54C388202FE35CED5769E,3.2116851806640625,4.956644058227539,4.811252593994141,4.638521671295166
5573,3249A7BD96A340AC98FFC864F3C626C6,2.597674608230591,3.079987049102783,3.2176012992858887,3.05276870727539
5574,838105A5B5034120951E1A5F0AECEE4E,4.279512405395508,4.991310119628906,4.796956062316895,3.82203221321106
5575,39AB00E73DC04B209BAD7CA976C57FFD,5.724804401397705,5.937538623809815,5.816591739654541,5.290515899658203
5576,95AC4DE32D7E46E49EAA7BA842B23B5A,5.302789211273193,5.057973861694336,5.757380962371826,4.793708324432373
5577,E6300705A187412FB62D58274193B766,2.657383918762207,2.7841696739196777,3.532132148742676,2.827235698699951
5579,E682C2B30A144B14929B0B2D7C01E7D3,3.512802124023437,4.468785285949707,4.85582160949707,4.158684253692627
5580,BF7C68F80CF74FA2BA25B610C9BFC864,3.569672107696533,4.086239337921143,4.035317420959473,3.4894251823425293
5581,4C2650ABB544412EA781DC835F694E55,4.539186000823975,4.578976631164551,3.963094472885132,4.822674751281738
5584,1C701F03A34643B39ACFD7B07D8F862B,3.7441370487213135,5.105029106140137,3.896678686141968,4.084908485412598
5585,4EDB01F886EB4B80A31521AF5C1BF2F5,1.0050595998764038,,,1.0050595998764038
5591,998DC8E98EC14211B82D53C27F55DF93,1.0050595998764038,,,1.0050595998764038
5602,A4634667043F492A993D08B6484090E5,2.047215223312378,3.5823769569396973,3.789894819259644,2.914590835571289
5604,E03F0E6A519D4A0B986D8D618A30BCA6,5.555616855621338,3.417009115219116,1.1205724477767944,4.732680797576904
5605,2A7E2B339E2B4E3C82FA88D0A979CB07,4.204656600952148,4.782895088195801,4.466391086578369,4.373777866363525
5606,3F36A504527C4AC7A277741535C8384B,4.07209587097168,4.776722431182861,5.036384582519531,3.9748027324676514
5607,06D0A0B7823B4E6BBFEFA270E8EEB2F7,2.1718246936798096,3.806333065032959,3.443955183029175,3.728670358657837
5608,70C4307BFA6748DF88672E1C835B12FE,5.324707508087158,3.201976776123047,2.4331603050231934,4.982158184051514
5609,2B9A44D5789C4EC58BC98655463730DA,3.903404474258423,4.879206657409668,4.67584228515625,3.887711524963379
5610,BF3141D70E89476EB764B7161B63A2CF,5.8355817794799805,4.550230026245117,5.3704094886779785,5.742890357971191
5611,F090B1982D084DA2AFA17A23A38ABBEE,2.47194242477417,4.014841079711914,3.107527494430542,4.507063865661621
5612,50495FBC2B5E49F48AECF4C929B018C8,3.8403568267822266,4.272446632385254,4.944565773010254,4.538321971893311
5613,543DF6EA7DD6462EBEA33AE6331211DC,2.4709677696228027,3.1573727130889893,3.9454963207244873,3.21509051322937
5614,8E1272409CF642F5AB2F9D4E6224DF9A,4.163321971893311,4.327157974243164,4.14200496673584,4.755082607269287
5615,8A63A8C08763428BAA893CCF23D7DFEB,3.3344788551330566,3.3119988441467285,3.427135944366455,3.248314619064331
5616,75AC44036CD64A3382D355AC60E8F71F,5.512859344482422,5.681283473968506,5.619241237640381,4.103984832763672
5617,3D9847E1DD6C41FB92F1F1C1EAD5EBC5,5.343871116638184,4.129955291748047,5.072385311126709,5.098868846893311
5618,A80BB52EAF9C4B309F6DCA5F17D27C4F,5.244633674621582,3.88206148147583,4.879244804382324,4.075830936431885
5619,873A15F13B55491394C38AE3FD50DEA2,4.006111145019531,4.7000508308410645,3.980741262435913,3.88821005821228
5620,C869273164954832A65B8D74AF83B272,3.4650213718414307,3.261904716491699,3.532132625579834,3.3321752548217773
5621,E4745FD784C64CE49315DA8B3022C97B,5.600560188293457,5.290651321411133,5.779989242553711,5.364616394042969
5622,4396202DACA64F4292B87E7CCA144B41,5.1099042892456055,5.709272384643555,5.34848690032959,5.34771728515625
5623,68112AFABF74425F89F28C0B8E848D7A,2.435577392578125,3.788351774215698,3.551863670349121,3.4078118801116943
5624,51F0036AB7D14BC8BEF1582B1ABD5D30,3.957477331161499,5.114622116088867,4.377650737762451,4.528343677520752
5625,AA5AF0DB305C437F9FBC60891AF77740,5.290646076202393,5.510976314544678,5.724115371704102,5.294663906097412
5626,B8837FA27F2A469DB352A42C963C3223,5.468538761138916,5.847203731536865,3.5878281593322754,5.188835620880127
5627,EDE126E2785C444FB2A5C7D816D77CCD,3.915800094604492,4.328595161437988,5.139394283294678,4.333337783813477
5628,5C4237C0E9244D8B9BB2DFFC1A8A2D93,5.647693157196045,5.277932643890381,5.025516986846924,4.32248067855835
5629,2D110C8A670E4DF0811C6FC010AF6635,5.822676181793213,4.113656520843506,3.344431161880493,5.336879253387451
5630,94002FE2DB674B079169628561CBE7D4,3.480365514755249,4.189137935638428,3.845953702926636,3.6342270374298096
5631,F0F451F8A03E4C82A59CC315A08289D4,2.8542962074279785,3.893709182739258,5.147815227508545,3.203714609146118
5632,499D829155574893B41A59D5B6D0081A,4.772107124328613,5.321229934692383,5.370071887969971,5.223661422729492
5633,F274ED1BE21549FE9BCE3616803F4360,4.870481967926025,4.8448686599731445,5.153521537780762,4.106385707855225
5634,5227792AC8DE4932B94185303450E897,3.921113014221192,4.155726432800293,4.20499324798584,3.607928514480591
5635,6C6C309D534C44A9B606E29397EBAB1D,4.459636688232422,4.53522539138794,4.395809173583984,4.1943678855896
5639,A30CFB63665A497D989A61F032923E41,2.3094584941864014,3.802757978439331,,3.9420669078826895
5646,45E4B88B36794384A16F8257D0541973,5.81364631652832,5.785531520843506,5.882337093353272,5.158260822296143
